agent,choice_payload,choice_type,coh,dz_1mcos,dz_l2,error,judge_score,mask_size,persona_norm,phase,phase_code,policy,role,role_score,round,run_id,safety,seed,speaker_mode,target,target_is_wolf,truth
Agent_0,3,TALK_INTENT,,,,,,,0.39172276854515076,DAY_DISCUSS,0,,Worker,,1,run_1785018814_4eedf7,,1337004012,disabled,,,
Agent_1,3,TALK_INTENT,,,,,,,0.21732454001903534,DAY_DISCUSS,0,,Worker,,1,run_1785018814_4eedf7,,1337004012,disabled,,,
Agent_2,2,TALK_INTENT,,,,,,,0.4317970275878906,DAY_DISCUSS,0,,Werewolf,,1,run_1785018814_4eedf7,,1337004012,disabled,,,
Agent_3,2,TALK_INTENT,,,,,,,0.1720457375049591,DAY_DISCUSS,0,,Worker,,1,run_1785018814_4eedf7,,1337004012,disabled,,,
Agent_4,4,TALK_INTENT,,,,,,,0.2702183127403259,DAY_DISCUSS,0,,Werewolf,,1,run_1785018814_4eedf7,,1337004012,disabled,,,
Agent_5,3,TALK_INTENT,,,,,,,0.35103756189346313,DAY_DISCUSS,0,,Worker,,1,run_1785018814_4eedf7,,1337004012,disabled,,,
Agent_6,1,TALK_INTENT,,,,,,,0.11660865694284439,DAY_DISCUSS,0,,Worker,,1,run_1785018814_4eedf7,,1337004012,disabled,,,
Agent_7,4,TALK_INTENT,,,,,,,0.22779437899589539,DAY_DISCUSS,0,,Worker,,1,run_1785018814_4eedf7,,1337004012,disabled,,,
Agent_8,2,TALK_INTENT,,,,,,,0.19525566697120667,DAY_DISCUSS,0,,Worker,,1,run_1785018814_4eedf7,,1337004012,disabled,,,
Agent_0,2,TALK_INTENT,,,,,,,0.39172276854515076,DAY_DISCUSS,0,,Worker,,1,run_1785018814_4eedf7,,1337004012,disabled,,,
Agent_1,3,TALK_INTENT,,,,,,,0.21732454001903534,DAY_DISCUSS,0,,Worker,,1,run_1785018814_4eedf7,,1337004012,disabled,,,
Agent_2,2,TALK_INTENT,,,,,,,0.4317970275878906,DAY_DISCUSS,0,,Werewolf,,1,run_1785018814_4eedf7,,1337004012,disabled,,,
Agent_3,3,TALK_INTENT,,,,,,,0.1720457375049591,DAY_DISCUSS,0,,Worker,,1,run_1785018814_4eedf7,,1337004012,disabled,,,
Agent_4,4,TALK_INTENT,,,,,,,0.2702183127403259,DAY_DISCUSS,0,,Werewolf,,1,run_1785018814_4eedf7,,1337004012,disabled,,,
Agent_5,0,TALK_INTENT,,,,,,,0.35103756189346313,DAY_DISCUSS,0,,Worker,,1,run_1785018814_4eedf7,,1337004012,disabled,,,
Agent_6,2,TALK_INTENT,,,,,,,0.11660865694284439,DAY_DISCUSS,0,,Worker,,1,run_1785018814_4eedf7,,1337004012,disabled,,,
Agent_7,3,TALK_INTENT,,,,,,,0.22779437899589539,DAY_DISCUSS,0,,Worker,,1,run_1785018814_4eedf7,,1337004012,disabled,,,
Agent_8,2,TALK_INTENT,,,,,,,0.19525566697120667,DAY_DISCUSS,0,,Worker,,1,run_1785018814_4eedf7,,1337004012,disabled,,,
Agent_0,7,VOTE_TARGET,,0.004861,0.043054,judge_disabled,,8,0.39172276854515076,DAY_VOTE,1,,Worker,,1,run_1785018814_4eedf7,,1337004012,disabled,Agent_7,0,
Agent_1,0,VOTE_TARGET,,0.000476,0.013384,judge_disabled,,8,0.21732454001903534,DAY_VOTE,1,,Worker,,1,run_1785018814_4eedf7,,1337004012,disabled,Agent_0,0,
Agent_2,8,VOTE_TARGET,,0.000519,0.014074,judge_disabled,,8,0.4317970275878906,DAY_VOTE,1,,Werewolf,,1,run_1785018814_4eedf7,,1337004012,disabled,Agent_8,0,
Agent_3,7,VOTE_TARGET,,0.000509,0.013826,judge_disabled,,8,0.1720457375049591,DAY_VOTE,1,,Worker,,1,run_1785018814_4eedf7,,1337004012,disabled,Agent_7,0,
Agent_4,8,VOTE_TARGET,,0.000390,0.012547,judge_disabled,,8,0.2702183127403259,DAY_VOTE,1,,Werewolf,,1,run_1785018814_4eedf7,,1337004012,disabled,Agent_8,0,
Agent_5,7,VOTE_TARGET,,0.000458,0.013703,judge_disabled,,8,0.35103756189346313,DAY_VOTE,1,,Worker,,1,run_1785018814_4eedf7,,1337004012,disabled,Agent_7,0,
Agent_6,7,VOTE_TARGET,,0.000370,0.012424,judge_disabled,,8,0.11660865694284439,DAY_VOTE,1,,Worker,,1,run_1785018814_4eedf7,,1337004012,disabled,Agent_7,0,
Agent_7,0,VOTE_TARGET,,0.005043,0.043640,judge_disabled,,8,0.22779437899589539,DAY_VOTE,1,,Worker,,1,run_1785018814_4eedf7,,1337004012,disabled,Agent_0,0,
Agent_8,0,VOTE_TARGET,,0.000460,0.013201,judge_disabled,,8,0.19525566697120667,DAY_VOTE,1,,Worker,,1,run_1785018814_4eedf7,,1337004012,disabled,Agent_0,0,
Agent_2,0,KILL_TARGET,,,,,,6,0.4317970275878906,NIGHT_KILL,2,,Werewolf,,1,run_1785018814_4eedf7,,1337004012,disabled,,,
Agent_1,2,TALK_INTENT,,,,,,,0.21732454001903534,DAY_DISCUSS,0,,Worker,,2,run_1785018814_4eedf7,,1337004012,disabled,,,
Agent_2,3,TALK_INTENT,,,,,,,0.4317970275878906,DAY_DISCUSS,0,,Werewolf,,2,run_1785018814_4eedf7,,1337004012,disabled,,,
Agent_3,1,TALK_INTENT,,,,,,,0.1720457375049591,DAY_DISCUSS,0,,Worker,,2,run_1785018814_4eedf7,,1337004012,disabled,,,
Agent_4,2,TALK_INTENT,,,,,,,0.2702183127403259,DAY_DISCUSS,0,,Werewolf,,2,run_1785018814_4eedf7,,1337004012,disabled,,,
Agent_5,4,TALK_INTENT,,,,,,,0.35103756189346313,DAY_DISCUSS,0,,Worker,,2,run_1785018814_4eedf7,,1337004012,disabled,,,
Agent_6,1,TALK_INTENT,,,,,,,0.11660865694284439,DAY_DISCUSS,0,,Worker,,2,run_1785018814_4eedf7,,1337004012,disabled,,,
Agent_8,0,TALK_INTENT,,,,,,,0.19525566697120667,DAY_DISCUSS,0,,Worker,,2,run_1785018814_4eedf7,,1337004012,disabled,,,
Agent_1,3,TALK_INTENT,,,,,,,0.21732454001903534,DAY_DISCUSS,0,,Worker,,2,run_1785018814_4eedf7,,1337004012,disabled,,,
Agent_2,3,TALK_INTENT,,,,,,,0.4317970275878906,DAY_DISCUSS,0,,Werewolf,,2,run_1785018814_4eedf7,,1337004012,disabled,,,
Agent_3,2,TALK_INTENT,,,,,,,0.1720457375049591,DAY_DISCUSS,0,,Worker,,2,run_1785018814_4eedf7,,1337004012,disabled,,,
Agent_4,4,TALK_INTENT,,,,,,,0.2702183127403259,DAY_DISCUSS,0,,Werewolf,,2,run_1785018814_4eedf7,,1337004012,disabled,,,
Agent_5,2,TALK_INTENT,,,,,,,0.35103756189346313,DAY_DISCUSS,0,,Worker,,2,run_1785018814_4eedf7,,1337004012,disabled,,,
Agent_6,0,TALK_INTENT,,,,,,,0.11660865694284439,DAY_DISCUSS,0,,Worker,,2,run_1785018814_4eedf7,,1337004012,disabled,,,
Agent_8,0,TALK_INTENT,,,,,,,0.19525566697120667,DAY_DISCUSS,0,,Worker,,2,run_1785018814_4eedf7,,1337004012,disabled,,,
Agent_1,5,VOTE_TARGET,,0.004802,0.042565,judge_disabled,,6,0.21732454001903534,DAY_VOTE,1,,Worker,,2,run_1785018814_4eedf7,,1337004012,disabled,Agent_5,0,
Agent_2,8,VOTE_TARGET,,0.000517,0.014065,judge_disabled,,6,0.4317970275878906,DAY_VOTE,1,,Werewolf,,2,run_1785018814_4eedf7,,1337004012,disabled,Agent_8,0,
Agent_3,5,VOTE_TARGET,,0.000504,0.013785,judge_disabled,,6,0.1720457375049591,DAY_VOTE,1,,Worker,,2,run_1785018814_4eedf7,,1337004012,disabled,Agent_5,0,
Agent_4,8,VOTE_TARGET,,0.000386,0.012511,judge_disabled,,6,0.2702183127403259,DAY_VOTE,1,,Werewolf,,2,run_1785018814_4eedf7,,1337004012,disabled,Agent_8,0,
Agent_5,6,VOTE_TARGET,,0.005259,0.043980,judge_disabled,,6,0.35103756189346313,DAY_VOTE,1,,Worker,,2,run_1785018814_4eedf7,,1337004012,disabled,Agent_6,0,
Agent_6,5,VOTE_TARGET,,0.000367,0.012401,judge_disabled,,6,0.11660865694284439,DAY_VOTE,1,,Worker,,2,run_1785018814_4eedf7,,1337004012,disabled,Agent_5,0,
Agent_8,5,VOTE_TARGET,,0.000458,0.013185,judge_disabled,,6,0.19525566697120667,DAY_VOTE,1,,Worker,,2,run_1785018814_4eedf7,,1337004012,disabled,Agent_5,0,
Agent_2,1,KILL_TARGET,,,,,,4,0.4317970275878906,NIGHT_KILL,2,,Werewolf,,2,run_1785018814_4eedf7,,1337004012,disabled,,,
Agent_2,2,TALK_INTENT,,,,,,,0.4317970275878906,DAY_DISCUSS,0,,Werewolf,,3,run_1785018814_4eedf7,,1337004012,disabled,,,
Agent_3,3,TALK_INTENT,,,,,,,0.1720457375049591,DAY_DISCUSS,0,,Worker,,3,run_1785018814_4eedf7,,1337004012,disabled,,,
Agent_4,3,TALK_INTENT,,,,,,,0.2702183127403259,DAY_DISCUSS,0,,Werewolf,,3,run_1785018814_4eedf7,,1337004012,disabled,,,
Agent_6,0,TALK_INTENT,,,,,,,0.11660865694284439,DAY_DISCUSS,0,,Worker,,3,run_1785018814_4eedf7,,1337004012,disabled,,,
Agent_8,1,TALK_INTENT,,,,,,,0.19525566697120667,DAY_DISCUSS,0,,Worker,,3,run_1785018814_4eedf7,,1337004012,disabled,,,
Agent_2,0,TALK_INTENT,,,,,,,0.4317970275878906,DAY_DISCUSS,0,,Werewolf,,3,run_1785018814_4eedf7,,1337004012,disabled,,,
Agent_3,2,TALK_INTENT,,,,,,,0.1720457375049591,DAY_DISCUSS,0,,Worker,,3,run_1785018814_4eedf7,,1337004012,disabled,,,
Agent_4,4,TALK_INTENT,,,,,,,0.2702183127403259,DAY_DISCUSS,0,,Werewolf,,3,run_1785018814_4eedf7,,1337004012,disabled,,,
Agent_6,2,TALK_INTENT,,,,,,,0.11660865694284439,DAY_DISCUSS,0,,Worker,,3,run_1785018814_4eedf7,,1337004012,disabled,,,
Agent_8,3,TALK_INTENT,,,,,,,0.19525566697120667,DAY_DISCUSS,0,,Worker,,3,run_1785018814_4eedf7,,1337004012,disabled,,,
Agent_2,8,VOTE_TARGET,,0.000520,0.014119,judge_disabled,,4,0.4317970275878906,DAY_VOTE,1,,Werewolf,,3,run_1785018814_4eedf7,,1337004012,disabled,Agent_8,0,
Agent_3,6,VOTE_TARGET,,0.005120,0.044050,judge_disabled,,4,0.1720457375049591,DAY_VOTE,1,,Worker,,3,run_1785018814_4eedf7,,1337004012,disabled,Agent_6,0,
Agent_4,8,VOTE_TARGET,,0.000372,0.012300,judge_disabled,,4,0.2702183127403259,DAY_VOTE,1,,Werewolf,,3,run_1785018814_4eedf7,,1337004012,disabled,Agent_8,0,
Agent_6,3,VOTE_TARGET,,0.000355,0.012252,judge_disabled,,4,0.11660865694284439,DAY_VOTE,1,,Worker,,3,run_1785018814_4eedf7,,1337004012,disabled,Agent_3,0,
Agent_8,6,VOTE_TARGET,,0.000457,0.013188,judge_disabled,,4,0.19525566697120667,DAY_VOTE,1,,Worker,,3,run_1785018814_4eedf7,,1337004012,disabled,Agent_6,0,
Agent_2,3,KILL_TARGET,,,,,,3,0.4317970275878906,NIGHT_KILL,2,,Werewolf,,3,run_1785018814_4eedf7,,1337004012,disabled,,,
Agent_0,1,TALK_INTENT,,,,,,,0.39172276854515076,DAY_DISCUSS,0,,Worker,,1,run_1785018819_536504,,1337013985,disabled,,,
Agent_1,2,TALK_INTENT,,,,,,,0.21732454001903534,DAY_DISCUSS,0,,Worker,,1,run_1785018819_536504,,1337013985,disabled,,,
Agent_2,4,TALK_INTENT,,,,,,,0.4317970275878906,DAY_DISCUSS,0,,Worker,,1,run_1785018819_536504,,1337013985,disabled,,,
Agent_3,3,TALK_INTENT,,,,,,,0.1720457375049591,DAY_DISCUSS,0,,Worker,,1,run_1785018819_536504,,1337013985,disabled,,,
Agent_4,4,TALK_INTENT,,,,,,,0.2702183127403259,DAY_DISCUSS,0,,Werewolf,,1,run_1785018819_536504,,1337013985,disabled,,,
Agent_5,2,TALK_INTENT,,,,,,,0.35103756189346313,DAY_DISCUSS,0,,Werewolf,,1,run_1785018819_536504,,1337013985,disabled,,,
Agent_6,0,TALK_INTENT,,,,,,,0.11660865694284439,DAY_DISCUSS,0,,Worker,,1,run_1785018819_536504,,1337013985,disabled,,,
Agent_7,0,TALK_INTENT,,,,,,,0.22779437899589539,DAY_DISCUSS,0,,Worker,,1,run_1785018819_536504,,1337013985,disabled,,,
Agent_8,1,TALK_INTENT,,,,,,,0.19525566697120667,DAY_DISCUSS,0,,Worker,,1,run_1785018819_536504,,1337013985,disabled,,,
Agent_0,3,TALK_INTENT,,,,,,,0.39172276854515076,DAY_DISCUSS,0,,Worker,,1,run_1785018819_536504,,1337013985,disabled,,,
Agent_1,3,TALK_INTENT,,,,,,,0.21732454001903534,DAY_DISCUSS,0,,Worker,,1,run_1785018819_536504,,1337013985,disabled,,,
Agent_2,4,TALK_INTENT,,,,,,,0.4317970275878906,DAY_DISCUSS,0,,Worker,,1,run_1785018819_536504,,1337013985,disabled,,,
Agent_3,2,TALK_INTENT,,,,,,,0.1720457375049591,DAY_DISCUSS,0,,Worker,,1,run_1785018819_536504,,1337013985,disabled,,,
Agent_4,1,TALK_INTENT,,,,,,,0.2702183127403259,DAY_DISCUSS,0,,Werewolf,,1,run_1785018819_536504,,1337013985,disabled,,,
Agent_5,1,TALK_INTENT,,,,,,,0.35103756189346313,DAY_DISCUSS,0,,Werewolf,,1,run_1785018819_536504,,1337013985,disabled,,,
Agent_6,2,TALK_INTENT,,,,,,,0.11660865694284439,DAY_DISCUSS,0,,Worker,,1,run_1785018819_536504,,1337013985,disabled,,,
Agent_7,0,TALK_INTENT,,,,,,,0.22779437899589539,DAY_DISCUSS,0,,Worker,,1,run_1785018819_536504,,1337013985,disabled,,,
Agent_8,2,TALK_INTENT,,,,,,,0.19525566697120667,DAY_DISCUSS,0,,Worker,,1,run_1785018819_536504,,1337013985,disabled,,,
Agent_0,7,VOTE_TARGET,,0.000523,0.013620,judge_disabled,,8,0.39172276854515076,DAY_VOTE,1,,Worker,,1,run_1785018819_536504,,1337013985,disabled,Agent_7,0,
Agent_1,7,VOTE_TARGET,,0.000492,0.013562,judge_disabled,,8,0.21732454001903534,DAY_VOTE,1,,Worker,,1,run_1785018819_536504,,1337013985,disabled,Agent_7,0,
Agent_2,7,VOTE_TARGET,,0.000427,0.012298,judge_disabled,,8,0.4317970275878906,DAY_VOTE,1,,Worker,,1,run_1785018819_536504,,1337013985,disabled,Agent_7,0,
Agent_3,7,VOTE_TARGET,,0.000625,0.015014,judge_disabled,,8,0.1720457375049591,DAY_VOTE,1,,Worker,,1,run_1785018819_536504,,1337013985,disabled,Agent_7,0,
Agent_4,1,VOTE_TARGET,,0.000546,0.013958,judge_disabled,,8,0.2702183127403259,DAY_VOTE,1,,Werewolf,,1,run_1785018819_536504,,1337013985,disabled,Agent_1,0,
Agent_5,1,VOTE_TARGET,,0.000473,0.012973,judge_disabled,,8,0.35103756189346313,DAY_VOTE,1,,Werewolf,,1,run_1785018819_536504,,1337013985,disabled,Agent_1,0,
Agent_6,7,VOTE_TARGET,,0.004092,0.038181,judge_disabled,,8,0.11660865694284439,DAY_VOTE,1,,Worker,,1,run_1785018819_536504,,1337013985,disabled,Agent_7,0,
Agent_7,5,VOTE_TARGET,,0.005278,0.043345,judge_disabled,,8,0.22779437899589539,DAY_VOTE,1,,Worker,,1,run_1785018819_536504,,1337013985,disabled,Agent_5,1,
Agent_8,7,VOTE_TARGET,,0.000408,0.012031,judge_disabled,,8,0.19525566697120667,DAY_VOTE,1,,Worker,,1,run_1785018819_536504,,1337013985,disabled,Agent_7,0,
Agent_4,6,KILL_TARGET,,,,,,6,0.2702183127403259,NIGHT_KILL,2,,Werewolf,,1,run_1785018819_536504,,1337013985,disabled,,,
Agent_0,1,TALK_INTENT,,,,,,,0.39172276854515076,DAY_DISCUSS,0,,Worker,,2,run_1785018819_536504,,1337013985,disabled,,,
Agent_1,0,TALK_INTENT,,,,,,,0.21732454001903534,DAY_DISCUSS,0,,Worker,,2,run_1785018819_536504,,1337013985,disabled,,,
Agent_2,4,TALK_INTENT,,,,,,,0.4317970275878906,DAY_DISCUSS,0,,Worker,,2,run_1785018819_536504,,1337013985,disabled,,,
Agent_3,1,TALK_INTENT,,,,,,,0.1720457375049591,DAY_DISCUSS,0,,Worker,,2,run_1785018819_536504,,1337013985,disabled,,,
Agent_4,2,TALK_INTENT,,,,,,,0.2702183127403259,DAY_DISCUSS,0,,Werewolf,,2,run_1785018819_536504,,1337013985,disabled,,,
Agent_5,2,TALK_INTENT,,,,,,,0.35103756189346313,DAY_DISCUSS,0,,Werewolf,,2,run_1785018819_536504,,1337013985,disabled,,,
Agent_8,2,TALK_INTENT,,,,,,,0.19525566697120667,DAY_DISCUSS,0,,Worker,,2,run_1785018819_536504,,1337013985,disabled,,,
Agent_0,0,TALK_INTENT,,,,,,,0.39172276854515076,DAY_DISCUSS,0,,Worker,,2,run_1785018819_536504,,1337013985,disabled,,,
Agent_1,4,TALK_INTENT,,,,,,,0.21732454001903534,DAY_DISCUSS,0,,Worker,,2,run_1785018819_536504,,1337013985,disabled,,,
Agent_2,4,TALK_INTENT,,,,,,,0.4317970275878906,DAY_DISCUSS,0,,Worker,,2,run_1785018819_536504,,1337013985,disabled,,,
Agent_3,1,TALK_INTENT,,,,,,,0.1720457375049591,DAY_DISCUSS,0,,Worker,,2,run_1785018819_536504,,1337013985,disabled,,,
Agent_4,4,TALK_INTENT,,,,,,,0.2702183127403259,DAY_DISCUSS,0,,Werewolf,,2,run_1785018819_536504,,1337013985,disabled,,,
Agent_5,3,TALK_INTENT,,,,,,,0.35103756189346313,DAY_DISCUSS,0,,Werewolf,,2,run_1785018819_536504,,1337013985,disabled,,,
Agent_8,1,TALK_INTENT,,,,,,,0.19525566697120667,DAY_DISCUSS,0,,Worker,,2,run_1785018819_536504,,1337013985,disabled,,,
Agent_0,2,VOTE_TARGET,,0.000508,0.013459,judge_disabled,,6,0.39172276854515076,DAY_VOTE,1,,Worker,,2,run_1785018819_536504,,1337013985,disabled,Agent_2,0,
Agent_1,2,VOTE_TARGET,,0.004657,0.040828,judge_disabled,,6,0.21732454001903534,DAY_VOTE,1,,Worker,,2,run_1785018819_536504,,1337013985,disabled,Agent_2,0,
Agent_2,5,VOTE_TARGET,,0.003852,0.037060,judge_disabled,,6,0.4317970275878906,DAY_VOTE,1,,Worker,,2,run_1785018819_536504,,1337013985,disabled,Agent_5,1,
Agent_3,2,VOTE_TARGET,,0.000628,0.014990,judge_disabled,,6,0.1720457375049591,DAY_VOTE,1,,Worker,,2,run_1785018819_536504,,1337013985,disabled,Agent_2,0,
Agent_4,1,VOTE_TARGET,,0.000537,0.013816,judge_disabled,,6,0.2702183127403259,DAY_VOTE,1,,Werewolf,,2,run_1785018819_536504,,1337013985,disabled,Agent_1,0,
Agent_5,1,VOTE_TARGET,,0.000467,0.012925,judge_disabled,,6,0.35103756189346313,DAY_VOTE,1,,Werewolf,,2,run_1785018819_536504,,1337013985,disabled,Agent_1,0,
Agent_8,2,VOTE_TARGET,,0.000427,0.012304,judge_disabled,,6,0.19525566697120667,DAY_VOTE,1,,Worker,,2,run_1785018819_536504,,1337013985,disabled,Agent_2,0,
Agent_4,1,KILL_TARGET,,,,,,4,0.2702183127403259,NIGHT_KILL,2,,Werewolf,,2,run_1785018819_536504,,1337013985,disabled,,,
Agent_0,0,TALK_INTENT,,,,,,,0.39172276854515076,DAY_DISCUSS,0,,Worker,,3,run_1785018819_536504,,1337013985,disabled,,,
Agent_3,1,TALK_INTENT,,,,,,,0.1720457375049591,DAY_DISCUSS,0,,Worker,,3,run_1785018819_536504,,1337013985,disabled,,,
Agent_4,2,TALK_INTENT,,,,,,,0.2702183127403259,DAY_DISCUSS,0,,Werewolf,,3,run_1785018819_536504,,1337013985,disabled,,,
Agent_5,0,TALK_INTENT,,,,,,,0.35103756189346313,DAY_DISCUSS,0,,Werewolf,,3,run_1785018819_536504,,1337013985,disabled,,,
Agent_8,1,TALK_INTENT,,,,,,,0.19525566697120667,DAY_DISCUSS,0,,Worker,,3,run_1785018819_536504,,1337013985,disabled,,,
Agent_0,2,TALK_INTENT,,,,,,,0.39172276854515076,DAY_DISCUSS,0,,Worker,,3,run_1785018819_536504,,1337013985,disabled,,,
Agent_3,3,TALK_INTENT,,,,,,,0.1720457375049591,DAY_DISCUSS,0,,Worker,,3,run_1785018819_536504,,1337013985,disabled,,,
Agent_4,1,TALK_INTENT,,,,,,,0.2702183127403259,DAY_DISCUSS,0,,Werewolf,,3,run_1785018819_536504,,1337013985,disabled,,,
Agent_5,3,TALK_INTENT,,,,,,,0.35103756189346313,DAY_DISCUSS,0,,Werewolf,,3,run_1785018819_536504,,1337013985,disabled,,,
Agent_8,0,TALK_INTENT,,,,,,,0.19525566697120667,DAY_DISCUSS,0,,Worker,,3,run_1785018819_536504,,1337013985,disabled,,,
Agent_0,5,VOTE_TARGET,,0.000494,0.013290,judge_disabled,,4,0.39172276854515076,DAY_VOTE,1,,Worker,,3,run_1785018819_536504,,1337013985,disabled,Agent_5,1,
Agent_3,5,VOTE_TARGET,,0.000645,0.015193,judge_disabled,,4,0.1720457375049591,DAY_VOTE,1,,Worker,,3,run_1785018819_536504,,1337013985,disabled,Agent_5,1,
Agent_4,0,VOTE_TARGET,,0.000536,0.013817,judge_disabled,,4,0.2702183127403259,DAY_VOTE,1,,Werewolf,,3,run_1785018819_536504,,1337013985,disabled,Agent_0,0,
Agent_5,0,VOTE_TARGET,,0.004610,0.040552,judge_disabled,,4,0.35103756189346313,DAY_VOTE,1,,Werewolf,,3,run_1785018819_536504,,1337013985,disabled,Agent_0,0,
Agent_8,5,VOTE_TARGET,,0.005326,0.043578,judge_disabled,,4,0.19525566697120667,DAY_VOTE,1,,Worker,,3,run_1785018819_536504,,1337013985,disabled,Agent_5,1,
Agent_4,8,KILL_TARGET,,,,,,3,0.2702183127403259,NIGHT_KILL,2,,Werewolf,,3,run_1785018819_536504,,1337013985,disabled,,,
Agent_0,4,TALK_INTENT,,,,,,,0.39172276854515076,DAY_DISCUSS,0,,Worker,,4,run_1785018819_536504,,1337013985,disabled,,,
Agent_3,2,TALK_INTENT,,,,,,,0.1720457375049591,DAY_DISCUSS,0,,Worker,,4,run_1785018819_536504,,1337013985,disabled,,,
Agent_4,2,TALK_INTENT,,,,,,,0.2702183127403259,DAY_DISCUSS,0,,Werewolf,,4,run_1785018819_536504,,1337013985,disabled,,,
Agent_0,0,TALK_INTENT,,,,,,,0.39172276854515076,DAY_DISCUSS,0,,Worker,,4,run_1785018819_536504,,1337013985,disabled,,,
Agent_3,4,TALK_INTENT,,,,,,,0.1720457375049591,DAY_DISCUSS,0,,Worker,,4,run_1785018819_536504,,1337013985,disabled,,,
Agent_4,3,TALK_INTENT,,,,,,,0.2702183127403259,DAY_DISCUSS,0,,Werewolf,,4,run_1785018819_536504,,1337013985,disabled,,,
Agent_0,3,VOTE_TARGET,,0.004159,0.038540,judge_disabled,,2,0.39172276854515076,DAY_VOTE,1,,Worker,,4,run_1785018819_536504,,1337013985,disabled,Agent_3,0,
Agent_3,0,VOTE_TARGET,,0.004928,0.041984,judge_disabled,,2,0.1720457375049591,DAY_VOTE,1,,Worker,,4,run_1785018819_536504,,1337013985,disabled,Agent_0,0,
Agent_4,0,VOTE_TARGET,,0.000537,0.013833,judge_disabled,,2,0.2702183127403259,DAY_VOTE,1,,Werewolf,,4,run_1785018819_536504,,1337013985,disabled,Agent_0,0,
Agent_4,3,KILL_TARGET,,,,,,1,0.2702183127403259,NIGHT_KILL,2,,Werewolf,,4,run_1785018819_536504,,1337013985,disabled,,,
Agent_0,1,TALK_INTENT,,,,,,,0.39172276854515076,DAY_DISCUSS,0,,Worker,,1,run_1785018825_b7f0ce,,1337023958,disabled,,,
Agent_1,4,TALK_INTENT,,,,,,,0.21732454001903534,DAY_DISCUSS,0,,Werewolf,,1,run_1785018825_b7f0ce,,1337023958,disabled,,,
Agent_2,0,TALK_INTENT,,,,,,,0.4317970275878906,DAY_DISCUSS,0,,Worker,,1,run_1785018825_b7f0ce,,1337023958,disabled,,,
Agent_3,4,TALK_INTENT,,,,,,,0.1720457375049591,DAY_DISCUSS,0,,Worker,,1,run_1785018825_b7f0ce,,1337023958,disabled,,,
Agent_4,2,TALK_INTENT,,,,,,,0.2702183127403259,DAY_DISCUSS,0,,Worker,,1,run_1785018825_b7f0ce,,1337023958,disabled,,,
Agent_5,3,TALK_INTENT,,,,,,,0.35103756189346313,DAY_DISCUSS,0,,Worker,,1,run_1785018825_b7f0ce,,1337023958,disabled,,,
Agent_6,1,TALK_INTENT,,,,,,,0.11660865694284439,DAY_DISCUSS,0,,Worker,,1,run_1785018825_b7f0ce,,1337023958,disabled,,,
Agent_7,2,TALK_INTENT,,,,,,,0.22779437899589539,DAY_DISCUSS,0,,Werewolf,,1,run_1785018825_b7f0ce,,1337023958,disabled,,,
Agent_8,4,TALK_INTENT,,,,,,,0.19525566697120667,DAY_DISCUSS,0,,Worker,,1,run_1785018825_b7f0ce,,1337023958,disabled,,,
Agent_0,4,TALK_INTENT,,,,,,,0.39172276854515076,DAY_DISCUSS,0,,Worker,,1,run_1785018825_b7f0ce,,1337023958,disabled,,,
Agent_1,4,TALK_INTENT,,,,,,,0.21732454001903534,DAY_DISCUSS,0,,Werewolf,,1,run_1785018825_b7f0ce,,1337023958,disabled,,,
Agent_2,3,TALK_INTENT,,,,,,,0.4317970275878906,DAY_DISCUSS,0,,Worker,,1,run_1785018825_b7f0ce,,1337023958,disabled,,,
Agent_3,2,TALK_INTENT,,,,,,,0.1720457375049591,DAY_DISCUSS,0,,Worker,,1,run_1785018825_b7f0ce,,1337023958,disabled,,,
Agent_4,1,TALK_INTENT,,,,,,,0.2702183127403259,DAY_DISCUSS,0,,Worker,,1,run_1785018825_b7f0ce,,1337023958,disabled,,,
Agent_5,4,TALK_INTENT,,,,,,,0.35103756189346313,DAY_DISCUSS,0,,Worker,,1,run_1785018825_b7f0ce,,1337023958,disabled,,,
Agent_6,4,TALK_INTENT,,,,,,,0.11660865694284439,DAY_DISCUSS,0,,Worker,,1,run_1785018825_b7f0ce,,1337023958,disabled,,,
Agent_7,1,TALK_INTENT,,,,,,,0.22779437899589539,DAY_DISCUSS,0,,Werewolf,,1,run_1785018825_b7f0ce,,1337023958,disabled,,,
Agent_8,2,TALK_INTENT,,,,,,,0.19525566697120667,DAY_DISCUSS,0,,Worker,,1,run_1785018825_b7f0ce,,1337023958,disabled,,,
Agent_0,4,VOTE_TARGET,,0.000573,0.014114,judge_disabled,,8,0.39172276854515076,DAY_VOTE,1,,Worker,,1,run_1785018825_b7f0ce,,1337023958,disabled,Agent_4,0,
Agent_1,6,VOTE_TARGET,,0.000590,0.014420,judge_disabled,,8,0.21732454001903534,DAY_VOTE,1,,Werewolf,,1,run_1785018825_b7f0ce,,1337023958,disabled,Agent_6,0,
Agent_2,4,VOTE_TARGET,,0.007739,0.053330,judge_disabled,,8,0.4317970275878906,DAY_VOTE,1,,Worker,,1,run_1785018825_b7f0ce,,1337023958,disabled,Agent_4,0,
Agent_3,4,VOTE_TARGET,,0.000484,0.013924,judge_disabled,,8,0.1720457375049591,DAY_VOTE,1,,Worker,,1,run_1785018825_b7f0ce,,1337023958,disabled,Agent_4,0,
Agent_4,0,VOTE_TARGET,,0.008167,0.053462,judge_disabled,,8,0.2702183127403259,DAY_VOTE,1,,Worker,,1,run_1785018825_b7f0ce,,1337023958,disabled,Agent_0,0,
Agent_5,0,VOTE_TARGET,,0.000505,0.013198,judge_disabled,,8,0.35103756189346313,DAY_VOTE,1,,Worker,,1,run_1785018825_b7f0ce,,1337023958,disabled,Agent_0,0,
Agent_6,4,VOTE_TARGET,,0.000544,0.013767,judge_disabled,,8,0.11660865694284439,DAY_VOTE,1,,Worker,,1,run_1785018825_b7f0ce,,1337023958,disabled,Agent_4,0,
Agent_7,6,VOTE_TARGET,,0.000602,0.014579,judge_disabled,,8,0.22779437899589539,DAY_VOTE,1,,Werewolf,,1,run_1785018825_b7f0ce,,1337023958,disabled,Agent_6,0,
Agent_8,4,VOTE_TARGET,,0.000414,0.012141,judge_disabled,,8,0.19525566697120667,DAY_VOTE,1,,Worker,,1,run_1785018825_b7f0ce,,1337023958,disabled,Agent_4,0,
Agent_1,2,KILL_TARGET,,,,,,6,0.21732454001903534,NIGHT_KILL,2,,Werewolf,,1,run_1785018825_b7f0ce,,1337023958,disabled,,,
Agent_0,2,TALK_INTENT,,,,,,,0.39172276854515076,DAY_DISCUSS,0,,Worker,,2,run_1785018825_b7f0ce,,1337023958,disabled,,,
Agent_1,0,TALK_INTENT,,,,,,,0.21732454001903534,DAY_DISCUSS,0,,Werewolf,,2,run_1785018825_b7f0ce,,1337023958,disabled,,,
Agent_3,4,TALK_INTENT,,,,,,,0.1720457375049591,DAY_DISCUSS,0,,Worker,,2,run_1785018825_b7f0ce,,1337023958,disabled,,,
Agent_5,2,TALK_INTENT,,,,,,,0.35103756189346313,DAY_DISCUSS,0,,Worker,,2,run_1785018825_b7f0ce,,1337023958,disabled,,,
Agent_6,4,TALK_INTENT,,,,,,,0.11660865694284439,DAY_DISCUSS,0,,Worker,,2,run_1785018825_b7f0ce,,1337023958,disabled,,,
Agent_7,4,TALK_INTENT,,,,,,,0.22779437899589539,DAY_DISCUSS,0,,Werewolf,,2,run_1785018825_b7f0ce,,1337023958,disabled,,,
Agent_8,0,TALK_INTENT,,,,,,,0.19525566697120667,DAY_DISCUSS,0,,Worker,,2,run_1785018825_b7f0ce,,1337023958,disabled,,,
Agent_0,0,TALK_INTENT,,,,,,,0.39172276854515076,DAY_DISCUSS,0,,Worker,,2,run_1785018825_b7f0ce,,1337023958,disabled,,,
Agent_1,1,TALK_INTENT,,,,,,,0.21732454001903534,DAY_DISCUSS,0,,Werewolf,,2,run_1785018825_b7f0ce,,1337023958,disabled,,,
Agent_3,2,TALK_INTENT,,,,,,,0.1720457375049591,DAY_DISCUSS,0,,Worker,,2,run_1785018825_b7f0ce,,1337023958,disabled,,,
Agent_5,0,TALK_INTENT,,,,,,,0.35103756189346313,DAY_DISCUSS,0,,Worker,,2,run_1785018825_b7f0ce,,1337023958,disabled,,,
Agent_6,4,TALK_INTENT,,,,,,,0.11660865694284439,DAY_DISCUSS,0,,Worker,,2,run_1785018825_b7f0ce,,1337023958,disabled,,,
Agent_7,3,TALK_INTENT,,,,,,,0.22779437899589539,DAY_DISCUSS,0,,Werewolf,,2,run_1785018825_b7f0ce,,1337023958,disabled,,,
Agent_8,4,TALK_INTENT,,,,,,,0.19525566697120667,DAY_DISCUSS,0,,Worker,,2,run_1785018825_b7f0ce,,1337023958,disabled,,,
Agent_0,8,VOTE_TARGET,,0.008139,0.052898,judge_disabled,,6,0.39172276854515076,DAY_VOTE,1,,Worker,,2,run_1785018825_b7f0ce,,1337023958,disabled,Agent_8,0,
Agent_1,6,VOTE_TARGET,,0.000601,0.014535,judge_disabled,,6,0.21732454001903534,DAY_VOTE,1,,Werewolf,,2,run_1785018825_b7f0ce,,1337023958,disabled,Agent_6,0,
Agent_3,0,VOTE_TARGET,,0.000491,0.014077,judge_disabled,,6,0.1720457375049591,DAY_VOTE,1,,Worker,,2,run_1785018825_b7f0ce,,1337023958,disabled,Agent_0,0,
Agent_5,0,VOTE_TARGET,,0.000489,0.012996,judge_disabled,,6,0.35103756189346313,DAY_VOTE,1,,Worker,,2,run_1785018825_b7f0ce,,1337023958,disabled,Agent_0,0,
Agent_6,0,VOTE_TARGET,,0.008139,0.053527,judge_disabled,,6,0.11660865694284439,DAY_VOTE,1,,Worker,,2,run_1785018825_b7f0ce,,1337023958,disabled,Agent_0,0,
Agent_7,6,VOTE_TARGET,,0.000607,0.014624,judge_disabled,,6,0.22779437899589539,DAY_VOTE,1,,Werewolf,,2,run_1785018825_b7f0ce,,1337023958,disabled,Agent_6,0,
Agent_8,0,VOTE_TARGET,,0.000407,0.012065,judge_disabled,,6,0.19525566697120667,DAY_VOTE,1,,Worker,,2,run_1785018825_b7f0ce,,1337023958,disabled,Agent_0,0,
Agent_1,6,KILL_TARGET,,,,,,4,0.21732454001903534,NIGHT_KILL,2,,Werewolf,,2,run_1785018825_b7f0ce,,1337023958,disabled,,,
Agent_1,0,TALK_INTENT,,,,,,,0.21732454001903534,DAY_DISCUSS,0,,Werewolf,,3,run_1785018825_b7f0ce,,1337023958,disabled,,,
Agent_3,4,TALK_INTENT,,,,,,,0.1720457375049591,DAY_DISCUSS,0,,Worker,,3,run_1785018825_b7f0ce,,1337023958,disabled,,,
Agent_5,0,TALK_INTENT,,,,,,,0.35103756189346313,DAY_DISCUSS,0,,Worker,,3,run_1785018825_b7f0ce,,1337023958,disabled,,,
Agent_7,4,TALK_INTENT,,,,,,,0.22779437899589539,DAY_DISCUSS,0,,Werewolf,,3,run_1785018825_b7f0ce,,1337023958,disabled,,,
Agent_8,1,TALK_INTENT,,,,,,,0.19525566697120667,DAY_DISCUSS,0,,Worker,,3,run_1785018825_b7f0ce,,1337023958,disabled,,,
Agent_1,1,TALK_INTENT,,,,,,,0.21732454001903534,DAY_DISCUSS,0,,Werewolf,,3,run_1785018825_b7f0ce,,1337023958,disabled,,,
Agent_3,3,TALK_INTENT,,,,,,,0.1720457375049591,DAY_DISCUSS,0,,Worker,,3,run_1785018825_b7f0ce,,1337023958,disabled,,,
Agent_5,4,TALK_INTENT,,,,,,,0.35103756189346313,DAY_DISCUSS,0,,Worker,,3,run_1785018825_b7f0ce,,1337023958,disabled,,,
Agent_7,2,TALK_INTENT,,,,,,,0.22779437899589539,DAY_DISCUSS,0,,Werewolf,,3,run_1785018825_b7f0ce,,1337023958,disabled,,,
Agent_8,1,TALK_INTENT,,,,,,,0.19525566697120667,DAY_DISCUSS,0,,Worker,,3,run_1785018825_b7f0ce,,1337023958,disabled,,,
Agent_1,8,VOTE_TARGET,,0.000586,0.014346,judge_disabled,,4,0.21732454001903534,DAY_VOTE,1,,Werewolf,,3,run_1785018825_b7f0ce,,1337023958,disabled,Agent_8,0,
Agent_3,8,VOTE_TARGET,,0.008226,0.052529,judge_disabled,,4,0.1720457375049591,DAY_VOTE,1,,Worker,,3,run_1785018825_b7f0ce,,1337023958,disabled,Agent_8,0,
Agent_5,8,VOTE_TARGET,,0.000464,0.012675,judge_disabled,,4,0.35103756189346313,DAY_VOTE,1,,Worker,,3,run_1785018825_b7f0ce,,1337023958,disabled,Agent_8,0,
Agent_7,8,VOTE_TARGET,,0.000589,0.014399,judge_disabled,,4,0.22779437899589539,DAY_VOTE,1,,Werewolf,,3,run_1785018825_b7f0ce,,1337023958,disabled,Agent_8,0,
Agent_8,5,VOTE_TARGET,,0.008026,0.052414,judge_disabled,,4,0.19525566697120667,DAY_VOTE,1,,Worker,,3,run_1785018825_b7f0ce,,1337023958,disabled,Agent_5,0,
Agent_1,3,KILL_TARGET,,,,,,2,0.21732454001903534,NIGHT_KILL,2,,Werewolf,,3,run_1785018825_b7f0ce,,1337023958,disabled,,,
Agent_0,1,TALK_INTENT,,,,,,,0.39172276854515076,DAY_DISCUSS,0,,Worker,,1,run_1785018831_0dabe5,,1337033931,disabled,,,
Agent_1,2,TALK_INTENT,,,,,,,0.21732454001903534,DAY_DISCUSS,0,,Worker,,1,run_1785018831_0dabe5,,1337033931,disabled,,,
Agent_2,0,TALK_INTENT,,,,,,,0.4317970275878906,DAY_DISCUSS,0,,Worker,,1,run_1785018831_0dabe5,,1337033931,disabled,,,
Agent_3,4,TALK_INTENT,,,,,,,0.1720457375049591,DAY_DISCUSS,0,,Werewolf,,1,run_1785018831_0dabe5,,1337033931,disabled,,,
Agent_4,3,TALK_INTENT,,,,,,,0.2702183127403259,DAY_DISCUSS,0,,Worker,,1,run_1785018831_0dabe5,,1337033931,disabled,,,
Agent_5,3,TALK_INTENT,,,,,,,0.35103756189346313,DAY_DISCUSS,0,,Werewolf,,1,run_1785018831_0dabe5,,1337033931,disabled,,,
Agent_6,3,TALK_INTENT,,,,,,,0.11660865694284439,DAY_DISCUSS,0,,Worker,,1,run_1785018831_0dabe5,,1337033931,disabled,,,
Agent_7,1,TALK_INTENT,,,,,,,0.22779437899589539,DAY_DISCUSS,0,,Worker,,1,run_1785018831_0dabe5,,1337033931,disabled,,,
Agent_8,0,TALK_INTENT,,,,,,,0.19525566697120667,DAY_DISCUSS,0,,Worker,,1,run_1785018831_0dabe5,,1337033931,disabled,,,
Agent_0,1,TALK_INTENT,,,,,,,0.39172276854515076,DAY_DISCUSS,0,,Worker,,1,run_1785018831_0dabe5,,1337033931,disabled,,,
Agent_1,0,TALK_INTENT,,,,,,,0.21732454001903534,DAY_DISCUSS,0,,Worker,,1,run_1785018831_0dabe5,,1337033931,disabled,,,
Agent_2,4,TALK_INTENT,,,,,,,0.4317970275878906,DAY_DISCUSS,0,,Worker,,1,run_1785018831_0dabe5,,1337033931,disabled,,,
Agent_3,0,TALK_INTENT,,,,,,,0.1720457375049591,DAY_DISCUSS,0,,Werewolf,,1,run_1785018831_0dabe5,,1337033931,disabled,,,
Agent_4,2,TALK_INTENT,,,,,,,0.2702183127403259,DAY_DISCUSS,0,,Worker,,1,run_1785018831_0dabe5,,1337033931,disabled,,,
Agent_5,0,TALK_INTENT,,,,,,,0.35103756189346313,DAY_DISCUSS,0,,Werewolf,,1,run_1785018831_0dabe5,,1337033931,disabled,,,
Agent_6,2,TALK_INTENT,,,,,,,0.11660865694284439,DAY_DISCUSS,0,,Worker,,1,run_1785018831_0dabe5,,1337033931,disabled,,,
Agent_7,0,TALK_INTENT,,,,,,,0.22779437899589539,DAY_DISCUSS,0,,Worker,,1,run_1785018831_0dabe5,,1337033931,disabled,,,
Agent_8,3,TALK_INTENT,,,,,,,0.19525566697120667,DAY_DISCUSS,0,,Worker,,1,run_1785018831_0dabe5,,1337033931,disabled,,,
Agent_0,5,VOTE_TARGET,,0.000502,0.013634,judge_disabled,,8,0.39172276854515076,DAY_VOTE,1,,Worker,,1,run_1785018831_0dabe5,,1337033931,disabled,Agent_5,1,
Agent_1,5,VOTE_TARGET,,0.000445,0.012903,judge_disabled,,8,0.21732454001903534,DAY_VOTE,1,,Worker,,1,run_1785018831_0dabe5,,1337033931,disabled,Agent_5,1,
Agent_2,5,VOTE_TARGET,,0.000459,0.013220,judge_disabled,,8,0.4317970275878906,DAY_VOTE,1,,Worker,,1,run_1785018831_0dabe5,,1337033931,disabled,Agent_5,1,
Agent_3,6,VOTE_TARGET,,0.000467,0.013143,judge_disabled,,8,0.1720457375049591,DAY_VOTE,1,,Werewolf,,1,run_1785018831_0dabe5,,1337033931,disabled,Agent_6,0,
Agent_4,5,VOTE_TARGET,,0.000386,0.012432,judge_disabled,,8,0.2702183127403259,DAY_VOTE,1,,Worker,,1,run_1785018831_0dabe5,,1337033931,disabled,Agent_5,1,
Agent_5,6,VOTE_TARGET,,0.004451,0.040899,judge_disabled,,8,0.35103756189346313,DAY_VOTE,1,,Werewolf,,1,run_1785018831_0dabe5,,1337033931,disabled,Agent_6,0,
Agent_6,5,VOTE_TARGET,,0.000492,0.013422,judge_disabled,,8,0.11660865694284439,DAY_VOTE,1,,Worker,,1,run_1785018831_0dabe5,,1337033931,disabled,Agent_5,1,
Agent_7,5,VOTE_TARGET,,0.000507,0.014018,judge_disabled,,8,0.22779437899589539,DAY_VOTE,1,,Worker,,1,run_1785018831_0dabe5,,1337033931,disabled,Agent_5,1,
Agent_8,5,VOTE_TARGET,,0.004642,0.042633,judge_disabled,,8,0.19525566697120667,DAY_VOTE,1,,Worker,,1,run_1785018831_0dabe5,,1337033931,disabled,Agent_5,1,
Agent_3,8,KILL_TARGET,,,,,,7,0.1720457375049591,NIGHT_KILL,2,,Werewolf,,1,run_1785018831_0dabe5,,1337033931,disabled,,,
Agent_0,3,TALK_INTENT,,,,,,,0.39172276854515076,DAY_DISCUSS,0,,Worker,,2,run_1785018831_0dabe5,,1337033931,disabled,,,
Agent_1,3,TALK_INTENT,,,,,,,0.21732454001903534,DAY_DISCUSS,0,,Worker,,2,run_1785018831_0dabe5,,1337033931,disabled,,,
Agent_2,2,TALK_INTENT,,,,,,,0.4317970275878906,DAY_DISCUSS,0,,Worker,,2,run_1785018831_0dabe5,,1337033931,disabled,,,
Agent_3,1,TALK_INTENT,,,,,,,0.1720457375049591,DAY_DISCUSS,0,,Werewolf,,2,run_1785018831_0dabe5,,1337033931,disabled,,,
Agent_4,3,TALK_INTENT,,,,,,,0.2702183127403259,DAY_DISCUSS,0,,Worker,,2,run_1785018831_0dabe5,,1337033931,disabled,,,
Agent_6,2,TALK_INTENT,,,,,,,0.11660865694284439,DAY_DISCUSS,0,,Worker,,2,run_1785018831_0dabe5,,1337033931,disabled,,,
Agent_7,2,TALK_INTENT,,,,,,,0.22779437899589539,DAY_DISCUSS,0,,Worker,,2,run_1785018831_0dabe5,,1337033931,disabled,,,
Agent_0,4,TALK_INTENT,,,,,,,0.39172276854515076,DAY_DISCUSS,0,,Worker,,2,run_1785018831_0dabe5,,1337033931,disabled,,,
Agent_1,3,TALK_INTENT,,,,,,,0.21732454001903534,DAY_DISCUSS,0,,Worker,,2,run_1785018831_0dabe5,,1337033931,disabled,,,
Agent_2,2,TALK_INTENT,,,,,,,0.4317970275878906,DAY_DISCUSS,0,,Worker,,2,run_1785018831_0dabe5,,1337033931,disabled,,,
Agent_3,0,TALK_INTENT,,,,,,,0.1720457375049591,DAY_DISCUSS,0,,Werewolf,,2,run_1785018831_0dabe5,,1337033931,disabled,,,
Agent_4,2,TALK_INTENT,,,,,,,0.2702183127403259,DAY_DISCUSS,0,,Worker,,2,run_1785018831_0dabe5,,1337033931,disabled,,,
Agent_6,2,TALK_INTENT,,,,,,,0.11660865694284439,DAY_DISCUSS,0,,Worker,,2,run_1785018831_0dabe5,,1337033931,disabled,,,
Agent_7,4,TALK_INTENT,,,,,,,0.22779437899589539,DAY_DISCUSS,0,,Worker,,2,run_1785018831_0dabe5,,1337033931,disabled,,,
Agent_0,3,VOTE_TARGET,,0.000493,0.013571,judge_disabled,,6,0.39172276854515076,DAY_VOTE,1,,Worker,,2,run_1785018831_0dabe5,,1337033931,disabled,Agent_3,1,
Agent_1,3,VOTE_TARGET,,0.000420,0.012621,judge_disabled,,6,0.21732454001903534,DAY_VOTE,1,,Worker,,2,run_1785018831_0dabe5,,1337033931,disabled,Agent_3,1,
Agent_2,3,VOTE_TARGET,,0.000430,0.012779,judge_disabled,,6,0.4317970275878906,DAY_VOTE,1,,Worker,,2,run_1785018831_0dabe5,,1337033931,disabled,Agent_3,1,
Agent_3,6,VOTE_TARGET,,0.004602,0.041590,judge_disabled,,6,0.1720457375049591,DAY_VOTE,1,,Werewolf,,2,run_1785018831_0dabe5,,1337033931,disabled,Agent_6,0,
Agent_4,3,VOTE_TARGET,,0.000384,0.012496,judge_disabled,,6,0.2702183127403259,DAY_VOTE,1,,Worker,,2,run_1785018831_0dabe5,,1337033931,disabled,Agent_3,1,
Agent_6,3,VOTE_TARGET,,0.000460,0.012983,judge_disabled,,6,0.11660865694284439,DAY_VOTE,1,,Worker,,2,run_1785018831_0dabe5,,1337033931,disabled,Agent_3,1,
Agent_7,3,VOTE_TARGET,,0.000492,0.013923,judge_disabled,,6,0.22779437899589539,DAY_VOTE,1,,Worker,,2,run_1785018831_0dabe5,,1337033931,disabled,Agent_3,1,
Agent_0,2,TALK_INTENT,,,,,,,0.39172276854515076,DAY_DISCUSS,0,,Worker,,1,run_1785018836_d87257,,1337043904,disabled,,,
Agent_1,0,TALK_INTENT,,,,,,,0.21732454001903534,DAY_DISCUSS,0,,Worker,,1,run_1785018836_d87257,,1337043904,disabled,,,
Agent_2,3,TALK_INTENT,,,,,,,0.4317970275878906,DAY_DISCUSS,0,,Worker,,1,run_1785018836_d87257,,1337043904,disabled,,,
Agent_3,0,TALK_INTENT,,,,,,,0.1720457375049591,DAY_DISCUSS,0,,Worker,,1,run_1785018836_d87257,,1337043904,disabled,,,
Agent_4,2,TALK_INTENT,,,,,,,0.2702183127403259,DAY_DISCUSS,0,,Worker,,1,run_1785018836_d87257,,1337043904,disabled,,,
Agent_5,0,TALK_INTENT,,,,,,,0.35103756189346313,DAY_DISCUSS,0,,Werewolf,,1,run_1785018836_d87257,,1337043904,disabled,,,
Agent_6,3,TALK_INTENT,,,,,,,0.11660865694284439,DAY_DISCUSS,0,,Werewolf,,1,run_1785018836_d87257,,1337043904,disabled,,,
Agent_7,1,TALK_INTENT,,,,,,,0.22779437899589539,DAY_DISCUSS,0,,Worker,,1,run_1785018836_d87257,,1337043904,disabled,,,
Agent_8,4,TALK_INTENT,,,,,,,0.19525566697120667,DAY_DISCUSS,0,,Worker,,1,run_1785018836_d87257,,1337043904,disabled,,,
Agent_0,0,TALK_INTENT,,,,,,,0.39172276854515076,DAY_DISCUSS,0,,Worker,,1,run_1785018836_d87257,,1337043904,disabled,,,
Agent_1,2,TALK_INTENT,,,,,,,0.21732454001903534,DAY_DISCUSS,0,,Worker,,1,run_1785018836_d87257,,1337043904,disabled,,,
Agent_2,4,TALK_INTENT,,,,,,,0.4317970275878906,DAY_DISCUSS,0,,Worker,,1,run_1785018836_d87257,,1337043904,disabled,,,
Agent_3,0,TALK_INTENT,,,,,,,0.1720457375049591,DAY_DISCUSS,0,,Worker,,1,run_1785018836_d87257,,1337043904,disabled,,,
Agent_4,3,TALK_INTENT,,,,,,,0.2702183127403259,DAY_DISCUSS,0,,Worker,,1,run_1785018836_d87257,,1337043904,disabled,,,
Agent_5,4,TALK_INTENT,,,,,,,0.35103756189346313,DAY_DISCUSS,0,,Werewolf,,1,run_1785018836_d87257,,1337043904,disabled,,,
Agent_6,4,TALK_INTENT,,,,,,,0.11660865694284439,DAY_DISCUSS,0,,Werewolf,,1,run_1785018836_d87257,,1337043904,disabled,,,
Agent_7,2,TALK_INTENT,,,,,,,0.22779437899589539,DAY_DISCUSS,0,,Worker,,1,run_1785018836_d87257,,1337043904,disabled,,,
Agent_8,4,TALK_INTENT,,,,,,,0.19525566697120667,DAY_DISCUSS,0,,Worker,,1,run_1785018836_d87257,,1337043904,disabled,,,
Agent_0,5,VOTE_TARGET,,0.000534,0.012689,judge_disabled,,8,0.39172276854515076,DAY_VOTE,1,,Worker,,1,run_1785018836_d87257,,1337043904,disabled,Agent_5,1,
Agent_1,5,VOTE_TARGET,,0.004505,0.037148,judge_disabled,,8,0.21732454001903534,DAY_VOTE,1,,Worker,,1,run_1785018836_d87257,,1337043904,disabled,Agent_5,1,
Agent_2,5,VOTE_TARGET,,0.000592,0.013460,judge_disabled,,8,0.4317970275878906,DAY_VOTE,1,,Worker,,1,run_1785018836_d87257,,1337043904,disabled,Agent_5,1,
Agent_3,5,VOTE_TARGET,,0.000520,0.012528,judge_disabled,,8,0.1720457375049591,DAY_VOTE,1,,Worker,,1,run_1785018836_d87257,,1337043904,disabled,Agent_5,1,
Agent_4,5,VOTE_TARGET,,0.000532,0.012904,judge_disabled,,8,0.2702183127403259,DAY_VOTE,1,,Worker,,1,run_1785018836_d87257,,1337043904,disabled,Agent_5,1,
Agent_5,6,VOTE_TARGET,,0.004563,0.037118,judge_disabled,,8,0.35103756189346313,DAY_VOTE,1,,Werewolf,,1,run_1785018836_d87257,,1337043904,disabled,Agent_6,1,
Agent_6,5,VOTE_TARGET,,0.000530,0.012910,judge_disabled,,8,0.11660865694284439,DAY_VOTE,1,,Werewolf,,1,run_1785018836_d87257,,1337043904,disabled,Agent_5,1,
Agent_7,5,VOTE_TARGET,,0.000439,0.011784,judge_disabled,,8,0.22779437899589539,DAY_VOTE,1,,Worker,,1,run_1785018836_d87257,,1337043904,disabled,Agent_5,1,
Agent_8,5,VOTE_TARGET,,0.000488,0.012470,judge_disabled,,8,0.19525566697120667,DAY_VOTE,1,,Worker,,1,run_1785018836_d87257,,1337043904,disabled,Agent_5,1,
Agent_6,1,KILL_TARGET,,,,,,7,0.11660865694284439,NIGHT_KILL,2,,Werewolf,,1,run_1785018836_d87257,,1337043904,disabled,,,
Agent_0,3,TALK_INTENT,,,,,,,0.39172276854515076,DAY_DISCUSS,0,,Worker,,2,run_1785018836_d87257,,1337043904,disabled,,,
Agent_2,0,TALK_INTENT,,,,,,,0.4317970275878906,DAY_DISCUSS,0,,Worker,,2,run_1785018836_d87257,,1337043904,disabled,,,
Agent_3,1,TALK_INTENT,,,,,,,0.1720457375049591,DAY_DISCUSS,0,,Worker,,2,run_1785018836_d87257,,1337043904,disabled,,,
Agent_4,3,TALK_INTENT,,,,,,,0.2702183127403259,DAY_DISCUSS,0,,Worker,,2,run_1785018836_d87257,,1337043904,disabled,,,
Agent_6,4,TALK_INTENT,,,,,,,0.11660865694284439,DAY_DISCUSS,0,,Werewolf,,2,run_1785018836_d87257,,1337043904,disabled,,,
Agent_7,2,TALK_INTENT,,,,,,,0.22779437899589539,DAY_DISCUSS,0,,Worker,,2,run_1785018836_d87257,,1337043904,disabled,,,
Agent_8,0,TALK_INTENT,,,,,,,0.19525566697120667,DAY_DISCUSS,0,,Worker,,2,run_1785018836_d87257,,1337043904,disabled,,,
Agent_0,4,TALK_INTENT,,,,,,,0.39172276854515076,DAY_DISCUSS,0,,Worker,,2,run_1785018836_d87257,,1337043904,disabled,,,
Agent_2,4,TALK_INTENT,,,,,,,0.4317970275878906,DAY_DISCUSS,0,,Worker,,2,run_1785018836_d87257,,1337043904,disabled,,,
Agent_3,1,TALK_INTENT,,,,,,,0.1720457375049591,DAY_DISCUSS,0,,Worker,,2,run_1785018836_d87257,,1337043904,disabled,,,
Agent_4,3,TALK_INTENT,,,,,,,0.2702183127403259,DAY_DISCUSS,0,,Worker,,2,run_1785018836_d87257,,1337043904,disabled,,,
Agent_6,4,TALK_INTENT,,,,,,,0.11660865694284439,DAY_DISCUSS,0,,Werewolf,,2,run_1785018836_d87257,,1337043904,disabled,,,
Agent_7,2,TALK_INTENT,,,,,,,0.22779437899589539,DAY_DISCUSS,0,,Worker,,2,run_1785018836_d87257,,1337043904,disabled,,,
Agent_8,4,TALK_INTENT,,,,,,,0.19525566697120667,DAY_DISCUSS,0,,Worker,,2,run_1785018836_d87257,,1337043904,disabled,,,
Agent_0,7,VOTE_TARGET,,0.000535,0.012715,judge_disabled,,6,0.39172276854515076,DAY_VOTE,1,,Worker,,2,run_1785018836_d87257,,1337043904,disabled,Agent_7,0,
Agent_2,7,VOTE_TARGET,,0.004664,0.037396,judge_disabled,,6,0.4317970275878906,DAY_VOTE,1,,Worker,,2,run_1785018836_d87257,,1337043904,disabled,Agent_7,0,
Agent_3,7,VOTE_TARGET,,0.000520,0.012545,judge_disabled,,6,0.1720457375049591,DAY_VOTE,1,,Worker,,2,run_1785018836_d87257,,1337043904,disabled,Agent_7,0,
Agent_4,7,VOTE_TARGET,,0.000530,0.012908,judge_disabled,,6,0.2702183127403259,DAY_VOTE,1,,Worker,,2,run_1785018836_d87257,,1337043904,disabled,Agent_7,0,
Agent_6,8,VOTE_TARGET,,0.000529,0.012899,judge_disabled,,6,0.11660865694284439,DAY_VOTE,1,,Werewolf,,2,run_1785018836_d87257,,1337043904,disabled,Agent_8,0,
Agent_7,6,VOTE_TARGET,,0.005027,0.039709,judge_disabled,,6,0.22779437899589539,DAY_VOTE,1,,Worker,,2,run_1785018836_d87257,,1337043904,disabled,Agent_6,1,
Agent_8,7,VOTE_TARGET,,0.000481,0.012399,judge_disabled,,6,0.19525566697120667,DAY_VOTE,1,,Worker,,2,run_1785018836_d87257,,1337043904,disabled,Agent_7,0,
Agent_6,2,KILL_TARGET,,,,,,5,0.11660865694284439,NIGHT_KILL,2,,Werewolf,,2,run_1785018836_d87257,,1337043904,disabled,,,
Agent_0,4,TALK_INTENT,,,,,,,0.39172276854515076,DAY_DISCUSS,0,,Worker,,3,run_1785018836_d87257,,1337043904,disabled,,,
Agent_3,4,TALK_INTENT,,,,,,,0.1720457375049591,DAY_DISCUSS,0,,Worker,,3,run_1785018836_d87257,,1337043904,disabled,,,
Agent_4,4,TALK_INTENT,,,,,,,0.2702183127403259,DAY_DISCUSS,0,,Worker,,3,run_1785018836_d87257,,1337043904,disabled,,,
Agent_6,1,TALK_INTENT,,,,,,,0.11660865694284439,DAY_DISCUSS,0,,Werewolf,,3,run_1785018836_d87257,,1337043904,disabled,,,
Agent_8,4,TALK_INTENT,,,,,,,0.19525566697120667,DAY_DISCUSS,0,,Worker,,3,run_1785018836_d87257,,1337043904,disabled,,,
Agent_0,3,TALK_INTENT,,,,,,,0.39172276854515076,DAY_DISCUSS,0,,Worker,,3,run_1785018836_d87257,,1337043904,disabled,,,
Agent_3,2,TALK_INTENT,,,,,,,0.1720457375049591,DAY_DISCUSS,0,,Worker,,3,run_1785018836_d87257,,1337043904,disabled,,,
Agent_4,4,TALK_INTENT,,,,,,,0.2702183127403259,DAY_DISCUSS,0,,Worker,,3,run_1785018836_d87257,,1337043904,disabled,,,
Agent_6,0,TALK_INTENT,,,,,,,0.11660865694284439,DAY_DISCUSS,0,,Werewolf,,3,run_1785018836_d87257,,1337043904,disabled,,,
Agent_8,3,TALK_INTENT,,,,,,,0.19525566697120667,DAY_DISCUSS,0,,Worker,,3,run_1785018836_d87257,,1337043904,disabled,,,
Agent_0,6,VOTE_TARGET,,0.000516,0.012507,judge_disabled,,4,0.39172276854515076,DAY_VOTE,1,,Worker,,3,run_1785018836_d87257,,1337043904,disabled,Agent_6,1,
Agent_3,6,VOTE_TARGET,,0.000519,0.012539,judge_disabled,,4,0.1720457375049591,DAY_VOTE,1,,Worker,,3,run_1785018836_d87257,,1337043904,disabled,Agent_6,1,
Agent_4,6,VOTE_TARGET,,0.000524,0.012868,judge_disabled,,4,0.2702183127403259,DAY_VOTE,1,,Worker,,3,run_1785018836_d87257,,1337043904,disabled,Agent_6,1,
Agent_6,8,VOTE_TARGET,,0.005292,0.040763,judge_disabled,,4,0.11660865694284439,DAY_VOTE,1,,Werewolf,,3,run_1785018836_d87257,,1337043904,disabled,Agent_8,0,
Agent_8,6,VOTE_TARGET,,0.000467,0.012267,judge_disabled,,4,0.19525566697120667,DAY_VOTE,1,,Worker,,3,run_1785018836_d87257,,1337043904,disabled,Agent_6,1,
Agent_0,0,TALK_INTENT,,,,,,,0.39172276854515076,DAY_DISCUSS,0,,Werewolf,,1,run_1785018842_baffe3,,1337053877,disabled,,,
Agent_1,1,TALK_INTENT,,,,,,,0.21732454001903534,DAY_DISCUSS,0,,Worker,,1,run_1785018842_baffe3,,1337053877,disabled,,,
Agent_2,2,TALK_INTENT,,,,,,,0.4317970275878906,DAY_DISCUSS,0,,Worker,,1,run_1785018842_baffe3,,1337053877,disabled,,,
Agent_3,2,TALK_INTENT,,,,,,,0.1720457375049591,DAY_DISCUSS,0,,Worker,,1,run_1785018842_baffe3,,1337053877,disabled,,,
Agent_4,4,TALK_INTENT,,,,,,,0.2702183127403259,DAY_DISCUSS,0,,Werewolf,,1,run_1785018842_baffe3,,1337053877,disabled,,,
Agent_5,4,TALK_INTENT,,,,,,,0.35103756189346313,DAY_DISCUSS,0,,Worker,,1,run_1785018842_baffe3,,1337053877,disabled,,,
Agent_6,0,TALK_INTENT,,,,,,,0.11660865694284439,DAY_DISCUSS,0,,Worker,,1,run_1785018842_baffe3,,1337053877,disabled,,,
Agent_7,2,TALK_INTENT,,,,,,,0.22779437899589539,DAY_DISCUSS,0,,Worker,,1,run_1785018842_baffe3,,1337053877,disabled,,,
Agent_8,1,TALK_INTENT,,,,,,,0.19525566697120667,DAY_DISCUSS,0,,Worker,,1,run_1785018842_baffe3,,1337053877,disabled,,,
Agent_0,4,TALK_INTENT,,,,,,,0.39172276854515076,DAY_DISCUSS,0,,Werewolf,,1,run_1785018842_baffe3,,1337053877,disabled,,,
Agent_1,3,TALK_INTENT,,,,,,,0.21732454001903534,DAY_DISCUSS,0,,Worker,,1,run_1785018842_baffe3,,1337053877,disabled,,,
Agent_2,2,TALK_INTENT,,,,,,,0.4317970275878906,DAY_DISCUSS,0,,Worker,,1,run_1785018842_baffe3,,1337053877,disabled,,,
Agent_3,3,TALK_INTENT,,,,,,,0.1720457375049591,DAY_DISCUSS,0,,Worker,,1,run_1785018842_baffe3,,1337053877,disabled,,,
Agent_4,3,TALK_INTENT,,,,,,,0.2702183127403259,DAY_DISCUSS,0,,Werewolf,,1,run_1785018842_baffe3,,1337053877,disabled,,,
Agent_5,2,TALK_INTENT,,,,,,,0.35103756189346313,DAY_DISCUSS,0,,Worker,,1,run_1785018842_baffe3,,1337053877,disabled,,,
Agent_6,3,TALK_INTENT,,,,,,,0.11660865694284439,DAY_DISCUSS,0,,Worker,,1,run_1785018842_baffe3,,1337053877,disabled,,,
Agent_7,4,TALK_INTENT,,,,,,,0.22779437899589539,DAY_DISCUSS,0,,Worker,,1,run_1785018842_baffe3,,1337053877,disabled,,,
Agent_8,3,TALK_INTENT,,,,,,,0.19525566697120667,DAY_DISCUSS,0,,Worker,,1,run_1785018842_baffe3,,1337053877,disabled,,,
Agent_0,6,VOTE_TARGET,,0.005828,0.041786,judge_disabled,,8,0.39172276854515076,DAY_VOTE,1,,Werewolf,,1,run_1785018842_baffe3,,1337053877,disabled,Agent_6,0,
Agent_1,0,VOTE_TARGET,,0.004703,0.037464,judge_disabled,,8,0.21732454001903534,DAY_VOTE,1,,Worker,,1,run_1785018842_baffe3,,1337053877,disabled,Agent_0,1,
Agent_2,0,VOTE_TARGET,,0.000551,0.012893,judge_disabled,,8,0.4317970275878906,DAY_VOTE,1,,Worker,,1,run_1785018842_baffe3,,1337053877,disabled,Agent_0,1,
Agent_3,0,VOTE_TARGET,,0.000524,0.012584,judge_disabled,,8,0.1720457375049591,DAY_VOTE,1,,Worker,,1,run_1785018842_baffe3,,1337053877,disabled,Agent_0,1,
Agent_4,6,VOTE_TARGET,,0.000561,0.013294,judge_disabled,,8,0.2702183127403259,DAY_VOTE,1,,Werewolf,,1,run_1785018842_baffe3,,1337053877,disabled,Agent_6,0,
Agent_5,0,VOTE_TARGET,,0.000479,0.012034,judge_disabled,,8,0.35103756189346313,DAY_VOTE,1,,Worker,,1,run_1785018842_baffe3,,1337053877,disabled,Agent_0,1,
Agent_6,0,VOTE_TARGET,,0.000608,0.013555,judge_disabled,,8,0.11660865694284439,DAY_VOTE,1,,Worker,,1,run_1785018842_baffe3,,1337053877,disabled,Agent_0,1,
Agent_7,0,VOTE_TARGET,,0.000505,0.013080,judge_disabled,,8,0.22779437899589539,DAY_VOTE,1,,Worker,,1,run_1785018842_baffe3,,1337053877,disabled,Agent_0,1,
Agent_8,0,VOTE_TARGET,,0.000531,0.013082,judge_disabled,,8,0.19525566697120667,DAY_VOTE,1,,Worker,,1,run_1785018842_baffe3,,1337053877,disabled,Agent_0,1,
Agent_4,1,KILL_TARGET,,,,,,7,0.2702183127403259,NIGHT_KILL,2,,Werewolf,,1,run_1785018842_baffe3,,1337053877,disabled,,,
Agent_2,0,TALK_INTENT,,,,,,,0.4317970275878906,DAY_DISCUSS,0,,Worker,,2,run_1785018842_baffe3,,1337053877,disabled,,,
Agent_3,1,TALK_INTENT,,,,,,,0.1720457375049591,DAY_DISCUSS,0,,Worker,,2,run_1785018842_baffe3,,1337053877,disabled,,,
Agent_4,3,TALK_INTENT,,,,,,,0.2702183127403259,DAY_DISCUSS,0,,Werewolf,,2,run_1785018842_baffe3,,1337053877,disabled,,,
Agent_5,2,TALK_INTENT,,,,,,,0.35103756189346313,DAY_DISCUSS,0,,Worker,,2,run_1785018842_baffe3,,1337053877,disabled,,,
Agent_6,1,TALK_INTENT,,,,,,,0.11660865694284439,DAY_DISCUSS,0,,Worker,,2,run_1785018842_baffe3,,1337053877,disabled,,,
Agent_7,2,TALK_INTENT,,,,,,,0.22779437899589539,DAY_DISCUSS,0,,Worker,,2,run_1785018842_baffe3,,1337053877,disabled,,,
Agent_8,1,TALK_INTENT,,,,,,,0.19525566697120667,DAY_DISCUSS,0,,Worker,,2,run_1785018842_baffe3,,1337053877,disabled,,,
Agent_2,0,TALK_INTENT,,,,,,,0.4317970275878906,DAY_DISCUSS,0,,Worker,,2,run_1785018842_baffe3,,1337053877,disabled,,,
Agent_3,3,TALK_INTENT,,,,,,,0.1720457375049591,DAY_DISCUSS,0,,Worker,,2,run_1785018842_baffe3,,1337053877,disabled,,,
Agent_4,4,TALK_INTENT,,,,,,,0.2702183127403259,DAY_DISCUSS,0,,Werewolf,,2,run_1785018842_baffe3,,1337053877,disabled,,,
Agent_5,1,TALK_INTENT,,,,,,,0.35103756189346313,DAY_DISCUSS,0,,Worker,,2,run_1785018842_baffe3,,1337053877,disabled,,,
Agent_6,3,TALK_INTENT,,,,,,,0.11660865694284439,DAY_DISCUSS,0,,Worker,,2,run_1785018842_baffe3,,1337053877,disabled,,,
Agent_7,1,TALK_INTENT,,,,,,,0.22779437899589539,DAY_DISCUSS,0,,Worker,,2,run_1785018842_baffe3,,1337053877,disabled,,,
Agent_8,2,TALK_INTENT,,,,,,,0.19525566697120667,DAY_DISCUSS,0,,Worker,,2,run_1785018842_baffe3,,1337053877,disabled,,,
Agent_2,5,VOTE_TARGET,,0.005012,0.039023,judge_disabled,,6,0.4317970275878906,DAY_VOTE,1,,Worker,,2,run_1785018842_baffe3,,1337053877,disabled,Agent_5,0,
Agent_3,5,VOTE_TARGET,,0.000527,0.012632,judge_disabled,,6,0.1720457375049591,DAY_VOTE,1,,Worker,,2,run_1785018842_baffe3,,1337053877,disabled,Agent_5,0,
Agent_4,6,VOTE_TARGET,,0.000561,0.013319,judge_disabled,,6,0.2702183127403259,DAY_VOTE,1,,Werewolf,,2,run_1785018842_baffe3,,1337053877,disabled,Agent_6,0,
Agent_5,2,VOTE_TARGET,,0.005450,0.040588,judge_disabled,,6,0.35103756189346313,DAY_VOTE,1,,Worker,,2,run_1785018842_baffe3,,1337053877,disabled,Agent_2,0,
Agent_6,5,VOTE_TARGET,,0.000608,0.013574,judge_disabled,,6,0.11660865694284439,DAY_VOTE,1,,Worker,,2,run_1785018842_baffe3,,1337053877,disabled,Agent_5,0,
Agent_7,5,VOTE_TARGET,,0.000506,0.013114,judge_disabled,,6,0.22779437899589539,DAY_VOTE,1,,Worker,,2,run_1785018842_baffe3,,1337053877,disabled,Agent_5,0,
Agent_8,5,VOTE_TARGET,,0.000528,0.013067,judge_disabled,,6,0.19525566697120667,DAY_VOTE,1,,Worker,,2,run_1785018842_baffe3,,1337053877,disabled,Agent_5,0,
Agent_4,2,KILL_TARGET,,,,,,5,0.2702183127403259,NIGHT_KILL,2,,Werewolf,,2,run_1785018842_baffe3,,1337053877,disabled,,,
Agent_3,1,TALK_INTENT,,,,,,,0.1720457375049591,DAY_DISCUSS,0,,Worker,,3,run_1785018842_baffe3,,1337053877,disabled,,,
Agent_4,3,TALK_INTENT,,,,,,,0.2702183127403259,DAY_DISCUSS,0,,Werewolf,,3,run_1785018842_baffe3,,1337053877,disabled,,,
Agent_6,3,TALK_INTENT,,,,,,,0.11660865694284439,DAY_DISCUSS,0,,Worker,,3,run_1785018842_baffe3,,1337053877,disabled,,,
Agent_7,1,TALK_INTENT,,,,,,,0.22779437899589539,DAY_DISCUSS,0,,Worker,,3,run_1785018842_baffe3,,1337053877,disabled,,,
Agent_8,4,TALK_INTENT,,,,,,,0.19525566697120667,DAY_DISCUSS,0,,Worker,,3,run_1785018842_baffe3,,1337053877,disabled,,,
Agent_3,4,TALK_INTENT,,,,,,,0.1720457375049591,DAY_DISCUSS,0,,Worker,,3,run_1785018842_baffe3,,1337053877,disabled,,,
Agent_4,0,TALK_INTENT,,,,,,,0.2702183127403259,DAY_DISCUSS,0,,Werewolf,,3,run_1785018842_baffe3,,1337053877,disabled,,,
Agent_6,0,TALK_INTENT,,,,,,,0.11660865694284439,DAY_DISCUSS,0,,Worker,,3,run_1785018842_baffe3,,1337053877,disabled,,,
Agent_7,3,TALK_INTENT,,,,,,,0.22779437899589539,DAY_DISCUSS,0,,Worker,,3,run_1785018842_baffe3,,1337053877,disabled,,,
Agent_8,3,TALK_INTENT,,,,,,,0.19525566697120667,DAY_DISCUSS,0,,Worker,,3,run_1785018842_baffe3,,1337053877,disabled,,,
Agent_3,8,VOTE_TARGET,,0.000526,0.012634,judge_disabled,,4,0.1720457375049591,DAY_VOTE,1,,Worker,,3,run_1785018842_baffe3,,1337053877,disabled,Agent_8,0,
Agent_4,6,VOTE_TARGET,,0.000552,0.013246,judge_disabled,,4,0.2702183127403259,DAY_VOTE,1,,Werewolf,,3,run_1785018842_baffe3,,1337053877,disabled,Agent_6,0,
Agent_6,7,VOTE_TARGET,,0.004984,0.039124,judge_disabled,,4,0.11660865694284439,DAY_VOTE,1,,Worker,,3,run_1785018842_baffe3,,1337053877,disabled,Agent_7,0,
Agent_7,6,VOTE_TARGET,,0.000506,0.013161,judge_disabled,,4,0.22779437899589539,DAY_VOTE,1,,Worker,,3,run_1785018842_baffe3,,1337053877,disabled,Agent_6,0,
Agent_8,7,VOTE_TARGET,,0.000520,0.013020,judge_disabled,,4,0.19525566697120667,DAY_VOTE,1,,Worker,,3,run_1785018842_baffe3,,1337053877,disabled,Agent_7,0,
Agent_4,6,KILL_TARGET,,,,,,4,0.2702183127403259,NIGHT_KILL,2,,Werewolf,,3,run_1785018842_baffe3,,1337053877,disabled,,,
Agent_3,2,TALK_INTENT,,,,,,,0.1720457375049591,DAY_DISCUSS,0,,Worker,,4,run_1785018842_baffe3,,1337053877,disabled,,,
Agent_4,4,TALK_INTENT,,,,,,,0.2702183127403259,DAY_DISCUSS,0,,Werewolf,,4,run_1785018842_baffe3,,1337053877,disabled,,,
Agent_7,3,TALK_INTENT,,,,,,,0.22779437899589539,DAY_DISCUSS,0,,Worker,,4,run_1785018842_baffe3,,1337053877,disabled,,,
Agent_8,4,TALK_INTENT,,,,,,,0.19525566697120667,DAY_DISCUSS,0,,Worker,,4,run_1785018842_baffe3,,1337053877,disabled,,,
Agent_3,1,TALK_INTENT,,,,,,,0.1720457375049591,DAY_DISCUSS,0,,Worker,,4,run_1785018842_baffe3,,1337053877,disabled,,,
Agent_4,3,TALK_INTENT,,,,,,,0.2702183127403259,DAY_DISCUSS,0,,Werewolf,,4,run_1785018842_baffe3,,1337053877,disabled,,,
Agent_7,1,TALK_INTENT,,,,,,,0.22779437899589539,DAY_DISCUSS,0,,Worker,,4,run_1785018842_baffe3,,1337053877,disabled,,,
Agent_8,2,TALK_INTENT,,,,,,,0.19525566697120667,DAY_DISCUSS,0,,Worker,,4,run_1785018842_baffe3,,1337053877,disabled,,,
Agent_3,8,VOTE_TARGET,,0.000533,0.012733,judge_disabled,,3,0.1720457375049591,DAY_VOTE,1,,Worker,,4,run_1785018842_baffe3,,1337053877,disabled,Agent_8,0,
Agent_4,8,VOTE_TARGET,,0.000551,0.013246,judge_disabled,,3,0.2702183127403259,DAY_VOTE,1,,Werewolf,,4,run_1785018842_baffe3,,1337053877,disabled,Agent_8,0,
Agent_7,8,VOTE_TARGET,,0.005137,0.038972,judge_disabled,,3,0.22779437899589539,DAY_VOTE,1,,Worker,,4,run_1785018842_baffe3,,1337053877,disabled,Agent_8,0,
Agent_8,7,VOTE_TARGET,,0.005310,0.039736,judge_disabled,,3,0.19525566697120667,DAY_VOTE,1,,Worker,,4,run_1785018842_baffe3,,1337053877,disabled,Agent_7,0,
Agent_4,7,KILL_TARGET,,,,,,2,0.2702183127403259,NIGHT_KILL,2,,Werewolf,,4,run_1785018842_baffe3,,1337053877,disabled,,,
Agent_0,2,TALK_INTENT,,,,,,,0.39172276854515076,DAY_DISCUSS,0,,Worker,,1,run_1785018847_5638ff,,1337063850,disabled,,,
Agent_1,0,TALK_INTENT,,,,,,,0.21732454001903534,DAY_DISCUSS,0,,Worker,,1,run_1785018847_5638ff,,1337063850,disabled,,,
Agent_2,0,TALK_INTENT,,,,,,,0.4317970275878906,DAY_DISCUSS,0,,Worker,,1,run_1785018847_5638ff,,1337063850,disabled,,,
Agent_3,0,TALK_INTENT,,,,,,,0.1720457375049591,DAY_DISCUSS,0,,Worker,,1,run_1785018847_5638ff,,1337063850,disabled,,,
Agent_4,0,TALK_INTENT,,,,,,,0.2702183127403259,DAY_DISCUSS,0,,Worker,,1,run_1785018847_5638ff,,1337063850,disabled,,,
Agent_5,3,TALK_INTENT,,,,,,,0.35103756189346313,DAY_DISCUSS,0,,Werewolf,,1,run_1785018847_5638ff,,1337063850,disabled,,,
Agent_6,0,TALK_INTENT,,,,,,,0.11660865694284439,DAY_DISCUSS,0,,Worker,,1,run_1785018847_5638ff,,1337063850,disabled,,,
Agent_7,1,TALK_INTENT,,,,,,,0.22779437899589539,DAY_DISCUSS,0,,Worker,,1,run_1785018847_5638ff,,1337063850,disabled,,,
Agent_8,1,TALK_INTENT,,,,,,,0.19525566697120667,DAY_DISCUSS,0,,Werewolf,,1,run_1785018847_5638ff,,1337063850,disabled,,,
Agent_0,0,TALK_INTENT,,,,,,,0.39172276854515076,DAY_DISCUSS,0,,Worker,,1,run_1785018847_5638ff,,1337063850,disabled,,,
Agent_1,0,TALK_INTENT,,,,,,,0.21732454001903534,DAY_DISCUSS,0,,Worker,,1,run_1785018847_5638ff,,1337063850,disabled,,,
Agent_2,0,TALK_INTENT,,,,,,,0.4317970275878906,DAY_DISCUSS,0,,Worker,,1,run_1785018847_5638ff,,1337063850,disabled,,,
Agent_3,4,TALK_INTENT,,,,,,,0.1720457375049591,DAY_DISCUSS,0,,Worker,,1,run_1785018847_5638ff,,1337063850,disabled,,,
Agent_4,0,TALK_INTENT,,,,,,,0.2702183127403259,DAY_DISCUSS,0,,Worker,,1,run_1785018847_5638ff,,1337063850,disabled,,,
Agent_5,4,TALK_INTENT,,,,,,,0.35103756189346313,DAY_DISCUSS,0,,Werewolf,,1,run_1785018847_5638ff,,1337063850,disabled,,,
Agent_6,2,TALK_INTENT,,,,,,,0.11660865694284439,DAY_DISCUSS,0,,Worker,,1,run_1785018847_5638ff,,1337063850,disabled,,,
Agent_7,1,TALK_INTENT,,,,,,,0.22779437899589539,DAY_DISCUSS,0,,Worker,,1,run_1785018847_5638ff,,1337063850,disabled,,,
Agent_8,2,TALK_INTENT,,,,,,,0.19525566697120667,DAY_DISCUSS,0,,Werewolf,,1,run_1785018847_5638ff,,1337063850,disabled,,,
Agent_0,4,VOTE_TARGET,,0.000540,0.012778,judge_disabled,,8,0.39172276854515076,DAY_VOTE,1,,Worker,,1,run_1785018847_5638ff,,1337063850,disabled,Agent_4,0,
Agent_1,4,VOTE_TARGET,,0.004514,0.037144,judge_disabled,,8,0.21732454001903534,DAY_VOTE,1,,Worker,,1,run_1785018847_5638ff,,1337063850,disabled,Agent_4,0,
Agent_2,4,VOTE_TARGET,,0.000560,0.013134,judge_disabled,,8,0.4317970275878906,DAY_VOTE,1,,Worker,,1,run_1785018847_5638ff,,1337063850,disabled,Agent_4,0,
Agent_3,4,VOTE_TARGET,,0.000506,0.012998,judge_disabled,,8,0.1720457375049591,DAY_VOTE,1,,Worker,,1,run_1785018847_5638ff,,1337063850,disabled,Agent_4,0,
Agent_4,2,VOTE_TARGET,,0.004968,0.038649,judge_disabled,,8,0.2702183127403259,DAY_VOTE,1,,Worker,,1,run_1785018847_5638ff,,1337063850,disabled,Agent_2,0,
Agent_5,6,VOTE_TARGET,,0.000530,0.012657,judge_disabled,,8,0.35103756189346313,DAY_VOTE,1,,Werewolf,,1,run_1785018847_5638ff,,1337063850,disabled,Agent_6,0,
Agent_6,4,VOTE_TARGET,,0.000572,0.013347,judge_disabled,,8,0.11660865694284439,DAY_VOTE,1,,Worker,,1,run_1785018847_5638ff,,1337063850,disabled,Agent_4,0,
Agent_7,4,VOTE_TARGET,,0.000426,0.011700,judge_disabled,,8,0.22779437899589539,DAY_VOTE,1,,Worker,,1,run_1785018847_5638ff,,1337063850,disabled,Agent_4,0,
Agent_8,6,VOTE_TARGET,,0.000532,0.013374,judge_disabled,,8,0.19525566697120667,DAY_VOTE,1,,Werewolf,,1,run_1785018847_5638ff,,1337063850,disabled,Agent_6,0,
Agent_5,1,KILL_TARGET,,,,,,6,0.35103756189346313,NIGHT_KILL,2,,Werewolf,,1,run_1785018847_5638ff,,1337063850,disabled,,,
Agent_0,3,TALK_INTENT,,,,,,,0.39172276854515076,DAY_DISCUSS,0,,Worker,,2,run_1785018847_5638ff,,1337063850,disabled,,,
Agent_2,1,TALK_INTENT,,,,,,,0.4317970275878906,DAY_DISCUSS,0,,Worker,,2,run_1785018847_5638ff,,1337063850,disabled,,,
Agent_3,1,TALK_INTENT,,,,,,,0.1720457375049591,DAY_DISCUSS,0,,Worker,,2,run_1785018847_5638ff,,1337063850,disabled,,,
Agent_5,0,TALK_INTENT,,,,,,,0.35103756189346313,DAY_DISCUSS,0,,Werewolf,,2,run_1785018847_5638ff,,1337063850,disabled,,,
Agent_6,0,TALK_INTENT,,,,,,,0.11660865694284439,DAY_DISCUSS,0,,Worker,,2,run_1785018847_5638ff,,1337063850,disabled,,,
Agent_7,4,TALK_INTENT,,,,,,,0.22779437899589539,DAY_DISCUSS,0,,Worker,,2,run_1785018847_5638ff,,1337063850,disabled,,,
Agent_8,2,TALK_INTENT,,,,,,,0.19525566697120667,DAY_DISCUSS,0,,Werewolf,,2,run_1785018847_5638ff,,1337063850,disabled,,,
Agent_0,4,TALK_INTENT,,,,,,,0.39172276854515076,DAY_DISCUSS,0,,Worker,,2,run_1785018847_5638ff,,1337063850,disabled,,,
Agent_2,4,TALK_INTENT,,,,,,,0.4317970275878906,DAY_DISCUSS,0,,Worker,,2,run_1785018847_5638ff,,1337063850,disabled,,,
Agent_3,1,TALK_INTENT,,,,,,,0.1720457375049591,DAY_DISCUSS,0,,Worker,,2,run_1785018847_5638ff,,1337063850,disabled,,,
Agent_5,3,TALK_INTENT,,,,,,,0.35103756189346313,DAY_DISCUSS,0,,Werewolf,,2,run_1785018847_5638ff,,1337063850,disabled,,,
Agent_6,1,TALK_INTENT,,,,,,,0.11660865694284439,DAY_DISCUSS,0,,Worker,,2,run_1785018847_5638ff,,1337063850,disabled,,,
Agent_7,3,TALK_INTENT,,,,,,,0.22779437899589539,DAY_DISCUSS,0,,Worker,,2,run_1785018847_5638ff,,1337063850,disabled,,,
Agent_8,2,TALK_INTENT,,,,,,,0.19525566697120667,DAY_DISCUSS,0,,Werewolf,,2,run_1785018847_5638ff,,1337063850,disabled,,,
Agent_0,2,VOTE_TARGET,,0.000536,0.012744,judge_disabled,,6,0.39172276854515076,DAY_VOTE,1,,Worker,,2,run_1785018847_5638ff,,1337063850,disabled,Agent_2,0,
Agent_2,8,VOTE_TARGET,,0.004669,0.037377,judge_disabled,,6,0.4317970275878906,DAY_VOTE,1,,Worker,,2,run_1785018847_5638ff,,1337063850,disabled,Agent_8,1,
Agent_3,2,VOTE_TARGET,,0.000507,0.013005,judge_disabled,,6,0.1720457375049591,DAY_VOTE,1,,Worker,,2,run_1785018847_5638ff,,1337063850,disabled,Agent_2,0,
Agent_5,6,VOTE_TARGET,,0.000528,0.012655,judge_disabled,,6,0.35103756189346313,DAY_VOTE,1,,Werewolf,,2,run_1785018847_5638ff,,1337063850,disabled,Agent_6,0,
Agent_6,2,VOTE_TARGET,,0.005544,0.040623,judge_disabled,,6,0.11660865694284439,DAY_VOTE,1,,Worker,,2,run_1785018847_5638ff,,1337063850,disabled,Agent_2,0,
Agent_7,2,VOTE_TARGET,,0.000425,0.011701,judge_disabled,,6,0.22779437899589539,DAY_VOTE,1,,Worker,,2,run_1785018847_5638ff,,1337063850,disabled,Agent_2,0,
Agent_8,6,VOTE_TARGET,,0.000531,0.013359,judge_disabled,,6,0.19525566697120667,DAY_VOTE,1,,Werewolf,,2,run_1785018847_5638ff,,1337063850,disabled,Agent_6,0,
Agent_5,6,KILL_TARGET,,,,,,4,0.35103756189346313,NIGHT_KILL,2,,Werewolf,,2,run_1785018847_5638ff,,1337063850,disabled,,,
Agent_0,0,TALK_INTENT,,,,,,,0.39172276854515076,DAY_DISCUSS,0,,Worker,,3,run_1785018847_5638ff,,1337063850,disabled,,,
Agent_3,0,TALK_INTENT,,,,,,,0.1720457375049591,DAY_DISCUSS,0,,Worker,,3,run_1785018847_5638ff,,1337063850,disabled,,,
Agent_5,1,TALK_INTENT,,,,,,,0.35103756189346313,DAY_DISCUSS,0,,Werewolf,,3,run_1785018847_5638ff,,1337063850,disabled,,,
Agent_7,1,TALK_INTENT,,,,,,,0.22779437899589539,DAY_DISCUSS,0,,Worker,,3,run_1785018847_5638ff,,1337063850,disabled,,,
Agent_8,0,TALK_INTENT,,,,,,,0.19525566697120667,DAY_DISCUSS,0,,Werewolf,,3,run_1785018847_5638ff,,1337063850,disabled,,,
Agent_0,2,TALK_INTENT,,,,,,,0.39172276854515076,DAY_DISCUSS,0,,Worker,,3,run_1785018847_5638ff,,1337063850,disabled,,,
Agent_3,1,TALK_INTENT,,,,,,,0.1720457375049591,DAY_DISCUSS,0,,Worker,,3,run_1785018847_5638ff,,1337063850,disabled,,,
Agent_5,2,TALK_INTENT,,,,,,,0.35103756189346313,DAY_DISCUSS,0,,Werewolf,,3,run_1785018847_5638ff,,1337063850,disabled,,,
Agent_7,2,TALK_INTENT,,,,,,,0.22779437899589539,DAY_DISCUSS,0,,Worker,,3,run_1785018847_5638ff,,1337063850,disabled,,,
Agent_8,2,TALK_INTENT,,,,,,,0.19525566697120667,DAY_DISCUSS,0,,Werewolf,,3,run_1785018847_5638ff,,1337063850,disabled,,,
Agent_0,8,VOTE_TARGET,,0.000546,0.012873,judge_disabled,,4,0.39172276854515076,DAY_VOTE,1,,Worker,,3,run_1785018847_5638ff,,1337063850,disabled,Agent_8,1,
Agent_3,8,VOTE_TARGET,,0.000506,0.012985,judge_disabled,,4,0.1720457375049591,DAY_VOTE,1,,Worker,,3,run_1785018847_5638ff,,1337063850,disabled,Agent_8,1,
Agent_5,8,VOTE_TARGET,,0.000528,0.012674,judge_disabled,,4,0.35103756189346313,DAY_VOTE,1,,Werewolf,,3,run_1785018847_5638ff,,1337063850,disabled,Agent_8,1,
Agent_7,8,VOTE_TARGET,,0.005150,0.040351,judge_disabled,,4,0.22779437899589539,DAY_VOTE,1,,Worker,,3,run_1785018847_5638ff,,1337063850,disabled,Agent_8,1,
Agent_8,5,VOTE_TARGET,,0.005266,0.041134,judge_disabled,,4,0.19525566697120667,DAY_VOTE,1,,Werewolf,,3,run_1785018847_5638ff,,1337063850,disabled,Agent_5,1,
Agent_5,7,KILL_TARGET,,,,,,3,0.35103756189346313,NIGHT_KILL,2,,Werewolf,,3,run_1785018847_5638ff,,1337063850,disabled,,,
Agent_0,3,TALK_INTENT,,,,,,,0.39172276854515076,DAY_DISCUSS,0,,Worker,,4,run_1785018847_5638ff,,1337063850,disabled,,,
Agent_3,1,TALK_INTENT,,,,,,,0.1720457375049591,DAY_DISCUSS,0,,Worker,,4,run_1785018847_5638ff,,1337063850,disabled,,,
Agent_5,2,TALK_INTENT,,,,,,,0.35103756189346313,DAY_DISCUSS,0,,Werewolf,,4,run_1785018847_5638ff,,1337063850,disabled,,,
Agent_0,3,TALK_INTENT,,,,,,,0.39172276854515076,DAY_DISCUSS,0,,Worker,,4,run_1785018847_5638ff,,1337063850,disabled,,,
Agent_3,4,TALK_INTENT,,,,,,,0.1720457375049591,DAY_DISCUSS,0,,Worker,,4,run_1785018847_5638ff,,1337063850,disabled,,,
Agent_5,2,TALK_INTENT,,,,,,,0.35103756189346313,DAY_DISCUSS,0,,Werewolf,,4,run_1785018847_5638ff,,1337063850,disabled,,,
Agent_0,5,VOTE_TARGET,,0.000554,0.012984,judge_disabled,,2,0.39172276854515076,DAY_VOTE,1,,Worker,,4,run_1785018847_5638ff,,1337063850,disabled,Agent_5,1,
Agent_3,5,VOTE_TARGET,,0.000522,0.013188,judge_disabled,,2,0.1720457375049591,DAY_VOTE,1,,Worker,,4,run_1785018847_5638ff,,1337063850,disabled,Agent_5,1,
Agent_5,3,VOTE_TARGET,,0.005371,0.040380,judge_disabled,,2,0.35103756189346313,DAY_VOTE,1,,Werewolf,,4,run_1785018847_5638ff,,1337063850,disabled,Agent_3,0,
Agent_0,4,TALK_INTENT,,,,,,,0.39172276854515076,DAY_DISCUSS,0,,Worker,,1,run_1785018853_784e0a,,1337073823,disabled,,,
Agent_1,0,TALK_INTENT,,,,,,,0.21732454001903534,DAY_DISCUSS,0,,Worker,,1,run_1785018853_784e0a,,1337073823,disabled,,,
Agent_2,3,TALK_INTENT,,,,,,,0.4317970275878906,DAY_DISCUSS,0,,Worker,,1,run_1785018853_784e0a,,1337073823,disabled,,,
Agent_3,3,TALK_INTENT,,,,,,,0.1720457375049591,DAY_DISCUSS,0,,Werewolf,,1,run_1785018853_784e0a,,1337073823,disabled,,,
Agent_4,2,TALK_INTENT,,,,,,,0.2702183127403259,DAY_DISCUSS,0,,Worker,,1,run_1785018853_784e0a,,1337073823,disabled,,,
Agent_5,0,TALK_INTENT,,,,,,,0.35103756189346313,DAY_DISCUSS,0,,Worker,,1,run_1785018853_784e0a,,1337073823,disabled,,,
Agent_6,3,TALK_INTENT,,,,,,,0.11660865694284439,DAY_DISCUSS,0,,Werewolf,,1,run_1785018853_784e0a,,1337073823,disabled,,,
Agent_7,4,TALK_INTENT,,,,,,,0.22779437899589539,DAY_DISCUSS,0,,Worker,,1,run_1785018853_784e0a,,1337073823,disabled,,,
Agent_8,1,TALK_INTENT,,,,,,,0.19525566697120667,DAY_DISCUSS,0,,Worker,,1,run_1785018853_784e0a,,1337073823,disabled,,,
Agent_0,0,TALK_INTENT,,,,,,,0.39172276854515076,DAY_DISCUSS,0,,Worker,,1,run_1785018853_784e0a,,1337073823,disabled,,,
Agent_1,0,TALK_INTENT,,,,,,,0.21732454001903534,DAY_DISCUSS,0,,Worker,,1,run_1785018853_784e0a,,1337073823,disabled,,,
Agent_2,1,TALK_INTENT,,,,,,,0.4317970275878906,DAY_DISCUSS,0,,Worker,,1,run_1785018853_784e0a,,1337073823,disabled,,,
Agent_3,0,TALK_INTENT,,,,,,,0.1720457375049591,DAY_DISCUSS,0,,Werewolf,,1,run_1785018853_784e0a,,1337073823,disabled,,,
Agent_4,1,TALK_INTENT,,,,,,,0.2702183127403259,DAY_DISCUSS,0,,Worker,,1,run_1785018853_784e0a,,1337073823,disabled,,,
Agent_5,0,TALK_INTENT,,,,,,,0.35103756189346313,DAY_DISCUSS,0,,Worker,,1,run_1785018853_784e0a,,1337073823,disabled,,,
Agent_6,1,TALK_INTENT,,,,,,,0.11660865694284439,DAY_DISCUSS,0,,Werewolf,,1,run_1785018853_784e0a,,1337073823,disabled,,,
Agent_7,4,TALK_INTENT,,,,,,,0.22779437899589539,DAY_DISCUSS,0,,Worker,,1,run_1785018853_784e0a,,1337073823,disabled,,,
Agent_8,2,TALK_INTENT,,,,,,,0.19525566697120667,DAY_DISCUSS,0,,Worker,,1,run_1785018853_784e0a,,1337073823,disabled,,,
Agent_0,1,VOTE_TARGET,,0.000594,0.013461,judge_disabled,,8,0.39172276854515076,DAY_VOTE,1,,Worker,,1,run_1785018853_784e0a,,1337073823,disabled,Agent_1,0,
Agent_1,8,VOTE_TARGET,,0.005260,0.039719,judge_disabled,,8,0.21732454001903534,DAY_VOTE,1,,Worker,,1,run_1785018853_784e0a,,1337073823,disabled,Agent_8,0,
Agent_2,1,VOTE_TARGET,,0.004578,0.037530,judge_disabled,,8,0.4317970275878906,DAY_VOTE,1,,Worker,,1,run_1785018853_784e0a,,1337073823,disabled,Agent_1,0,
Agent_3,6,VOTE_TARGET,,0.000586,0.013301,judge_disabled,,8,0.1720457375049591,DAY_VOTE,1,,Werewolf,,1,run_1785018853_784e0a,,1337073823,disabled,Agent_6,1,
Agent_4,1,VOTE_TARGET,,0.000473,0.012104,judge_disabled,,8,0.2702183127403259,DAY_VOTE,1,,Worker,,1,run_1785018853_784e0a,,1337073823,disabled,Agent_1,0,
Agent_5,1,VOTE_TARGET,,0.000508,0.012570,judge_disabled,,8,0.35103756189346313,DAY_VOTE,1,,Worker,,1,run_1785018853_784e0a,,1337073823,disabled,Agent_1,0,
Agent_6,5,VOTE_TARGET,,0.000540,0.012767,judge_disabled,,8,0.11660865694284439,DAY_VOTE,1,,Werewolf,,1,run_1785018853_784e0a,,1337073823,disabled,Agent_5,0,
Agent_7,1,VOTE_TARGET,,0.000507,0.013105,judge_disabled,,8,0.22779437899589539,DAY_VOTE,1,,Worker,,1,run_1785018853_784e0a,,1337073823,disabled,Agent_1,0,
Agent_8,1,VOTE_TARGET,,0.000581,0.013459,judge_disabled,,8,0.19525566697120667,DAY_VOTE,1,,Worker,,1,run_1785018853_784e0a,,1337073823,disabled,Agent_1,0,
Agent_3,2,KILL_TARGET,,,,,,6,0.1720457375049591,NIGHT_KILL,2,,Werewolf,,1,run_1785018853_784e0a,,1337073823,disabled,,,
Agent_0,0,TALK_INTENT,,,,,,,0.39172276854515076,DAY_DISCUSS,0,,Worker,,2,run_1785018853_784e0a,,1337073823,disabled,,,
Agent_3,4,TALK_INTENT,,,,,,,0.1720457375049591,DAY_DISCUSS,0,,Werewolf,,2,run_1785018853_784e0a,,1337073823,disabled,,,
Agent_4,1,TALK_INTENT,,,,,,,0.2702183127403259,DAY_DISCUSS,0,,Worker,,2,run_1785018853_784e0a,,1337073823,disabled,,,
Agent_5,0,TALK_INTENT,,,,,,,0.35103756189346313,DAY_DISCUSS,0,,Worker,,2,run_1785018853_784e0a,,1337073823,disabled,,,
Agent_6,0,TALK_INTENT,,,,,,,0.11660865694284439,DAY_DISCUSS,0,,Werewolf,,2,run_1785018853_784e0a,,1337073823,disabled,,,
Agent_7,4,TALK_INTENT,,,,,,,0.22779437899589539,DAY_DISCUSS,0,,Worker,,2,run_1785018853_784e0a,,1337073823,disabled,,,
Agent_8,3,TALK_INTENT,,,,,,,0.19525566697120667,DAY_DISCUSS,0,,Worker,,2,run_1785018853_784e0a,,1337073823,disabled,,,
Agent_0,2,TALK_INTENT,,,,,,,0.39172276854515076,DAY_DISCUSS,0,,Worker,,2,run_1785018853_784e0a,,1337073823,disabled,,,
Agent_3,2,TALK_INTENT,,,,,,,0.1720457375049591,DAY_DISCUSS,0,,Werewolf,,2,run_1785018853_784e0a,,1337073823,disabled,,,
Agent_4,0,TALK_INTENT,,,,,,,0.2702183127403259,DAY_DISCUSS,0,,Worker,,2,run_1785018853_784e0a,,1337073823,disabled,,,
Agent_5,3,TALK_INTENT,,,,,,,0.35103756189346313,DAY_DISCUSS,0,,Worker,,2,run_1785018853_784e0a,,1337073823,disabled,,,
Agent_6,2,TALK_INTENT,,,,,,,0.11660865694284439,DAY_DISCUSS,0,,Werewolf,,2,run_1785018853_784e0a,,1337073823,disabled,,,
Agent_7,0,TALK_INTENT,,,,,,,0.22779437899589539,DAY_DISCUSS,0,,Worker,,2,run_1785018853_784e0a,,1337073823,disabled,,,
Agent_8,2,TALK_INTENT,,,,,,,0.19525566697120667,DAY_DISCUSS,0,,Worker,,2,run_1785018853_784e0a,,1337073823,disabled,,,
Agent_0,8,VOTE_TARGET,,0.000592,0.013449,judge_disabled,,6,0.39172276854515076,DAY_VOTE,1,,Worker,,2,run_1785018853_784e0a,,1337073823,disabled,Agent_8,0,
Agent_3,6,VOTE_TARGET,,0.000586,0.013315,judge_disabled,,6,0.1720457375049591,DAY_VOTE,1,,Werewolf,,2,run_1785018853_784e0a,,1337073823,disabled,Agent_6,1,
Agent_4,8,VOTE_TARGET,,0.000474,0.012118,judge_disabled,,6,0.2702183127403259,DAY_VOTE,1,,Worker,,2,run_1785018853_784e0a,,1337073823,disabled,Agent_8,0,
Agent_5,8,VOTE_TARGET,,0.005084,0.039823,judge_disabled,,6,0.35103756189346313,DAY_VOTE,1,,Worker,,2,run_1785018853_784e0a,,1337073823,disabled,Agent_8,0,
Agent_6,5,VOTE_TARGET,,0.000543,0.012825,judge_disabled,,6,0.11660865694284439,DAY_VOTE,1,,Werewolf,,2,run_1785018853_784e0a,,1337073823,disabled,Agent_5,0,
Agent_7,8,VOTE_TARGET,,0.000507,0.013136,judge_disabled,,6,0.22779437899589539,DAY_VOTE,1,,Worker,,2,run_1785018853_784e0a,,1337073823,disabled,Agent_8,0,
Agent_8,5,VOTE_TARGET,,0.005537,0.041529,judge_disabled,,6,0.19525566697120667,DAY_VOTE,1,,Worker,,2,run_1785018853_784e0a,,1337073823,disabled,Agent_5,0,
Agent_3,5,KILL_TARGET,,,,,,4,0.1720457375049591,NIGHT_KILL,2,,Werewolf,,2,run_1785018853_784e0a,,1337073823,disabled,,,
Agent_0,3,TALK_INTENT,,,,,,,0.39172276854515076,DAY_DISCUSS,0,,Worker,,3,run_1785018853_784e0a,,1337073823,disabled,,,
Agent_3,4,TALK_INTENT,,,,,,,0.1720457375049591,DAY_DISCUSS,0,,Werewolf,,3,run_1785018853_784e0a,,1337073823,disabled,,,
Agent_4,1,TALK_INTENT,,,,,,,0.2702183127403259,DAY_DISCUSS,0,,Worker,,3,run_1785018853_784e0a,,1337073823,disabled,,,
Agent_6,3,TALK_INTENT,,,,,,,0.11660865694284439,DAY_DISCUSS,0,,Werewolf,,3,run_1785018853_784e0a,,1337073823,disabled,,,
Agent_7,3,TALK_INTENT,,,,,,,0.22779437899589539,DAY_DISCUSS,0,,Worker,,3,run_1785018853_784e0a,,1337073823,disabled,,,
Agent_0,3,TALK_INTENT,,,,,,,0.39172276854515076,DAY_DISCUSS,0,,Worker,,3,run_1785018853_784e0a,,1337073823,disabled,,,
Agent_3,3,TALK_INTENT,,,,,,,0.1720457375049591,DAY_DISCUSS,0,,Werewolf,,3,run_1785018853_784e0a,,1337073823,disabled,,,
Agent_4,0,TALK_INTENT,,,,,,,0.2702183127403259,DAY_DISCUSS,0,,Worker,,3,run_1785018853_784e0a,,1337073823,disabled,,,
Agent_6,3,TALK_INTENT,,,,,,,0.11660865694284439,DAY_DISCUSS,0,,Werewolf,,3,run_1785018853_784e0a,,1337073823,disabled,,,
Agent_7,0,TALK_INTENT,,,,,,,0.22779437899589539,DAY_DISCUSS,0,,Worker,,3,run_1785018853_784e0a,,1337073823,disabled,,,
Agent_0,7,VOTE_TARGET,,0.000599,0.013529,judge_disabled,,4,0.39172276854515076,DAY_VOTE,1,,Worker,,3,run_1785018853_784e0a,,1337073823,disabled,Agent_7,0,
Agent_3,6,VOTE_TARGET,,0.000586,0.013325,judge_disabled,,4,0.1720457375049591,DAY_VOTE,1,,Werewolf,,3,run_1785018853_784e0a,,1337073823,disabled,Agent_6,1,
Agent_4,7,VOTE_TARGET,,0.005718,0.042146,judge_disabled,,4,0.2702183127403259,DAY_VOTE,1,,Worker,,3,run_1785018853_784e0a,,1337073823,disabled,Agent_7,0,
Agent_6,3,VOTE_TARGET,,0.000536,0.012750,judge_disabled,,4,0.11660865694284439,DAY_VOTE,1,,Werewolf,,3,run_1785018853_784e0a,,1337073823,disabled,Agent_3,1,
Agent_7,0,VOTE_TARGET,,0.005445,0.040077,judge_disabled,,4,0.22779437899589539,DAY_VOTE,1,,Worker,,3,run_1785018853_784e0a,,1337073823,disabled,Agent_0,0,
Agent_3,4,KILL_TARGET,,,,,,2,0.1720457375049591,NIGHT_KILL,2,,Werewolf,,3,run_1785018853_784e0a,,1337073823,disabled,,,
Agent_0,3,TALK_INTENT,,,,,,,0.39172276854515076,DAY_DISCUSS,0,,Worker,,1,run_1785018930_c1756f,,1337004012,disabled,,,
Agent_1,3,TALK_INTENT,,,,,,,0.21732454001903534,DAY_DISCUSS,0,,Worker,,1,run_1785018930_c1756f,,1337004012,disabled,,,
Agent_2,2,TALK_INTENT,,,,,,,0.4317970275878906,DAY_DISCUSS,0,,Werewolf,,1,run_1785018930_c1756f,,1337004012,disabled,,,
Agent_3,2,TALK_INTENT,,,,,,,0.1720457375049591,DAY_DISCUSS,0,,Worker,,1,run_1785018930_c1756f,,1337004012,disabled,,,
Agent_4,4,TALK_INTENT,,,,,,,0.2702183127403259,DAY_DISCUSS,0,,Werewolf,,1,run_1785018930_c1756f,,1337004012,disabled,,,
Agent_5,3,TALK_INTENT,,,,,,,0.35103756189346313,DAY_DISCUSS,0,,Worker,,1,run_1785018930_c1756f,,1337004012,disabled,,,
Agent_6,1,TALK_INTENT,,,,,,,0.11660865694284439,DAY_DISCUSS,0,,Worker,,1,run_1785018930_c1756f,,1337004012,disabled,,,
Agent_7,4,TALK_INTENT,,,,,,,0.22779437899589539,DAY_DISCUSS,0,,Worker,,1,run_1785018930_c1756f,,1337004012,disabled,,,
Agent_8,2,TALK_INTENT,,,,,,,0.19525566697120667,DAY_DISCUSS,0,,Worker,,1,run_1785018930_c1756f,,1337004012,disabled,,,
Agent_0,2,TALK_INTENT,,,,,,,0.39172276854515076,DAY_DISCUSS,0,,Worker,,1,run_1785018930_c1756f,,1337004012,disabled,,,
Agent_1,3,TALK_INTENT,,,,,,,0.21732454001903534,DAY_DISCUSS,0,,Worker,,1,run_1785018930_c1756f,,1337004012,disabled,,,
Agent_2,2,TALK_INTENT,,,,,,,0.4317970275878906,DAY_DISCUSS,0,,Werewolf,,1,run_1785018930_c1756f,,1337004012,disabled,,,
Agent_3,3,TALK_INTENT,,,,,,,0.1720457375049591,DAY_DISCUSS,0,,Worker,,1,run_1785018930_c1756f,,1337004012,disabled,,,
Agent_4,4,TALK_INTENT,,,,,,,0.2702183127403259,DAY_DISCUSS,0,,Werewolf,,1,run_1785018930_c1756f,,1337004012,disabled,,,
Agent_5,0,TALK_INTENT,,,,,,,0.35103756189346313,DAY_DISCUSS,0,,Worker,,1,run_1785018930_c1756f,,1337004012,disabled,,,
Agent_6,2,TALK_INTENT,,,,,,,0.11660865694284439,DAY_DISCUSS,0,,Worker,,1,run_1785018930_c1756f,,1337004012,disabled,,,
Agent_7,3,TALK_INTENT,,,,,,,0.22779437899589539,DAY_DISCUSS,0,,Worker,,1,run_1785018930_c1756f,,1337004012,disabled,,,
Agent_8,2,TALK_INTENT,,,,,,,0.19525566697120667,DAY_DISCUSS,0,,Worker,,1,run_1785018930_c1756f,,1337004012,disabled,,,
Agent_0,7,VOTE_TARGET,,0.004861,0.043054,judge_disabled,,8,0.39172276854515076,DAY_VOTE,1,,Worker,,1,run_1785018930_c1756f,,1337004012,disabled,Agent_7,0,
Agent_1,0,VOTE_TARGET,,0.000476,0.013384,judge_disabled,,8,0.21732454001903534,DAY_VOTE,1,,Worker,,1,run_1785018930_c1756f,,1337004012,disabled,Agent_0,0,
Agent_2,8,VOTE_TARGET,,0.000519,0.014074,judge_disabled,,8,0.4317970275878906,DAY_VOTE,1,,Werewolf,,1,run_1785018930_c1756f,,1337004012,disabled,Agent_8,0,
Agent_3,7,VOTE_TARGET,,0.000509,0.013826,judge_disabled,,8,0.1720457375049591,DAY_VOTE,1,,Worker,,1,run_1785018930_c1756f,,1337004012,disabled,Agent_7,0,
Agent_4,8,VOTE_TARGET,,0.000390,0.012547,judge_disabled,,8,0.2702183127403259,DAY_VOTE,1,,Werewolf,,1,run_1785018930_c1756f,,1337004012,disabled,Agent_8,0,
Agent_5,7,VOTE_TARGET,,0.000458,0.013703,judge_disabled,,8,0.35103756189346313,DAY_VOTE,1,,Worker,,1,run_1785018930_c1756f,,1337004012,disabled,Agent_7,0,
Agent_6,7,VOTE_TARGET,,0.000370,0.012424,judge_disabled,,8,0.11660865694284439,DAY_VOTE,1,,Worker,,1,run_1785018930_c1756f,,1337004012,disabled,Agent_7,0,
Agent_7,0,VOTE_TARGET,,0.005043,0.043640,judge_disabled,,8,0.22779437899589539,DAY_VOTE,1,,Worker,,1,run_1785018930_c1756f,,1337004012,disabled,Agent_0,0,
Agent_8,0,VOTE_TARGET,,0.000460,0.013201,judge_disabled,,8,0.19525566697120667,DAY_VOTE,1,,Worker,,1,run_1785018930_c1756f,,1337004012,disabled,Agent_0,0,
Agent_2,0,KILL_TARGET,,,,,,6,0.4317970275878906,NIGHT_KILL,2,,Werewolf,,1,run_1785018930_c1756f,,1337004012,disabled,,,
Agent_1,2,TALK_INTENT,,,,,,,0.21732454001903534,DAY_DISCUSS,0,,Worker,,2,run_1785018930_c1756f,,1337004012,disabled,,,
Agent_2,3,TALK_INTENT,,,,,,,0.4317970275878906,DAY_DISCUSS,0,,Werewolf,,2,run_1785018930_c1756f,,1337004012,disabled,,,
Agent_3,1,TALK_INTENT,,,,,,,0.1720457375049591,DAY_DISCUSS,0,,Worker,,2,run_1785018930_c1756f,,1337004012,disabled,,,
Agent_4,2,TALK_INTENT,,,,,,,0.2702183127403259,DAY_DISCUSS,0,,Werewolf,,2,run_1785018930_c1756f,,1337004012,disabled,,,
Agent_5,4,TALK_INTENT,,,,,,,0.35103756189346313,DAY_DISCUSS,0,,Worker,,2,run_1785018930_c1756f,,1337004012,disabled,,,
Agent_6,1,TALK_INTENT,,,,,,,0.11660865694284439,DAY_DISCUSS,0,,Worker,,2,run_1785018930_c1756f,,1337004012,disabled,,,
Agent_8,0,TALK_INTENT,,,,,,,0.19525566697120667,DAY_DISCUSS,0,,Worker,,2,run_1785018930_c1756f,,1337004012,disabled,,,
Agent_1,3,TALK_INTENT,,,,,,,0.21732454001903534,DAY_DISCUSS,0,,Worker,,2,run_1785018930_c1756f,,1337004012,disabled,,,
Agent_2,3,TALK_INTENT,,,,,,,0.4317970275878906,DAY_DISCUSS,0,,Werewolf,,2,run_1785018930_c1756f,,1337004012,disabled,,,
Agent_3,2,TALK_INTENT,,,,,,,0.1720457375049591,DAY_DISCUSS,0,,Worker,,2,run_1785018930_c1756f,,1337004012,disabled,,,
Agent_4,4,TALK_INTENT,,,,,,,0.2702183127403259,DAY_DISCUSS,0,,Werewolf,,2,run_1785018930_c1756f,,1337004012,disabled,,,
Agent_5,2,TALK_INTENT,,,,,,,0.35103756189346313,DAY_DISCUSS,0,,Worker,,2,run_1785018930_c1756f,,1337004012,disabled,,,
Agent_6,0,TALK_INTENT,,,,,,,0.11660865694284439,DAY_DISCUSS,0,,Worker,,2,run_1785018930_c1756f,,1337004012,disabled,,,
Agent_8,0,TALK_INTENT,,,,,,,0.19525566697120667,DAY_DISCUSS,0,,Worker,,2,run_1785018930_c1756f,,1337004012,disabled,,,
Agent_1,5,VOTE_TARGET,,0.004802,0.042565,judge_disabled,,6,0.21732454001903534,DAY_VOTE,1,,Worker,,2,run_1785018930_c1756f,,1337004012,disabled,Agent_5,0,
Agent_2,8,VOTE_TARGET,,0.000517,0.014065,judge_disabled,,6,0.4317970275878906,DAY_VOTE,1,,Werewolf,,2,run_1785018930_c1756f,,1337004012,disabled,Agent_8,0,
Agent_3,5,VOTE_TARGET,,0.000504,0.013785,judge_disabled,,6,0.1720457375049591,DAY_VOTE,1,,Worker,,2,run_1785018930_c1756f,,1337004012,disabled,Agent_5,0,
Agent_4,8,VOTE_TARGET,,0.000386,0.012511,judge_disabled,,6,0.2702183127403259,DAY_VOTE,1,,Werewolf,,2,run_1785018930_c1756f,,1337004012,disabled,Agent_8,0,
Agent_5,6,VOTE_TARGET,,0.005259,0.043980,judge_disabled,,6,0.35103756189346313,DAY_VOTE,1,,Worker,,2,run_1785018930_c1756f,,1337004012,disabled,Agent_6,0,
Agent_6,5,VOTE_TARGET,,0.000367,0.012401,judge_disabled,,6,0.11660865694284439,DAY_VOTE,1,,Worker,,2,run_1785018930_c1756f,,1337004012,disabled,Agent_5,0,
Agent_8,5,VOTE_TARGET,,0.000458,0.013185,judge_disabled,,6,0.19525566697120667,DAY_VOTE,1,,Worker,,2,run_1785018930_c1756f,,1337004012,disabled,Agent_5,0,
Agent_2,1,KILL_TARGET,,,,,,4,0.4317970275878906,NIGHT_KILL,2,,Werewolf,,2,run_1785018930_c1756f,,1337004012,disabled,,,
Agent_2,2,TALK_INTENT,,,,,,,0.4317970275878906,DAY_DISCUSS,0,,Werewolf,,3,run_1785018930_c1756f,,1337004012,disabled,,,
Agent_3,3,TALK_INTENT,,,,,,,0.1720457375049591,DAY_DISCUSS,0,,Worker,,3,run_1785018930_c1756f,,1337004012,disabled,,,
Agent_4,3,TALK_INTENT,,,,,,,0.2702183127403259,DAY_DISCUSS,0,,Werewolf,,3,run_1785018930_c1756f,,1337004012,disabled,,,
Agent_6,0,TALK_INTENT,,,,,,,0.11660865694284439,DAY_DISCUSS,0,,Worker,,3,run_1785018930_c1756f,,1337004012,disabled,,,
Agent_8,1,TALK_INTENT,,,,,,,0.19525566697120667,DAY_DISCUSS,0,,Worker,,3,run_1785018930_c1756f,,1337004012,disabled,,,
Agent_2,0,TALK_INTENT,,,,,,,0.4317970275878906,DAY_DISCUSS,0,,Werewolf,,3,run_1785018930_c1756f,,1337004012,disabled,,,
Agent_3,2,TALK_INTENT,,,,,,,0.1720457375049591,DAY_DISCUSS,0,,Worker,,3,run_1785018930_c1756f,,1337004012,disabled,,,
Agent_4,4,TALK_INTENT,,,,,,,0.2702183127403259,DAY_DISCUSS,0,,Werewolf,,3,run_1785018930_c1756f,,1337004012,disabled,,,
Agent_6,2,TALK_INTENT,,,,,,,0.11660865694284439,DAY_DISCUSS,0,,Worker,,3,run_1785018930_c1756f,,1337004012,disabled,,,
Agent_8,3,TALK_INTENT,,,,,,,0.19525566697120667,DAY_DISCUSS,0,,Worker,,3,run_1785018930_c1756f,,1337004012,disabled,,,
Agent_2,8,VOTE_TARGET,,0.000520,0.014119,judge_disabled,,4,0.4317970275878906,DAY_VOTE,1,,Werewolf,,3,run_1785018930_c1756f,,1337004012,disabled,Agent_8,0,
Agent_3,6,VOTE_TARGET,,0.005120,0.044050,judge_disabled,,4,0.1720457375049591,DAY_VOTE,1,,Worker,,3,run_1785018930_c1756f,,1337004012,disabled,Agent_6,0,
Agent_4,8,VOTE_TARGET,,0.000372,0.012300,judge_disabled,,4,0.2702183127403259,DAY_VOTE,1,,Werewolf,,3,run_1785018930_c1756f,,1337004012,disabled,Agent_8,0,
Agent_6,3,VOTE_TARGET,,0.000355,0.012252,judge_disabled,,4,0.11660865694284439,DAY_VOTE,1,,Worker,,3,run_1785018930_c1756f,,1337004012,disabled,Agent_3,0,
Agent_8,6,VOTE_TARGET,,0.000457,0.013188,judge_disabled,,4,0.19525566697120667,DAY_VOTE,1,,Worker,,3,run_1785018930_c1756f,,1337004012,disabled,Agent_6,0,
Agent_2,3,KILL_TARGET,,,,,,3,0.4317970275878906,NIGHT_KILL,2,,Werewolf,,3,run_1785018930_c1756f,,1337004012,disabled,,,
Agent_0,1,TALK_INTENT,,,,,,,0.39172276854515076,DAY_DISCUSS,0,,Worker,,1,run_1785018935_69f51f,,1337013985,disabled,,,
Agent_1,2,TALK_INTENT,,,,,,,0.21732454001903534,DAY_DISCUSS,0,,Worker,,1,run_1785018935_69f51f,,1337013985,disabled,,,
Agent_2,4,TALK_INTENT,,,,,,,0.4317970275878906,DAY_DISCUSS,0,,Worker,,1,run_1785018935_69f51f,,1337013985,disabled,,,
Agent_3,3,TALK_INTENT,,,,,,,0.1720457375049591,DAY_DISCUSS,0,,Worker,,1,run_1785018935_69f51f,,1337013985,disabled,,,
Agent_4,4,TALK_INTENT,,,,,,,0.2702183127403259,DAY_DISCUSS,0,,Werewolf,,1,run_1785018935_69f51f,,1337013985,disabled,,,
Agent_5,2,TALK_INTENT,,,,,,,0.35103756189346313,DAY_DISCUSS,0,,Werewolf,,1,run_1785018935_69f51f,,1337013985,disabled,,,
Agent_6,0,TALK_INTENT,,,,,,,0.11660865694284439,DAY_DISCUSS,0,,Worker,,1,run_1785018935_69f51f,,1337013985,disabled,,,
Agent_7,0,TALK_INTENT,,,,,,,0.22779437899589539,DAY_DISCUSS,0,,Worker,,1,run_1785018935_69f51f,,1337013985,disabled,,,
Agent_8,1,TALK_INTENT,,,,,,,0.19525566697120667,DAY_DISCUSS,0,,Worker,,1,run_1785018935_69f51f,,1337013985,disabled,,,
Agent_0,3,TALK_INTENT,,,,,,,0.39172276854515076,DAY_DISCUSS,0,,Worker,,1,run_1785018935_69f51f,,1337013985,disabled,,,
Agent_1,3,TALK_INTENT,,,,,,,0.21732454001903534,DAY_DISCUSS,0,,Worker,,1,run_1785018935_69f51f,,1337013985,disabled,,,
Agent_2,4,TALK_INTENT,,,,,,,0.4317970275878906,DAY_DISCUSS,0,,Worker,,1,run_1785018935_69f51f,,1337013985,disabled,,,
Agent_3,2,TALK_INTENT,,,,,,,0.1720457375049591,DAY_DISCUSS,0,,Worker,,1,run_1785018935_69f51f,,1337013985,disabled,,,
Agent_4,1,TALK_INTENT,,,,,,,0.2702183127403259,DAY_DISCUSS,0,,Werewolf,,1,run_1785018935_69f51f,,1337013985,disabled,,,
Agent_5,1,TALK_INTENT,,,,,,,0.35103756189346313,DAY_DISCUSS,0,,Werewolf,,1,run_1785018935_69f51f,,1337013985,disabled,,,
Agent_6,2,TALK_INTENT,,,,,,,0.11660865694284439,DAY_DISCUSS,0,,Worker,,1,run_1785018935_69f51f,,1337013985,disabled,,,
Agent_7,0,TALK_INTENT,,,,,,,0.22779437899589539,DAY_DISCUSS,0,,Worker,,1,run_1785018935_69f51f,,1337013985,disabled,,,
Agent_8,2,TALK_INTENT,,,,,,,0.19525566697120667,DAY_DISCUSS,0,,Worker,,1,run_1785018935_69f51f,,1337013985,disabled,,,
Agent_0,7,VOTE_TARGET,,0.000523,0.013620,judge_disabled,,8,0.39172276854515076,DAY_VOTE,1,,Worker,,1,run_1785018935_69f51f,,1337013985,disabled,Agent_7,0,
Agent_1,7,VOTE_TARGET,,0.000492,0.013562,judge_disabled,,8,0.21732454001903534,DAY_VOTE,1,,Worker,,1,run_1785018935_69f51f,,1337013985,disabled,Agent_7,0,
Agent_2,7,VOTE_TARGET,,0.000427,0.012298,judge_disabled,,8,0.4317970275878906,DAY_VOTE,1,,Worker,,1,run_1785018935_69f51f,,1337013985,disabled,Agent_7,0,
Agent_3,7,VOTE_TARGET,,0.000625,0.015014,judge_disabled,,8,0.1720457375049591,DAY_VOTE,1,,Worker,,1,run_1785018935_69f51f,,1337013985,disabled,Agent_7,0,
Agent_4,1,VOTE_TARGET,,0.000546,0.013958,judge_disabled,,8,0.2702183127403259,DAY_VOTE,1,,Werewolf,,1,run_1785018935_69f51f,,1337013985,disabled,Agent_1,0,
Agent_5,1,VOTE_TARGET,,0.000473,0.012973,judge_disabled,,8,0.35103756189346313,DAY_VOTE,1,,Werewolf,,1,run_1785018935_69f51f,,1337013985,disabled,Agent_1,0,
Agent_6,7,VOTE_TARGET,,0.004092,0.038181,judge_disabled,,8,0.11660865694284439,DAY_VOTE,1,,Worker,,1,run_1785018935_69f51f,,1337013985,disabled,Agent_7,0,
Agent_7,5,VOTE_TARGET,,0.005278,0.043345,judge_disabled,,8,0.22779437899589539,DAY_VOTE,1,,Worker,,1,run_1785018935_69f51f,,1337013985,disabled,Agent_5,1,
Agent_8,7,VOTE_TARGET,,0.000408,0.012031,judge_disabled,,8,0.19525566697120667,DAY_VOTE,1,,Worker,,1,run_1785018935_69f51f,,1337013985,disabled,Agent_7,0,
Agent_4,6,KILL_TARGET,,,,,,6,0.2702183127403259,NIGHT_KILL,2,,Werewolf,,1,run_1785018935_69f51f,,1337013985,disabled,,,
Agent_0,1,TALK_INTENT,,,,,,,0.39172276854515076,DAY_DISCUSS,0,,Worker,,2,run_1785018935_69f51f,,1337013985,disabled,,,
Agent_1,0,TALK_INTENT,,,,,,,0.21732454001903534,DAY_DISCUSS,0,,Worker,,2,run_1785018935_69f51f,,1337013985,disabled,,,
Agent_2,4,TALK_INTENT,,,,,,,0.4317970275878906,DAY_DISCUSS,0,,Worker,,2,run_1785018935_69f51f,,1337013985,disabled,,,
Agent_3,1,TALK_INTENT,,,,,,,0.1720457375049591,DAY_DISCUSS,0,,Worker,,2,run_1785018935_69f51f,,1337013985,disabled,,,
Agent_4,2,TALK_INTENT,,,,,,,0.2702183127403259,DAY_DISCUSS,0,,Werewolf,,2,run_1785018935_69f51f,,1337013985,disabled,,,
Agent_5,2,TALK_INTENT,,,,,,,0.35103756189346313,DAY_DISCUSS,0,,Werewolf,,2,run_1785018935_69f51f,,1337013985,disabled,,,
Agent_8,2,TALK_INTENT,,,,,,,0.19525566697120667,DAY_DISCUSS,0,,Worker,,2,run_1785018935_69f51f,,1337013985,disabled,,,
Agent_0,0,TALK_INTENT,,,,,,,0.39172276854515076,DAY_DISCUSS,0,,Worker,,2,run_1785018935_69f51f,,1337013985,disabled,,,
Agent_1,4,TALK_INTENT,,,,,,,0.21732454001903534,DAY_DISCUSS,0,,Worker,,2,run_1785018935_69f51f,,1337013985,disabled,,,
Agent_2,4,TALK_INTENT,,,,,,,0.4317970275878906,DAY_DISCUSS,0,,Worker,,2,run_1785018935_69f51f,,1337013985,disabled,,,
Agent_3,1,TALK_INTENT,,,,,,,0.1720457375049591,DAY_DISCUSS,0,,Worker,,2,run_1785018935_69f51f,,1337013985,disabled,,,
Agent_4,4,TALK_INTENT,,,,,,,0.2702183127403259,DAY_DISCUSS,0,,Werewolf,,2,run_1785018935_69f51f,,1337013985,disabled,,,
Agent_5,3,TALK_INTENT,,,,,,,0.35103756189346313,DAY_DISCUSS,0,,Werewolf,,2,run_1785018935_69f51f,,1337013985,disabled,,,
Agent_8,1,TALK_INTENT,,,,,,,0.19525566697120667,DAY_DISCUSS,0,,Worker,,2,run_1785018935_69f51f,,1337013985,disabled,,,
Agent_0,2,VOTE_TARGET,,0.000508,0.013459,judge_disabled,,6,0.39172276854515076,DAY_VOTE,1,,Worker,,2,run_1785018935_69f51f,,1337013985,disabled,Agent_2,0,
Agent_1,2,VOTE_TARGET,,0.004657,0.040828,judge_disabled,,6,0.21732454001903534,DAY_VOTE,1,,Worker,,2,run_1785018935_69f51f,,1337013985,disabled,Agent_2,0,
Agent_2,5,VOTE_TARGET,,0.003852,0.037060,judge_disabled,,6,0.4317970275878906,DAY_VOTE,1,,Worker,,2,run_1785018935_69f51f,,1337013985,disabled,Agent_5,1,
Agent_3,2,VOTE_TARGET,,0.000628,0.014990,judge_disabled,,6,0.1720457375049591,DAY_VOTE,1,,Worker,,2,run_1785018935_69f51f,,1337013985,disabled,Agent_2,0,
Agent_4,1,VOTE_TARGET,,0.000537,0.013816,judge_disabled,,6,0.2702183127403259,DAY_VOTE,1,,Werewolf,,2,run_1785018935_69f51f,,1337013985,disabled,Agent_1,0,
Agent_5,1,VOTE_TARGET,,0.000467,0.012925,judge_disabled,,6,0.35103756189346313,DAY_VOTE,1,,Werewolf,,2,run_1785018935_69f51f,,1337013985,disabled,Agent_1,0,
Agent_8,2,VOTE_TARGET,,0.000427,0.012304,judge_disabled,,6,0.19525566697120667,DAY_VOTE,1,,Worker,,2,run_1785018935_69f51f,,1337013985,disabled,Agent_2,0,
Agent_4,1,KILL_TARGET,,,,,,4,0.2702183127403259,NIGHT_KILL,2,,Werewolf,,2,run_1785018935_69f51f,,1337013985,disabled,,,
Agent_0,0,TALK_INTENT,,,,,,,0.39172276854515076,DAY_DISCUSS,0,,Worker,,3,run_1785018935_69f51f,,1337013985,disabled,,,
Agent_3,1,TALK_INTENT,,,,,,,0.1720457375049591,DAY_DISCUSS,0,,Worker,,3,run_1785018935_69f51f,,1337013985,disabled,,,
Agent_4,2,TALK_INTENT,,,,,,,0.2702183127403259,DAY_DISCUSS,0,,Werewolf,,3,run_1785018935_69f51f,,1337013985,disabled,,,
Agent_5,0,TALK_INTENT,,,,,,,0.35103756189346313,DAY_DISCUSS,0,,Werewolf,,3,run_1785018935_69f51f,,1337013985,disabled,,,
Agent_8,1,TALK_INTENT,,,,,,,0.19525566697120667,DAY_DISCUSS,0,,Worker,,3,run_1785018935_69f51f,,1337013985,disabled,,,
Agent_0,2,TALK_INTENT,,,,,,,0.39172276854515076,DAY_DISCUSS,0,,Worker,,3,run_1785018935_69f51f,,1337013985,disabled,,,
Agent_3,3,TALK_INTENT,,,,,,,0.1720457375049591,DAY_DISCUSS,0,,Worker,,3,run_1785018935_69f51f,,1337013985,disabled,,,
Agent_4,1,TALK_INTENT,,,,,,,0.2702183127403259,DAY_DISCUSS,0,,Werewolf,,3,run_1785018935_69f51f,,1337013985,disabled,,,
Agent_5,3,TALK_INTENT,,,,,,,0.35103756189346313,DAY_DISCUSS,0,,Werewolf,,3,run_1785018935_69f51f,,1337013985,disabled,,,
Agent_8,0,TALK_INTENT,,,,,,,0.19525566697120667,DAY_DISCUSS,0,,Worker,,3,run_1785018935_69f51f,,1337013985,disabled,,,
Agent_0,5,VOTE_TARGET,,0.000494,0.013290,judge_disabled,,4,0.39172276854515076,DAY_VOTE,1,,Worker,,3,run_1785018935_69f51f,,1337013985,disabled,Agent_5,1,
Agent_3,5,VOTE_TARGET,,0.000645,0.015193,judge_disabled,,4,0.1720457375049591,DAY_VOTE,1,,Worker,,3,run_1785018935_69f51f,,1337013985,disabled,Agent_5,1,
Agent_4,0,VOTE_TARGET,,0.000536,0.013817,judge_disabled,,4,0.2702183127403259,DAY_VOTE,1,,Werewolf,,3,run_1785018935_69f51f,,1337013985,disabled,Agent_0,0,
Agent_5,0,VOTE_TARGET,,0.004610,0.040552,judge_disabled,,4,0.35103756189346313,DAY_VOTE,1,,Werewolf,,3,run_1785018935_69f51f,,1337013985,disabled,Agent_0,0,
Agent_8,5,VOTE_TARGET,,0.005326,0.043578,judge_disabled,,4,0.19525566697120667,DAY_VOTE,1,,Worker,,3,run_1785018935_69f51f,,1337013985,disabled,Agent_5,1,
Agent_4,8,KILL_TARGET,,,,,,3,0.2702183127403259,NIGHT_KILL,2,,Werewolf,,3,run_1785018935_69f51f,,1337013985,disabled,,,
Agent_0,4,TALK_INTENT,,,,,,,0.39172276854515076,DAY_DISCUSS,0,,Worker,,4,run_1785018935_69f51f,,1337013985,disabled,,,
Agent_3,2,TALK_INTENT,,,,,,,0.1720457375049591,DAY_DISCUSS,0,,Worker,,4,run_1785018935_69f51f,,1337013985,disabled,,,
Agent_4,2,TALK_INTENT,,,,,,,0.2702183127403259,DAY_DISCUSS,0,,Werewolf,,4,run_1785018935_69f51f,,1337013985,disabled,,,
Agent_0,0,TALK_INTENT,,,,,,,0.39172276854515076,DAY_DISCUSS,0,,Worker,,4,run_1785018935_69f51f,,1337013985,disabled,,,
Agent_3,4,TALK_INTENT,,,,,,,0.1720457375049591,DAY_DISCUSS,0,,Worker,,4,run_1785018935_69f51f,,1337013985,disabled,,,
Agent_4,3,TALK_INTENT,,,,,,,0.2702183127403259,DAY_DISCUSS,0,,Werewolf,,4,run_1785018935_69f51f,,1337013985,disabled,,,
Agent_0,3,VOTE_TARGET,,0.004159,0.038540,judge_disabled,,2,0.39172276854515076,DAY_VOTE,1,,Worker,,4,run_1785018935_69f51f,,1337013985,disabled,Agent_3,0,
Agent_3,0,VOTE_TARGET,,0.004928,0.041984,judge_disabled,,2,0.1720457375049591,DAY_VOTE,1,,Worker,,4,run_1785018935_69f51f,,1337013985,disabled,Agent_0,0,
Agent_4,0,VOTE_TARGET,,0.000537,0.013833,judge_disabled,,2,0.2702183127403259,DAY_VOTE,1,,Werewolf,,4,run_1785018935_69f51f,,1337013985,disabled,Agent_0,0,
Agent_4,3,KILL_TARGET,,,,,,1,0.2702183127403259,NIGHT_KILL,2,,Werewolf,,4,run_1785018935_69f51f,,1337013985,disabled,,,
Agent_0,1,TALK_INTENT,,,,,,,0.39172276854515076,DAY_DISCUSS,0,,Worker,,1,run_1785018941_a70c37,,1337023958,disabled,,,
Agent_1,4,TALK_INTENT,,,,,,,0.21732454001903534,DAY_DISCUSS,0,,Werewolf,,1,run_1785018941_a70c37,,1337023958,disabled,,,
Agent_2,0,TALK_INTENT,,,,,,,0.4317970275878906,DAY_DISCUSS,0,,Worker,,1,run_1785018941_a70c37,,1337023958,disabled,,,
Agent_3,4,TALK_INTENT,,,,,,,0.1720457375049591,DAY_DISCUSS,0,,Worker,,1,run_1785018941_a70c37,,1337023958,disabled,,,
Agent_4,2,TALK_INTENT,,,,,,,0.2702183127403259,DAY_DISCUSS,0,,Worker,,1,run_1785018941_a70c37,,1337023958,disabled,,,
Agent_5,3,TALK_INTENT,,,,,,,0.35103756189346313,DAY_DISCUSS,0,,Worker,,1,run_1785018941_a70c37,,1337023958,disabled,,,
Agent_6,1,TALK_INTENT,,,,,,,0.11660865694284439,DAY_DISCUSS,0,,Worker,,1,run_1785018941_a70c37,,1337023958,disabled,,,
Agent_7,2,TALK_INTENT,,,,,,,0.22779437899589539,DAY_DISCUSS,0,,Werewolf,,1,run_1785018941_a70c37,,1337023958,disabled,,,
Agent_8,4,TALK_INTENT,,,,,,,0.19525566697120667,DAY_DISCUSS,0,,Worker,,1,run_1785018941_a70c37,,1337023958,disabled,,,
Agent_0,4,TALK_INTENT,,,,,,,0.39172276854515076,DAY_DISCUSS,0,,Worker,,1,run_1785018941_a70c37,,1337023958,disabled,,,
Agent_1,4,TALK_INTENT,,,,,,,0.21732454001903534,DAY_DISCUSS,0,,Werewolf,,1,run_1785018941_a70c37,,1337023958,disabled,,,
Agent_2,3,TALK_INTENT,,,,,,,0.4317970275878906,DAY_DISCUSS,0,,Worker,,1,run_1785018941_a70c37,,1337023958,disabled,,,
Agent_3,2,TALK_INTENT,,,,,,,0.1720457375049591,DAY_DISCUSS,0,,Worker,,1,run_1785018941_a70c37,,1337023958,disabled,,,
Agent_4,1,TALK_INTENT,,,,,,,0.2702183127403259,DAY_DISCUSS,0,,Worker,,1,run_1785018941_a70c37,,1337023958,disabled,,,
Agent_5,4,TALK_INTENT,,,,,,,0.35103756189346313,DAY_DISCUSS,0,,Worker,,1,run_1785018941_a70c37,,1337023958,disabled,,,
Agent_6,4,TALK_INTENT,,,,,,,0.11660865694284439,DAY_DISCUSS,0,,Worker,,1,run_1785018941_a70c37,,1337023958,disabled,,,
Agent_7,1,TALK_INTENT,,,,,,,0.22779437899589539,DAY_DISCUSS,0,,Werewolf,,1,run_1785018941_a70c37,,1337023958,disabled,,,
Agent_8,2,TALK_INTENT,,,,,,,0.19525566697120667,DAY_DISCUSS,0,,Worker,,1,run_1785018941_a70c37,,1337023958,disabled,,,
Agent_0,4,VOTE_TARGET,,0.000573,0.014114,judge_disabled,,8,0.39172276854515076,DAY_VOTE,1,,Worker,,1,run_1785018941_a70c37,,1337023958,disabled,Agent_4,0,
Agent_1,6,VOTE_TARGET,,0.000590,0.014420,judge_disabled,,8,0.21732454001903534,DAY_VOTE,1,,Werewolf,,1,run_1785018941_a70c37,,1337023958,disabled,Agent_6,0,
Agent_2,4,VOTE_TARGET,,0.007739,0.053330,judge_disabled,,8,0.4317970275878906,DAY_VOTE,1,,Worker,,1,run_1785018941_a70c37,,1337023958,disabled,Agent_4,0,
Agent_3,4,VOTE_TARGET,,0.000484,0.013924,judge_disabled,,8,0.1720457375049591,DAY_VOTE,1,,Worker,,1,run_1785018941_a70c37,,1337023958,disabled,Agent_4,0,
Agent_4,0,VOTE_TARGET,,0.008167,0.053462,judge_disabled,,8,0.2702183127403259,DAY_VOTE,1,,Worker,,1,run_1785018941_a70c37,,1337023958,disabled,Agent_0,0,
Agent_5,0,VOTE_TARGET,,0.000505,0.013198,judge_disabled,,8,0.35103756189346313,DAY_VOTE,1,,Worker,,1,run_1785018941_a70c37,,1337023958,disabled,Agent_0,0,
Agent_6,4,VOTE_TARGET,,0.000544,0.013767,judge_disabled,,8,0.11660865694284439,DAY_VOTE,1,,Worker,,1,run_1785018941_a70c37,,1337023958,disabled,Agent_4,0,
Agent_7,6,VOTE_TARGET,,0.000602,0.014579,judge_disabled,,8,0.22779437899589539,DAY_VOTE,1,,Werewolf,,1,run_1785018941_a70c37,,1337023958,disabled,Agent_6,0,
Agent_8,4,VOTE_TARGET,,0.000414,0.012141,judge_disabled,,8,0.19525566697120667,DAY_VOTE,1,,Worker,,1,run_1785018941_a70c37,,1337023958,disabled,Agent_4,0,
Agent_1,2,KILL_TARGET,,,,,,6,0.21732454001903534,NIGHT_KILL,2,,Werewolf,,1,run_1785018941_a70c37,,1337023958,disabled,,,
Agent_0,2,TALK_INTENT,,,,,,,0.39172276854515076,DAY_DISCUSS,0,,Worker,,2,run_1785018941_a70c37,,1337023958,disabled,,,
Agent_1,0,TALK_INTENT,,,,,,,0.21732454001903534,DAY_DISCUSS,0,,Werewolf,,2,run_1785018941_a70c37,,1337023958,disabled,,,
Agent_3,4,TALK_INTENT,,,,,,,0.1720457375049591,DAY_DISCUSS,0,,Worker,,2,run_1785018941_a70c37,,1337023958,disabled,,,
Agent_5,2,TALK_INTENT,,,,,,,0.35103756189346313,DAY_DISCUSS,0,,Worker,,2,run_1785018941_a70c37,,1337023958,disabled,,,
Agent_6,4,TALK_INTENT,,,,,,,0.11660865694284439,DAY_DISCUSS,0,,Worker,,2,run_1785018941_a70c37,,1337023958,disabled,,,
Agent_7,4,TALK_INTENT,,,,,,,0.22779437899589539,DAY_DISCUSS,0,,Werewolf,,2,run_1785018941_a70c37,,1337023958,disabled,,,
Agent_8,0,TALK_INTENT,,,,,,,0.19525566697120667,DAY_DISCUSS,0,,Worker,,2,run_1785018941_a70c37,,1337023958,disabled,,,
Agent_0,0,TALK_INTENT,,,,,,,0.39172276854515076,DAY_DISCUSS,0,,Worker,,2,run_1785018941_a70c37,,1337023958,disabled,,,
Agent_1,1,TALK_INTENT,,,,,,,0.21732454001903534,DAY_DISCUSS,0,,Werewolf,,2,run_1785018941_a70c37,,1337023958,disabled,,,
Agent_3,2,TALK_INTENT,,,,,,,0.1720457375049591,DAY_DISCUSS,0,,Worker,,2,run_1785018941_a70c37,,1337023958,disabled,,,
Agent_5,0,TALK_INTENT,,,,,,,0.35103756189346313,DAY_DISCUSS,0,,Worker,,2,run_1785018941_a70c37,,1337023958,disabled,,,
Agent_6,4,TALK_INTENT,,,,,,,0.11660865694284439,DAY_DISCUSS,0,,Worker,,2,run_1785018941_a70c37,,1337023958,disabled,,,
Agent_7,3,TALK_INTENT,,,,,,,0.22779437899589539,DAY_DISCUSS,0,,Werewolf,,2,run_1785018941_a70c37,,1337023958,disabled,,,
Agent_8,4,TALK_INTENT,,,,,,,0.19525566697120667,DAY_DISCUSS,0,,Worker,,2,run_1785018941_a70c37,,1337023958,disabled,,,
Agent_0,8,VOTE_TARGET,,0.008139,0.052898,judge_disabled,,6,0.39172276854515076,DAY_VOTE,1,,Worker,,2,run_1785018941_a70c37,,1337023958,disabled,Agent_8,0,
Agent_1,6,VOTE_TARGET,,0.000601,0.014535,judge_disabled,,6,0.21732454001903534,DAY_VOTE,1,,Werewolf,,2,run_1785018941_a70c37,,1337023958,disabled,Agent_6,0,
Agent_3,0,VOTE_TARGET,,0.000491,0.014077,judge_disabled,,6,0.1720457375049591,DAY_VOTE,1,,Worker,,2,run_1785018941_a70c37,,1337023958,disabled,Agent_0,0,
Agent_5,0,VOTE_TARGET,,0.000489,0.012996,judge_disabled,,6,0.35103756189346313,DAY_VOTE,1,,Worker,,2,run_1785018941_a70c37,,1337023958,disabled,Agent_0,0,
Agent_6,0,VOTE_TARGET,,0.008139,0.053527,judge_disabled,,6,0.11660865694284439,DAY_VOTE,1,,Worker,,2,run_1785018941_a70c37,,1337023958,disabled,Agent_0,0,
Agent_7,6,VOTE_TARGET,,0.000607,0.014624,judge_disabled,,6,0.22779437899589539,DAY_VOTE,1,,Werewolf,,2,run_1785018941_a70c37,,1337023958,disabled,Agent_6,0,
Agent_8,0,VOTE_TARGET,,0.000407,0.012065,judge_disabled,,6,0.19525566697120667,DAY_VOTE,1,,Worker,,2,run_1785018941_a70c37,,1337023958,disabled,Agent_0,0,
Agent_1,6,KILL_TARGET,,,,,,4,0.21732454001903534,NIGHT_KILL,2,,Werewolf,,2,run_1785018941_a70c37,,1337023958,disabled,,,
Agent_1,0,TALK_INTENT,,,,,,,0.21732454001903534,DAY_DISCUSS,0,,Werewolf,,3,run_1785018941_a70c37,,1337023958,disabled,,,
Agent_3,4,TALK_INTENT,,,,,,,0.1720457375049591,DAY_DISCUSS,0,,Worker,,3,run_1785018941_a70c37,,1337023958,disabled,,,
Agent_5,0,TALK_INTENT,,,,,,,0.35103756189346313,DAY_DISCUSS,0,,Worker,,3,run_1785018941_a70c37,,1337023958,disabled,,,
Agent_7,4,TALK_INTENT,,,,,,,0.22779437899589539,DAY_DISCUSS,0,,Werewolf,,3,run_1785018941_a70c37,,1337023958,disabled,,,
Agent_8,1,TALK_INTENT,,,,,,,0.19525566697120667,DAY_DISCUSS,0,,Worker,,3,run_1785018941_a70c37,,1337023958,disabled,,,
Agent_1,1,TALK_INTENT,,,,,,,0.21732454001903534,DAY_DISCUSS,0,,Werewolf,,3,run_1785018941_a70c37,,1337023958,disabled,,,
Agent_3,3,TALK_INTENT,,,,,,,0.1720457375049591,DAY_DISCUSS,0,,Worker,,3,run_1785018941_a70c37,,1337023958,disabled,,,
Agent_5,4,TALK_INTENT,,,,,,,0.35103756189346313,DAY_DISCUSS,0,,Worker,,3,run_1785018941_a70c37,,1337023958,disabled,,,
Agent_7,2,TALK_INTENT,,,,,,,0.22779437899589539,DAY_DISCUSS,0,,Werewolf,,3,run_1785018941_a70c37,,1337023958,disabled,,,
Agent_8,1,TALK_INTENT,,,,,,,0.19525566697120667,DAY_DISCUSS,0,,Worker,,3,run_1785018941_a70c37,,1337023958,disabled,,,
Agent_1,8,VOTE_TARGET,,0.000586,0.014346,judge_disabled,,4,0.21732454001903534,DAY_VOTE,1,,Werewolf,,3,run_1785018941_a70c37,,1337023958,disabled,Agent_8,0,
Agent_3,8,VOTE_TARGET,,0.008226,0.052529,judge_disabled,,4,0.1720457375049591,DAY_VOTE,1,,Worker,,3,run_1785018941_a70c37,,1337023958,disabled,Agent_8,0,
Agent_5,8,VOTE_TARGET,,0.000464,0.012675,judge_disabled,,4,0.35103756189346313,DAY_VOTE,1,,Worker,,3,run_1785018941_a70c37,,1337023958,disabled,Agent_8,0,
Agent_7,8,VOTE_TARGET,,0.000589,0.014399,judge_disabled,,4,0.22779437899589539,DAY_VOTE,1,,Werewolf,,3,run_1785018941_a70c37,,1337023958,disabled,Agent_8,0,
Agent_8,5,VOTE_TARGET,,0.008026,0.052414,judge_disabled,,4,0.19525566697120667,DAY_VOTE,1,,Worker,,3,run_1785018941_a70c37,,1337023958,disabled,Agent_5,0,
Agent_1,3,KILL_TARGET,,,,,,2,0.21732454001903534,NIGHT_KILL,2,,Werewolf,,3,run_1785018941_a70c37,,1337023958,disabled,,,
Agent_0,3,TALK_INTENT,,,,,,,0.39172276854515076,DAY_DISCUSS,0,,Worker,,1,run_1785019028_eb5a0a,,1337004012,disabled,,,
Agent_1,3,TALK_INTENT,,,,,,,0.21732454001903534,DAY_DISCUSS,0,,Worker,,1,run_1785019028_eb5a0a,,1337004012,disabled,,,
Agent_2,2,TALK_INTENT,,,,,,,0.4317970275878906,DAY_DISCUSS,0,,Werewolf,,1,run_1785019028_eb5a0a,,1337004012,disabled,,,
Agent_3,2,TALK_INTENT,,,,,,,0.1720457375049591,DAY_DISCUSS,0,,Worker,,1,run_1785019028_eb5a0a,,1337004012,disabled,,,
Agent_4,4,TALK_INTENT,,,,,,,0.2702183127403259,DAY_DISCUSS,0,,Werewolf,,1,run_1785019028_eb5a0a,,1337004012,disabled,,,
Agent_5,3,TALK_INTENT,,,,,,,0.35103756189346313,DAY_DISCUSS,0,,Worker,,1,run_1785019028_eb5a0a,,1337004012,disabled,,,
Agent_6,1,TALK_INTENT,,,,,,,0.11660865694284439,DAY_DISCUSS,0,,Worker,,1,run_1785019028_eb5a0a,,1337004012,disabled,,,
Agent_7,4,TALK_INTENT,,,,,,,0.22779437899589539,DAY_DISCUSS,0,,Worker,,1,run_1785019028_eb5a0a,,1337004012,disabled,,,
Agent_8,2,TALK_INTENT,,,,,,,0.19525566697120667,DAY_DISCUSS,0,,Worker,,1,run_1785019028_eb5a0a,,1337004012,disabled,,,
Agent_0,2,TALK_INTENT,,,,,,,0.39172276854515076,DAY_DISCUSS,0,,Worker,,1,run_1785019028_eb5a0a,,1337004012,disabled,,,
Agent_1,3,TALK_INTENT,,,,,,,0.21732454001903534,DAY_DISCUSS,0,,Worker,,1,run_1785019028_eb5a0a,,1337004012,disabled,,,
Agent_2,2,TALK_INTENT,,,,,,,0.4317970275878906,DAY_DISCUSS,0,,Werewolf,,1,run_1785019028_eb5a0a,,1337004012,disabled,,,
Agent_3,3,TALK_INTENT,,,,,,,0.1720457375049591,DAY_DISCUSS,0,,Worker,,1,run_1785019028_eb5a0a,,1337004012,disabled,,,
Agent_4,4,TALK_INTENT,,,,,,,0.2702183127403259,DAY_DISCUSS,0,,Werewolf,,1,run_1785019028_eb5a0a,,1337004012,disabled,,,
Agent_5,0,TALK_INTENT,,,,,,,0.35103756189346313,DAY_DISCUSS,0,,Worker,,1,run_1785019028_eb5a0a,,1337004012,disabled,,,
Agent_6,2,TALK_INTENT,,,,,,,0.11660865694284439,DAY_DISCUSS,0,,Worker,,1,run_1785019028_eb5a0a,,1337004012,disabled,,,
Agent_7,3,TALK_INTENT,,,,,,,0.22779437899589539,DAY_DISCUSS,0,,Worker,,1,run_1785019028_eb5a0a,,1337004012,disabled,,,
Agent_8,2,TALK_INTENT,,,,,,,0.19525566697120667,DAY_DISCUSS,0,,Worker,,1,run_1785019028_eb5a0a,,1337004012,disabled,,,
Agent_0,7,VOTE_TARGET,,0.004861,0.043054,judge_disabled,,8,0.39172276854515076,DAY_VOTE,1,,Worker,,1,run_1785019028_eb5a0a,,1337004012,disabled,Agent_7,0,
Agent_1,0,VOTE_TARGET,,0.000476,0.013384,judge_disabled,,8,0.21732454001903534,DAY_VOTE,1,,Worker,,1,run_1785019028_eb5a0a,,1337004012,disabled,Agent_0,0,
Agent_2,8,VOTE_TARGET,,0.000519,0.014074,judge_disabled,,8,0.4317970275878906,DAY_VOTE,1,,Werewolf,,1,run_1785019028_eb5a0a,,1337004012,disabled,Agent_8,0,
Agent_3,7,VOTE_TARGET,,0.000509,0.013826,judge_disabled,,8,0.1720457375049591,DAY_VOTE,1,,Worker,,1,run_1785019028_eb5a0a,,1337004012,disabled,Agent_7,0,
Agent_4,8,VOTE_TARGET,,0.000390,0.012547,judge_disabled,,8,0.2702183127403259,DAY_VOTE,1,,Werewolf,,1,run_1785019028_eb5a0a,,1337004012,disabled,Agent_8,0,
Agent_5,7,VOTE_TARGET,,0.000458,0.013703,judge_disabled,,8,0.35103756189346313,DAY_VOTE,1,,Worker,,1,run_1785019028_eb5a0a,,1337004012,disabled,Agent_7,0,
Agent_6,7,VOTE_TARGET,,0.000370,0.012424,judge_disabled,,8,0.11660865694284439,DAY_VOTE,1,,Worker,,1,run_1785019028_eb5a0a,,1337004012,disabled,Agent_7,0,
Agent_7,0,VOTE_TARGET,,0.005043,0.043640,judge_disabled,,8,0.22779437899589539,DAY_VOTE,1,,Worker,,1,run_1785019028_eb5a0a,,1337004012,disabled,Agent_0,0,
Agent_8,0,VOTE_TARGET,,0.000460,0.013201,judge_disabled,,8,0.19525566697120667,DAY_VOTE,1,,Worker,,1,run_1785019028_eb5a0a,,1337004012,disabled,Agent_0,0,
Agent_2,0,KILL_TARGET,,,,,,6,0.4317970275878906,NIGHT_KILL,2,,Werewolf,,1,run_1785019028_eb5a0a,,1337004012,disabled,,,
Agent_1,2,TALK_INTENT,,,,,,,0.21732454001903534,DAY_DISCUSS,0,,Worker,,2,run_1785019028_eb5a0a,,1337004012,disabled,,,
Agent_2,3,TALK_INTENT,,,,,,,0.4317970275878906,DAY_DISCUSS,0,,Werewolf,,2,run_1785019028_eb5a0a,,1337004012,disabled,,,
Agent_3,1,TALK_INTENT,,,,,,,0.1720457375049591,DAY_DISCUSS,0,,Worker,,2,run_1785019028_eb5a0a,,1337004012,disabled,,,
Agent_4,2,TALK_INTENT,,,,,,,0.2702183127403259,DAY_DISCUSS,0,,Werewolf,,2,run_1785019028_eb5a0a,,1337004012,disabled,,,
Agent_5,4,TALK_INTENT,,,,,,,0.35103756189346313,DAY_DISCUSS,0,,Worker,,2,run_1785019028_eb5a0a,,1337004012,disabled,,,
Agent_6,1,TALK_INTENT,,,,,,,0.11660865694284439,DAY_DISCUSS,0,,Worker,,2,run_1785019028_eb5a0a,,1337004012,disabled,,,
Agent_8,0,TALK_INTENT,,,,,,,0.19525566697120667,DAY_DISCUSS,0,,Worker,,2,run_1785019028_eb5a0a,,1337004012,disabled,,,
Agent_1,3,TALK_INTENT,,,,,,,0.21732454001903534,DAY_DISCUSS,0,,Worker,,2,run_1785019028_eb5a0a,,1337004012,disabled,,,
Agent_2,3,TALK_INTENT,,,,,,,0.4317970275878906,DAY_DISCUSS,0,,Werewolf,,2,run_1785019028_eb5a0a,,1337004012,disabled,,,
Agent_3,2,TALK_INTENT,,,,,,,0.1720457375049591,DAY_DISCUSS,0,,Worker,,2,run_1785019028_eb5a0a,,1337004012,disabled,,,
Agent_4,4,TALK_INTENT,,,,,,,0.2702183127403259,DAY_DISCUSS,0,,Werewolf,,2,run_1785019028_eb5a0a,,1337004012,disabled,,,
Agent_5,2,TALK_INTENT,,,,,,,0.35103756189346313,DAY_DISCUSS,0,,Worker,,2,run_1785019028_eb5a0a,,1337004012,disabled,,,
Agent_6,0,TALK_INTENT,,,,,,,0.11660865694284439,DAY_DISCUSS,0,,Worker,,2,run_1785019028_eb5a0a,,1337004012,disabled,,,
Agent_8,0,TALK_INTENT,,,,,,,0.19525566697120667,DAY_DISCUSS,0,,Worker,,2,run_1785019028_eb5a0a,,1337004012,disabled,,,
Agent_1,5,VOTE_TARGET,,0.004802,0.042565,judge_disabled,,6,0.21732454001903534,DAY_VOTE,1,,Worker,,2,run_1785019028_eb5a0a,,1337004012,disabled,Agent_5,0,
Agent_2,8,VOTE_TARGET,,0.000517,0.014065,judge_disabled,,6,0.4317970275878906,DAY_VOTE,1,,Werewolf,,2,run_1785019028_eb5a0a,,1337004012,disabled,Agent_8,0,
Agent_3,5,VOTE_TARGET,,0.000504,0.013785,judge_disabled,,6,0.1720457375049591,DAY_VOTE,1,,Worker,,2,run_1785019028_eb5a0a,,1337004012,disabled,Agent_5,0,
Agent_4,8,VOTE_TARGET,,0.000386,0.012511,judge_disabled,,6,0.2702183127403259,DAY_VOTE,1,,Werewolf,,2,run_1785019028_eb5a0a,,1337004012,disabled,Agent_8,0,
Agent_5,6,VOTE_TARGET,,0.005259,0.043980,judge_disabled,,6,0.35103756189346313,DAY_VOTE,1,,Worker,,2,run_1785019028_eb5a0a,,1337004012,disabled,Agent_6,0,
Agent_6,5,VOTE_TARGET,,0.000367,0.012401,judge_disabled,,6,0.11660865694284439,DAY_VOTE,1,,Worker,,2,run_1785019028_eb5a0a,,1337004012,disabled,Agent_5,0,
Agent_8,5,VOTE_TARGET,,0.000458,0.013185,judge_disabled,,6,0.19525566697120667,DAY_VOTE,1,,Worker,,2,run_1785019028_eb5a0a,,1337004012,disabled,Agent_5,0,
Agent_2,1,KILL_TARGET,,,,,,4,0.4317970275878906,NIGHT_KILL,2,,Werewolf,,2,run_1785019028_eb5a0a,,1337004012,disabled,,,
Agent_2,2,TALK_INTENT,,,,,,,0.4317970275878906,DAY_DISCUSS,0,,Werewolf,,3,run_1785019028_eb5a0a,,1337004012,disabled,,,
Agent_3,3,TALK_INTENT,,,,,,,0.1720457375049591,DAY_DISCUSS,0,,Worker,,3,run_1785019028_eb5a0a,,1337004012,disabled,,,
Agent_4,3,TALK_INTENT,,,,,,,0.2702183127403259,DAY_DISCUSS,0,,Werewolf,,3,run_1785019028_eb5a0a,,1337004012,disabled,,,
Agent_6,0,TALK_INTENT,,,,,,,0.11660865694284439,DAY_DISCUSS,0,,Worker,,3,run_1785019028_eb5a0a,,1337004012,disabled,,,
Agent_8,1,TALK_INTENT,,,,,,,0.19525566697120667,DAY_DISCUSS,0,,Worker,,3,run_1785019028_eb5a0a,,1337004012,disabled,,,
Agent_2,0,TALK_INTENT,,,,,,,0.4317970275878906,DAY_DISCUSS,0,,Werewolf,,3,run_1785019028_eb5a0a,,1337004012,disabled,,,
Agent_3,2,TALK_INTENT,,,,,,,0.1720457375049591,DAY_DISCUSS,0,,Worker,,3,run_1785019028_eb5a0a,,1337004012,disabled,,,
Agent_4,4,TALK_INTENT,,,,,,,0.2702183127403259,DAY_DISCUSS,0,,Werewolf,,3,run_1785019028_eb5a0a,,1337004012,disabled,,,
Agent_6,2,TALK_INTENT,,,,,,,0.11660865694284439,DAY_DISCUSS,0,,Worker,,3,run_1785019028_eb5a0a,,1337004012,disabled,,,
Agent_8,3,TALK_INTENT,,,,,,,0.19525566697120667,DAY_DISCUSS,0,,Worker,,3,run_1785019028_eb5a0a,,1337004012,disabled,,,
Agent_2,8,VOTE_TARGET,,0.000520,0.014119,judge_disabled,,4,0.4317970275878906,DAY_VOTE,1,,Werewolf,,3,run_1785019028_eb5a0a,,1337004012,disabled,Agent_8,0,
Agent_3,6,VOTE_TARGET,,0.005120,0.044050,judge_disabled,,4,0.1720457375049591,DAY_VOTE,1,,Worker,,3,run_1785019028_eb5a0a,,1337004012,disabled,Agent_6,0,
Agent_4,8,VOTE_TARGET,,0.000372,0.012300,judge_disabled,,4,0.2702183127403259,DAY_VOTE,1,,Werewolf,,3,run_1785019028_eb5a0a,,1337004012,disabled,Agent_8,0,
Agent_6,3,VOTE_TARGET,,0.000355,0.012252,judge_disabled,,4,0.11660865694284439,DAY_VOTE,1,,Worker,,3,run_1785019028_eb5a0a,,1337004012,disabled,Agent_3,0,
Agent_8,6,VOTE_TARGET,,0.000457,0.013188,judge_disabled,,4,0.19525566697120667,DAY_VOTE,1,,Worker,,3,run_1785019028_eb5a0a,,1337004012,disabled,Agent_6,0,
Agent_2,3,KILL_TARGET,,,,,,3,0.4317970275878906,NIGHT_KILL,2,,Werewolf,,3,run_1785019028_eb5a0a,,1337004012,disabled,,,
Agent_0,1,TALK_INTENT,,,,,,,0.39172276854515076,DAY_DISCUSS,0,,Worker,,1,run_1785019034_c7f9c7,,1337013985,disabled,,,
Agent_1,2,TALK_INTENT,,,,,,,0.21732454001903534,DAY_DISCUSS,0,,Worker,,1,run_1785019034_c7f9c7,,1337013985,disabled,,,
Agent_2,4,TALK_INTENT,,,,,,,0.4317970275878906,DAY_DISCUSS,0,,Worker,,1,run_1785019034_c7f9c7,,1337013985,disabled,,,
Agent_3,3,TALK_INTENT,,,,,,,0.1720457375049591,DAY_DISCUSS,0,,Worker,,1,run_1785019034_c7f9c7,,1337013985,disabled,,,
Agent_4,4,TALK_INTENT,,,,,,,0.2702183127403259,DAY_DISCUSS,0,,Werewolf,,1,run_1785019034_c7f9c7,,1337013985,disabled,,,
Agent_5,2,TALK_INTENT,,,,,,,0.35103756189346313,DAY_DISCUSS,0,,Werewolf,,1,run_1785019034_c7f9c7,,1337013985,disabled,,,
Agent_6,0,TALK_INTENT,,,,,,,0.11660865694284439,DAY_DISCUSS,0,,Worker,,1,run_1785019034_c7f9c7,,1337013985,disabled,,,
Agent_7,0,TALK_INTENT,,,,,,,0.22779437899589539,DAY_DISCUSS,0,,Worker,,1,run_1785019034_c7f9c7,,1337013985,disabled,,,
Agent_8,1,TALK_INTENT,,,,,,,0.19525566697120667,DAY_DISCUSS,0,,Worker,,1,run_1785019034_c7f9c7,,1337013985,disabled,,,
Agent_0,3,TALK_INTENT,,,,,,,0.39172276854515076,DAY_DISCUSS,0,,Worker,,1,run_1785019034_c7f9c7,,1337013985,disabled,,,
Agent_1,3,TALK_INTENT,,,,,,,0.21732454001903534,DAY_DISCUSS,0,,Worker,,1,run_1785019034_c7f9c7,,1337013985,disabled,,,
Agent_2,4,TALK_INTENT,,,,,,,0.4317970275878906,DAY_DISCUSS,0,,Worker,,1,run_1785019034_c7f9c7,,1337013985,disabled,,,
Agent_3,2,TALK_INTENT,,,,,,,0.1720457375049591,DAY_DISCUSS,0,,Worker,,1,run_1785019034_c7f9c7,,1337013985,disabled,,,
Agent_4,1,TALK_INTENT,,,,,,,0.2702183127403259,DAY_DISCUSS,0,,Werewolf,,1,run_1785019034_c7f9c7,,1337013985,disabled,,,
Agent_5,1,TALK_INTENT,,,,,,,0.35103756189346313,DAY_DISCUSS,0,,Werewolf,,1,run_1785019034_c7f9c7,,1337013985,disabled,,,
Agent_6,2,TALK_INTENT,,,,,,,0.11660865694284439,DAY_DISCUSS,0,,Worker,,1,run_1785019034_c7f9c7,,1337013985,disabled,,,
Agent_7,0,TALK_INTENT,,,,,,,0.22779437899589539,DAY_DISCUSS,0,,Worker,,1,run_1785019034_c7f9c7,,1337013985,disabled,,,
Agent_8,2,TALK_INTENT,,,,,,,0.19525566697120667,DAY_DISCUSS,0,,Worker,,1,run_1785019034_c7f9c7,,1337013985,disabled,,,
Agent_0,7,VOTE_TARGET,,0.000523,0.013620,judge_disabled,,8,0.39172276854515076,DAY_VOTE,1,,Worker,,1,run_1785019034_c7f9c7,,1337013985,disabled,Agent_7,0,
Agent_1,7,VOTE_TARGET,,0.000492,0.013562,judge_disabled,,8,0.21732454001903534,DAY_VOTE,1,,Worker,,1,run_1785019034_c7f9c7,,1337013985,disabled,Agent_7,0,
Agent_2,7,VOTE_TARGET,,0.000427,0.012298,judge_disabled,,8,0.4317970275878906,DAY_VOTE,1,,Worker,,1,run_1785019034_c7f9c7,,1337013985,disabled,Agent_7,0,
Agent_3,7,VOTE_TARGET,,0.000625,0.015014,judge_disabled,,8,0.1720457375049591,DAY_VOTE,1,,Worker,,1,run_1785019034_c7f9c7,,1337013985,disabled,Agent_7,0,
Agent_4,1,VOTE_TARGET,,0.000546,0.013958,judge_disabled,,8,0.2702183127403259,DAY_VOTE,1,,Werewolf,,1,run_1785019034_c7f9c7,,1337013985,disabled,Agent_1,0,
Agent_5,1,VOTE_TARGET,,0.000473,0.012973,judge_disabled,,8,0.35103756189346313,DAY_VOTE,1,,Werewolf,,1,run_1785019034_c7f9c7,,1337013985,disabled,Agent_1,0,
Agent_6,7,VOTE_TARGET,,0.004092,0.038181,judge_disabled,,8,0.11660865694284439,DAY_VOTE,1,,Worker,,1,run_1785019034_c7f9c7,,1337013985,disabled,Agent_7,0,
Agent_7,5,VOTE_TARGET,,0.005278,0.043345,judge_disabled,,8,0.22779437899589539,DAY_VOTE,1,,Worker,,1,run_1785019034_c7f9c7,,1337013985,disabled,Agent_5,1,
Agent_8,7,VOTE_TARGET,,0.000408,0.012031,judge_disabled,,8,0.19525566697120667,DAY_VOTE,1,,Worker,,1,run_1785019034_c7f9c7,,1337013985,disabled,Agent_7,0,
Agent_4,6,KILL_TARGET,,,,,,6,0.2702183127403259,NIGHT_KILL,2,,Werewolf,,1,run_1785019034_c7f9c7,,1337013985,disabled,,,
Agent_0,1,TALK_INTENT,,,,,,,0.39172276854515076,DAY_DISCUSS,0,,Worker,,2,run_1785019034_c7f9c7,,1337013985,disabled,,,
Agent_1,0,TALK_INTENT,,,,,,,0.21732454001903534,DAY_DISCUSS,0,,Worker,,2,run_1785019034_c7f9c7,,1337013985,disabled,,,
Agent_2,4,TALK_INTENT,,,,,,,0.4317970275878906,DAY_DISCUSS,0,,Worker,,2,run_1785019034_c7f9c7,,1337013985,disabled,,,
Agent_3,1,TALK_INTENT,,,,,,,0.1720457375049591,DAY_DISCUSS,0,,Worker,,2,run_1785019034_c7f9c7,,1337013985,disabled,,,
Agent_4,2,TALK_INTENT,,,,,,,0.2702183127403259,DAY_DISCUSS,0,,Werewolf,,2,run_1785019034_c7f9c7,,1337013985,disabled,,,
Agent_5,2,TALK_INTENT,,,,,,,0.35103756189346313,DAY_DISCUSS,0,,Werewolf,,2,run_1785019034_c7f9c7,,1337013985,disabled,,,
Agent_8,2,TALK_INTENT,,,,,,,0.19525566697120667,DAY_DISCUSS,0,,Worker,,2,run_1785019034_c7f9c7,,1337013985,disabled,,,
Agent_0,0,TALK_INTENT,,,,,,,0.39172276854515076,DAY_DISCUSS,0,,Worker,,2,run_1785019034_c7f9c7,,1337013985,disabled,,,
Agent_1,4,TALK_INTENT,,,,,,,0.21732454001903534,DAY_DISCUSS,0,,Worker,,2,run_1785019034_c7f9c7,,1337013985,disabled,,,
Agent_2,4,TALK_INTENT,,,,,,,0.4317970275878906,DAY_DISCUSS,0,,Worker,,2,run_1785019034_c7f9c7,,1337013985,disabled,,,
Agent_3,1,TALK_INTENT,,,,,,,0.1720457375049591,DAY_DISCUSS,0,,Worker,,2,run_1785019034_c7f9c7,,1337013985,disabled,,,
Agent_4,4,TALK_INTENT,,,,,,,0.2702183127403259,DAY_DISCUSS,0,,Werewolf,,2,run_1785019034_c7f9c7,,1337013985,disabled,,,
Agent_5,3,TALK_INTENT,,,,,,,0.35103756189346313,DAY_DISCUSS,0,,Werewolf,,2,run_1785019034_c7f9c7,,1337013985,disabled,,,
Agent_8,1,TALK_INTENT,,,,,,,0.19525566697120667,DAY_DISCUSS,0,,Worker,,2,run_1785019034_c7f9c7,,1337013985,disabled,,,
Agent_0,2,VOTE_TARGET,,0.000508,0.013459,judge_disabled,,6,0.39172276854515076,DAY_VOTE,1,,Worker,,2,run_1785019034_c7f9c7,,1337013985,disabled,Agent_2,0,
Agent_1,2,VOTE_TARGET,,0.004657,0.040828,judge_disabled,,6,0.21732454001903534,DAY_VOTE,1,,Worker,,2,run_1785019034_c7f9c7,,1337013985,disabled,Agent_2,0,
Agent_2,5,VOTE_TARGET,,0.003852,0.037060,judge_disabled,,6,0.4317970275878906,DAY_VOTE,1,,Worker,,2,run_1785019034_c7f9c7,,1337013985,disabled,Agent_5,1,
Agent_3,2,VOTE_TARGET,,0.000628,0.014990,judge_disabled,,6,0.1720457375049591,DAY_VOTE,1,,Worker,,2,run_1785019034_c7f9c7,,1337013985,disabled,Agent_2,0,
Agent_4,1,VOTE_TARGET,,0.000537,0.013816,judge_disabled,,6,0.2702183127403259,DAY_VOTE,1,,Werewolf,,2,run_1785019034_c7f9c7,,1337013985,disabled,Agent_1,0,
Agent_5,1,VOTE_TARGET,,0.000467,0.012925,judge_disabled,,6,0.35103756189346313,DAY_VOTE,1,,Werewolf,,2,run_1785019034_c7f9c7,,1337013985,disabled,Agent_1,0,
Agent_8,2,VOTE_TARGET,,0.000427,0.012304,judge_disabled,,6,0.19525566697120667,DAY_VOTE,1,,Worker,,2,run_1785019034_c7f9c7,,1337013985,disabled,Agent_2,0,
Agent_4,1,KILL_TARGET,,,,,,4,0.2702183127403259,NIGHT_KILL,2,,Werewolf,,2,run_1785019034_c7f9c7,,1337013985,disabled,,,
Agent_0,0,TALK_INTENT,,,,,,,0.39172276854515076,DAY_DISCUSS,0,,Worker,,3,run_1785019034_c7f9c7,,1337013985,disabled,,,
Agent_3,1,TALK_INTENT,,,,,,,0.1720457375049591,DAY_DISCUSS,0,,Worker,,3,run_1785019034_c7f9c7,,1337013985,disabled,,,
Agent_4,2,TALK_INTENT,,,,,,,0.2702183127403259,DAY_DISCUSS,0,,Werewolf,,3,run_1785019034_c7f9c7,,1337013985,disabled,,,
Agent_5,0,TALK_INTENT,,,,,,,0.35103756189346313,DAY_DISCUSS,0,,Werewolf,,3,run_1785019034_c7f9c7,,1337013985,disabled,,,
Agent_8,1,TALK_INTENT,,,,,,,0.19525566697120667,DAY_DISCUSS,0,,Worker,,3,run_1785019034_c7f9c7,,1337013985,disabled,,,
Agent_0,2,TALK_INTENT,,,,,,,0.39172276854515076,DAY_DISCUSS,0,,Worker,,3,run_1785019034_c7f9c7,,1337013985,disabled,,,
Agent_3,3,TALK_INTENT,,,,,,,0.1720457375049591,DAY_DISCUSS,0,,Worker,,3,run_1785019034_c7f9c7,,1337013985,disabled,,,
Agent_4,1,TALK_INTENT,,,,,,,0.2702183127403259,DAY_DISCUSS,0,,Werewolf,,3,run_1785019034_c7f9c7,,1337013985,disabled,,,
Agent_5,3,TALK_INTENT,,,,,,,0.35103756189346313,DAY_DISCUSS,0,,Werewolf,,3,run_1785019034_c7f9c7,,1337013985,disabled,,,
Agent_8,0,TALK_INTENT,,,,,,,0.19525566697120667,DAY_DISCUSS,0,,Worker,,3,run_1785019034_c7f9c7,,1337013985,disabled,,,
Agent_0,5,VOTE_TARGET,,0.000494,0.013290,judge_disabled,,4,0.39172276854515076,DAY_VOTE,1,,Worker,,3,run_1785019034_c7f9c7,,1337013985,disabled,Agent_5,1,
Agent_3,5,VOTE_TARGET,,0.000645,0.015193,judge_disabled,,4,0.1720457375049591,DAY_VOTE,1,,Worker,,3,run_1785019034_c7f9c7,,1337013985,disabled,Agent_5,1,
Agent_4,0,VOTE_TARGET,,0.000536,0.013817,judge_disabled,,4,0.2702183127403259,DAY_VOTE,1,,Werewolf,,3,run_1785019034_c7f9c7,,1337013985,disabled,Agent_0,0,
Agent_5,0,VOTE_TARGET,,0.004610,0.040552,judge_disabled,,4,0.35103756189346313,DAY_VOTE,1,,Werewolf,,3,run_1785019034_c7f9c7,,1337013985,disabled,Agent_0,0,
Agent_8,5,VOTE_TARGET,,0.005326,0.043578,judge_disabled,,4,0.19525566697120667,DAY_VOTE,1,,Worker,,3,run_1785019034_c7f9c7,,1337013985,disabled,Agent_5,1,
Agent_4,8,KILL_TARGET,,,,,,3,0.2702183127403259,NIGHT_KILL,2,,Werewolf,,3,run_1785019034_c7f9c7,,1337013985,disabled,,,
Agent_0,4,TALK_INTENT,,,,,,,0.39172276854515076,DAY_DISCUSS,0,,Worker,,4,run_1785019034_c7f9c7,,1337013985,disabled,,,
Agent_3,2,TALK_INTENT,,,,,,,0.1720457375049591,DAY_DISCUSS,0,,Worker,,4,run_1785019034_c7f9c7,,1337013985,disabled,,,
Agent_4,2,TALK_INTENT,,,,,,,0.2702183127403259,DAY_DISCUSS,0,,Werewolf,,4,run_1785019034_c7f9c7,,1337013985,disabled,,,
Agent_0,0,TALK_INTENT,,,,,,,0.39172276854515076,DAY_DISCUSS,0,,Worker,,4,run_1785019034_c7f9c7,,1337013985,disabled,,,
Agent_3,4,TALK_INTENT,,,,,,,0.1720457375049591,DAY_DISCUSS,0,,Worker,,4,run_1785019034_c7f9c7,,1337013985,disabled,,,
Agent_4,3,TALK_INTENT,,,,,,,0.2702183127403259,DAY_DISCUSS,0,,Werewolf,,4,run_1785019034_c7f9c7,,1337013985,disabled,,,
Agent_0,3,VOTE_TARGET,,0.004159,0.038540,judge_disabled,,2,0.39172276854515076,DAY_VOTE,1,,Worker,,4,run_1785019034_c7f9c7,,1337013985,disabled,Agent_3,0,
Agent_3,0,VOTE_TARGET,,0.004928,0.041984,judge_disabled,,2,0.1720457375049591,DAY_VOTE,1,,Worker,,4,run_1785019034_c7f9c7,,1337013985,disabled,Agent_0,0,
Agent_4,0,VOTE_TARGET,,0.000537,0.013833,judge_disabled,,2,0.2702183127403259,DAY_VOTE,1,,Werewolf,,4,run_1785019034_c7f9c7,,1337013985,disabled,Agent_0,0,
Agent_4,3,KILL_TARGET,,,,,,1,0.2702183127403259,NIGHT_KILL,2,,Werewolf,,4,run_1785019034_c7f9c7,,1337013985,disabled,,,
Agent_0,1,TALK_INTENT,,,,,,,0.39172276854515076,DAY_DISCUSS,0,,Worker,,1,run_1785019039_85ea09,,1337023958,disabled,,,
Agent_1,4,TALK_INTENT,,,,,,,0.21732454001903534,DAY_DISCUSS,0,,Werewolf,,1,run_1785019039_85ea09,,1337023958,disabled,,,
Agent_2,0,TALK_INTENT,,,,,,,0.4317970275878906,DAY_DISCUSS,0,,Worker,,1,run_1785019039_85ea09,,1337023958,disabled,,,
Agent_3,4,TALK_INTENT,,,,,,,0.1720457375049591,DAY_DISCUSS,0,,Worker,,1,run_1785019039_85ea09,,1337023958,disabled,,,
Agent_4,2,TALK_INTENT,,,,,,,0.2702183127403259,DAY_DISCUSS,0,,Worker,,1,run_1785019039_85ea09,,1337023958,disabled,,,
Agent_5,3,TALK_INTENT,,,,,,,0.35103756189346313,DAY_DISCUSS,0,,Worker,,1,run_1785019039_85ea09,,1337023958,disabled,,,
Agent_6,1,TALK_INTENT,,,,,,,0.11660865694284439,DAY_DISCUSS,0,,Worker,,1,run_1785019039_85ea09,,1337023958,disabled,,,
Agent_7,2,TALK_INTENT,,,,,,,0.22779437899589539,DAY_DISCUSS,0,,Werewolf,,1,run_1785019039_85ea09,,1337023958,disabled,,,
Agent_8,4,TALK_INTENT,,,,,,,0.19525566697120667,DAY_DISCUSS,0,,Worker,,1,run_1785019039_85ea09,,1337023958,disabled,,,
Agent_0,4,TALK_INTENT,,,,,,,0.39172276854515076,DAY_DISCUSS,0,,Worker,,1,run_1785019039_85ea09,,1337023958,disabled,,,
Agent_1,4,TALK_INTENT,,,,,,,0.21732454001903534,DAY_DISCUSS,0,,Werewolf,,1,run_1785019039_85ea09,,1337023958,disabled,,,
Agent_2,3,TALK_INTENT,,,,,,,0.4317970275878906,DAY_DISCUSS,0,,Worker,,1,run_1785019039_85ea09,,1337023958,disabled,,,
Agent_3,2,TALK_INTENT,,,,,,,0.1720457375049591,DAY_DISCUSS,0,,Worker,,1,run_1785019039_85ea09,,1337023958,disabled,,,
Agent_4,1,TALK_INTENT,,,,,,,0.2702183127403259,DAY_DISCUSS,0,,Worker,,1,run_1785019039_85ea09,,1337023958,disabled,,,
Agent_5,4,TALK_INTENT,,,,,,,0.35103756189346313,DAY_DISCUSS,0,,Worker,,1,run_1785019039_85ea09,,1337023958,disabled,,,
Agent_6,4,TALK_INTENT,,,,,,,0.11660865694284439,DAY_DISCUSS,0,,Worker,,1,run_1785019039_85ea09,,1337023958,disabled,,,
Agent_7,1,TALK_INTENT,,,,,,,0.22779437899589539,DAY_DISCUSS,0,,Werewolf,,1,run_1785019039_85ea09,,1337023958,disabled,,,
Agent_8,2,TALK_INTENT,,,,,,,0.19525566697120667,DAY_DISCUSS,0,,Worker,,1,run_1785019039_85ea09,,1337023958,disabled,,,
Agent_0,4,VOTE_TARGET,,0.000573,0.014114,judge_disabled,,8,0.39172276854515076,DAY_VOTE,1,,Worker,,1,run_1785019039_85ea09,,1337023958,disabled,Agent_4,0,
Agent_1,6,VOTE_TARGET,,0.000590,0.014420,judge_disabled,,8,0.21732454001903534,DAY_VOTE,1,,Werewolf,,1,run_1785019039_85ea09,,1337023958,disabled,Agent_6,0,
Agent_2,4,VOTE_TARGET,,0.007739,0.053330,judge_disabled,,8,0.4317970275878906,DAY_VOTE,1,,Worker,,1,run_1785019039_85ea09,,1337023958,disabled,Agent_4,0,
Agent_3,4,VOTE_TARGET,,0.000484,0.013924,judge_disabled,,8,0.1720457375049591,DAY_VOTE,1,,Worker,,1,run_1785019039_85ea09,,1337023958,disabled,Agent_4,0,
Agent_4,0,VOTE_TARGET,,0.008167,0.053462,judge_disabled,,8,0.2702183127403259,DAY_VOTE,1,,Worker,,1,run_1785019039_85ea09,,1337023958,disabled,Agent_0,0,
Agent_5,0,VOTE_TARGET,,0.000505,0.013198,judge_disabled,,8,0.35103756189346313,DAY_VOTE,1,,Worker,,1,run_1785019039_85ea09,,1337023958,disabled,Agent_0,0,
Agent_6,4,VOTE_TARGET,,0.000544,0.013767,judge_disabled,,8,0.11660865694284439,DAY_VOTE,1,,Worker,,1,run_1785019039_85ea09,,1337023958,disabled,Agent_4,0,
Agent_7,6,VOTE_TARGET,,0.000602,0.014579,judge_disabled,,8,0.22779437899589539,DAY_VOTE,1,,Werewolf,,1,run_1785019039_85ea09,,1337023958,disabled,Agent_6,0,
Agent_8,4,VOTE_TARGET,,0.000414,0.012141,judge_disabled,,8,0.19525566697120667,DAY_VOTE,1,,Worker,,1,run_1785019039_85ea09,,1337023958,disabled,Agent_4,0,
Agent_1,2,KILL_TARGET,,,,,,6,0.21732454001903534,NIGHT_KILL,2,,Werewolf,,1,run_1785019039_85ea09,,1337023958,disabled,,,
Agent_0,2,TALK_INTENT,,,,,,,0.39172276854515076,DAY_DISCUSS,0,,Worker,,2,run_1785019039_85ea09,,1337023958,disabled,,,
Agent_1,0,TALK_INTENT,,,,,,,0.21732454001903534,DAY_DISCUSS,0,,Werewolf,,2,run_1785019039_85ea09,,1337023958,disabled,,,
Agent_3,4,TALK_INTENT,,,,,,,0.1720457375049591,DAY_DISCUSS,0,,Worker,,2,run_1785019039_85ea09,,1337023958,disabled,,,
Agent_5,2,TALK_INTENT,,,,,,,0.35103756189346313,DAY_DISCUSS,0,,Worker,,2,run_1785019039_85ea09,,1337023958,disabled,,,
Agent_6,4,TALK_INTENT,,,,,,,0.11660865694284439,DAY_DISCUSS,0,,Worker,,2,run_1785019039_85ea09,,1337023958,disabled,,,
Agent_7,4,TALK_INTENT,,,,,,,0.22779437899589539,DAY_DISCUSS,0,,Werewolf,,2,run_1785019039_85ea09,,1337023958,disabled,,,
Agent_8,0,TALK_INTENT,,,,,,,0.19525566697120667,DAY_DISCUSS,0,,Worker,,2,run_1785019039_85ea09,,1337023958,disabled,,,
Agent_0,0,TALK_INTENT,,,,,,,0.39172276854515076,DAY_DISCUSS,0,,Worker,,2,run_1785019039_85ea09,,1337023958,disabled,,,
Agent_1,1,TALK_INTENT,,,,,,,0.21732454001903534,DAY_DISCUSS,0,,Werewolf,,2,run_1785019039_85ea09,,1337023958,disabled,,,
Agent_3,2,TALK_INTENT,,,,,,,0.1720457375049591,DAY_DISCUSS,0,,Worker,,2,run_1785019039_85ea09,,1337023958,disabled,,,
Agent_5,0,TALK_INTENT,,,,,,,0.35103756189346313,DAY_DISCUSS,0,,Worker,,2,run_1785019039_85ea09,,1337023958,disabled,,,
Agent_6,4,TALK_INTENT,,,,,,,0.11660865694284439,DAY_DISCUSS,0,,Worker,,2,run_1785019039_85ea09,,1337023958,disabled,,,
Agent_7,3,TALK_INTENT,,,,,,,0.22779437899589539,DAY_DISCUSS,0,,Werewolf,,2,run_1785019039_85ea09,,1337023958,disabled,,,
Agent_8,4,TALK_INTENT,,,,,,,0.19525566697120667,DAY_DISCUSS,0,,Worker,,2,run_1785019039_85ea09,,1337023958,disabled,,,
Agent_0,8,VOTE_TARGET,,0.008139,0.052898,judge_disabled,,6,0.39172276854515076,DAY_VOTE,1,,Worker,,2,run_1785019039_85ea09,,1337023958,disabled,Agent_8,0,
Agent_1,6,VOTE_TARGET,,0.000601,0.014535,judge_disabled,,6,0.21732454001903534,DAY_VOTE,1,,Werewolf,,2,run_1785019039_85ea09,,1337023958,disabled,Agent_6,0,
Agent_3,0,VOTE_TARGET,,0.000491,0.014077,judge_disabled,,6,0.1720457375049591,DAY_VOTE,1,,Worker,,2,run_1785019039_85ea09,,1337023958,disabled,Agent_0,0,
Agent_5,0,VOTE_TARGET,,0.000489,0.012996,judge_disabled,,6,0.35103756189346313,DAY_VOTE,1,,Worker,,2,run_1785019039_85ea09,,1337023958,disabled,Agent_0,0,
Agent_6,0,VOTE_TARGET,,0.008139,0.053527,judge_disabled,,6,0.11660865694284439,DAY_VOTE,1,,Worker,,2,run_1785019039_85ea09,,1337023958,disabled,Agent_0,0,
Agent_7,6,VOTE_TARGET,,0.000607,0.014624,judge_disabled,,6,0.22779437899589539,DAY_VOTE,1,,Werewolf,,2,run_1785019039_85ea09,,1337023958,disabled,Agent_6,0,
Agent_8,0,VOTE_TARGET,,0.000407,0.012065,judge_disabled,,6,0.19525566697120667,DAY_VOTE,1,,Worker,,2,run_1785019039_85ea09,,1337023958,disabled,Agent_0,0,
Agent_1,6,KILL_TARGET,,,,,,4,0.21732454001903534,NIGHT_KILL,2,,Werewolf,,2,run_1785019039_85ea09,,1337023958,disabled,,,
Agent_1,0,TALK_INTENT,,,,,,,0.21732454001903534,DAY_DISCUSS,0,,Werewolf,,3,run_1785019039_85ea09,,1337023958,disabled,,,
Agent_3,4,TALK_INTENT,,,,,,,0.1720457375049591,DAY_DISCUSS,0,,Worker,,3,run_1785019039_85ea09,,1337023958,disabled,,,
Agent_5,0,TALK_INTENT,,,,,,,0.35103756189346313,DAY_DISCUSS,0,,Worker,,3,run_1785019039_85ea09,,1337023958,disabled,,,
Agent_7,4,TALK_INTENT,,,,,,,0.22779437899589539,DAY_DISCUSS,0,,Werewolf,,3,run_1785019039_85ea09,,1337023958,disabled,,,
Agent_8,1,TALK_INTENT,,,,,,,0.19525566697120667,DAY_DISCUSS,0,,Worker,,3,run_1785019039_85ea09,,1337023958,disabled,,,
Agent_1,1,TALK_INTENT,,,,,,,0.21732454001903534,DAY_DISCUSS,0,,Werewolf,,3,run_1785019039_85ea09,,1337023958,disabled,,,
Agent_3,3,TALK_INTENT,,,,,,,0.1720457375049591,DAY_DISCUSS,0,,Worker,,3,run_1785019039_85ea09,,1337023958,disabled,,,
Agent_5,4,TALK_INTENT,,,,,,,0.35103756189346313,DAY_DISCUSS,0,,Worker,,3,run_1785019039_85ea09,,1337023958,disabled,,,
Agent_7,2,TALK_INTENT,,,,,,,0.22779437899589539,DAY_DISCUSS,0,,Werewolf,,3,run_1785019039_85ea09,,1337023958,disabled,,,
Agent_8,1,TALK_INTENT,,,,,,,0.19525566697120667,DAY_DISCUSS,0,,Worker,,3,run_1785019039_85ea09,,1337023958,disabled,,,
Agent_1,8,VOTE_TARGET,,0.000586,0.014346,judge_disabled,,4,0.21732454001903534,DAY_VOTE,1,,Werewolf,,3,run_1785019039_85ea09,,1337023958,disabled,Agent_8,0,
Agent_3,8,VOTE_TARGET,,0.008226,0.052529,judge_disabled,,4,0.1720457375049591,DAY_VOTE,1,,Worker,,3,run_1785019039_85ea09,,1337023958,disabled,Agent_8,0,
Agent_5,8,VOTE_TARGET,,0.000464,0.012675,judge_disabled,,4,0.35103756189346313,DAY_VOTE,1,,Worker,,3,run_1785019039_85ea09,,1337023958,disabled,Agent_8,0,
Agent_7,8,VOTE_TARGET,,0.000589,0.014399,judge_disabled,,4,0.22779437899589539,DAY_VOTE,1,,Werewolf,,3,run_1785019039_85ea09,,1337023958,disabled,Agent_8,0,
Agent_8,5,VOTE_TARGET,,0.008026,0.052414,judge_disabled,,4,0.19525566697120667,DAY_VOTE,1,,Worker,,3,run_1785019039_85ea09,,1337023958,disabled,Agent_5,0,
Agent_1,3,KILL_TARGET,,,,,,2,0.21732454001903534,NIGHT_KILL,2,,Werewolf,,3,run_1785019039_85ea09,,1337023958,disabled,,,
Agent_0,1,TALK_INTENT,,,,,,,0.39172276854515076,DAY_DISCUSS,0,,Worker,,1,run_1785019044_901c71,,1337033931,disabled,,,
Agent_1,2,TALK_INTENT,,,,,,,0.21732454001903534,DAY_DISCUSS,0,,Worker,,1,run_1785019044_901c71,,1337033931,disabled,,,
Agent_2,0,TALK_INTENT,,,,,,,0.4317970275878906,DAY_DISCUSS,0,,Worker,,1,run_1785019044_901c71,,1337033931,disabled,,,
Agent_3,4,TALK_INTENT,,,,,,,0.1720457375049591,DAY_DISCUSS,0,,Werewolf,,1,run_1785019044_901c71,,1337033931,disabled,,,
Agent_4,3,TALK_INTENT,,,,,,,0.2702183127403259,DAY_DISCUSS,0,,Worker,,1,run_1785019044_901c71,,1337033931,disabled,,,
Agent_5,3,TALK_INTENT,,,,,,,0.35103756189346313,DAY_DISCUSS,0,,Werewolf,,1,run_1785019044_901c71,,1337033931,disabled,,,
Agent_6,3,TALK_INTENT,,,,,,,0.11660865694284439,DAY_DISCUSS,0,,Worker,,1,run_1785019044_901c71,,1337033931,disabled,,,
Agent_7,1,TALK_INTENT,,,,,,,0.22779437899589539,DAY_DISCUSS,0,,Worker,,1,run_1785019044_901c71,,1337033931,disabled,,,
Agent_8,0,TALK_INTENT,,,,,,,0.19525566697120667,DAY_DISCUSS,0,,Worker,,1,run_1785019044_901c71,,1337033931,disabled,,,
Agent_0,1,TALK_INTENT,,,,,,,0.39172276854515076,DAY_DISCUSS,0,,Worker,,1,run_1785019044_901c71,,1337033931,disabled,,,
Agent_1,0,TALK_INTENT,,,,,,,0.21732454001903534,DAY_DISCUSS,0,,Worker,,1,run_1785019044_901c71,,1337033931,disabled,,,
Agent_2,4,TALK_INTENT,,,,,,,0.4317970275878906,DAY_DISCUSS,0,,Worker,,1,run_1785019044_901c71,,1337033931,disabled,,,
Agent_3,0,TALK_INTENT,,,,,,,0.1720457375049591,DAY_DISCUSS,0,,Werewolf,,1,run_1785019044_901c71,,1337033931,disabled,,,
Agent_4,2,TALK_INTENT,,,,,,,0.2702183127403259,DAY_DISCUSS,0,,Worker,,1,run_1785019044_901c71,,1337033931,disabled,,,
Agent_5,0,TALK_INTENT,,,,,,,0.35103756189346313,DAY_DISCUSS,0,,Werewolf,,1,run_1785019044_901c71,,1337033931,disabled,,,
Agent_6,2,TALK_INTENT,,,,,,,0.11660865694284439,DAY_DISCUSS,0,,Worker,,1,run_1785019044_901c71,,1337033931,disabled,,,
Agent_7,0,TALK_INTENT,,,,,,,0.22779437899589539,DAY_DISCUSS,0,,Worker,,1,run_1785019044_901c71,,1337033931,disabled,,,
Agent_8,3,TALK_INTENT,,,,,,,0.19525566697120667,DAY_DISCUSS,0,,Worker,,1,run_1785019044_901c71,,1337033931,disabled,,,
Agent_0,5,VOTE_TARGET,,0.000502,0.013634,judge_disabled,,8,0.39172276854515076,DAY_VOTE,1,,Worker,,1,run_1785019044_901c71,,1337033931,disabled,Agent_5,1,
Agent_1,5,VOTE_TARGET,,0.000445,0.012903,judge_disabled,,8,0.21732454001903534,DAY_VOTE,1,,Worker,,1,run_1785019044_901c71,,1337033931,disabled,Agent_5,1,
Agent_2,5,VOTE_TARGET,,0.000459,0.013220,judge_disabled,,8,0.4317970275878906,DAY_VOTE,1,,Worker,,1,run_1785019044_901c71,,1337033931,disabled,Agent_5,1,
Agent_3,6,VOTE_TARGET,,0.000467,0.013143,judge_disabled,,8,0.1720457375049591,DAY_VOTE,1,,Werewolf,,1,run_1785019044_901c71,,1337033931,disabled,Agent_6,0,
Agent_4,5,VOTE_TARGET,,0.000386,0.012432,judge_disabled,,8,0.2702183127403259,DAY_VOTE,1,,Worker,,1,run_1785019044_901c71,,1337033931,disabled,Agent_5,1,
Agent_5,6,VOTE_TARGET,,0.004451,0.040899,judge_disabled,,8,0.35103756189346313,DAY_VOTE,1,,Werewolf,,1,run_1785019044_901c71,,1337033931,disabled,Agent_6,0,
Agent_6,5,VOTE_TARGET,,0.000492,0.013422,judge_disabled,,8,0.11660865694284439,DAY_VOTE,1,,Worker,,1,run_1785019044_901c71,,1337033931,disabled,Agent_5,1,
Agent_7,5,VOTE_TARGET,,0.000507,0.014018,judge_disabled,,8,0.22779437899589539,DAY_VOTE,1,,Worker,,1,run_1785019044_901c71,,1337033931,disabled,Agent_5,1,
Agent_8,5,VOTE_TARGET,,0.004642,0.042633,judge_disabled,,8,0.19525566697120667,DAY_VOTE,1,,Worker,,1,run_1785019044_901c71,,1337033931,disabled,Agent_5,1,
Agent_3,8,KILL_TARGET,,,,,,7,0.1720457375049591,NIGHT_KILL,2,,Werewolf,,1,run_1785019044_901c71,,1337033931,disabled,,,
Agent_0,3,TALK_INTENT,,,,,,,0.39172276854515076,DAY_DISCUSS,0,,Worker,,2,run_1785019044_901c71,,1337033931,disabled,,,
Agent_1,3,TALK_INTENT,,,,,,,0.21732454001903534,DAY_DISCUSS,0,,Worker,,2,run_1785019044_901c71,,1337033931,disabled,,,
Agent_2,2,TALK_INTENT,,,,,,,0.4317970275878906,DAY_DISCUSS,0,,Worker,,2,run_1785019044_901c71,,1337033931,disabled,,,
Agent_3,1,TALK_INTENT,,,,,,,0.1720457375049591,DAY_DISCUSS,0,,Werewolf,,2,run_1785019044_901c71,,1337033931,disabled,,,
Agent_4,3,TALK_INTENT,,,,,,,0.2702183127403259,DAY_DISCUSS,0,,Worker,,2,run_1785019044_901c71,,1337033931,disabled,,,
Agent_6,2,TALK_INTENT,,,,,,,0.11660865694284439,DAY_DISCUSS,0,,Worker,,2,run_1785019044_901c71,,1337033931,disabled,,,
Agent_7,2,TALK_INTENT,,,,,,,0.22779437899589539,DAY_DISCUSS,0,,Worker,,2,run_1785019044_901c71,,1337033931,disabled,,,
Agent_0,4,TALK_INTENT,,,,,,,0.39172276854515076,DAY_DISCUSS,0,,Worker,,2,run_1785019044_901c71,,1337033931,disabled,,,
Agent_1,3,TALK_INTENT,,,,,,,0.21732454001903534,DAY_DISCUSS,0,,Worker,,2,run_1785019044_901c71,,1337033931,disabled,,,
Agent_2,2,TALK_INTENT,,,,,,,0.4317970275878906,DAY_DISCUSS,0,,Worker,,2,run_1785019044_901c71,,1337033931,disabled,,,
Agent_3,0,TALK_INTENT,,,,,,,0.1720457375049591,DAY_DISCUSS,0,,Werewolf,,2,run_1785019044_901c71,,1337033931,disabled,,,
Agent_4,2,TALK_INTENT,,,,,,,0.2702183127403259,DAY_DISCUSS,0,,Worker,,2,run_1785019044_901c71,,1337033931,disabled,,,
Agent_6,2,TALK_INTENT,,,,,,,0.11660865694284439,DAY_DISCUSS,0,,Worker,,2,run_1785019044_901c71,,1337033931,disabled,,,
Agent_7,4,TALK_INTENT,,,,,,,0.22779437899589539,DAY_DISCUSS,0,,Worker,,2,run_1785019044_901c71,,1337033931,disabled,,,
Agent_0,3,VOTE_TARGET,,0.000493,0.013571,judge_disabled,,6,0.39172276854515076,DAY_VOTE,1,,Worker,,2,run_1785019044_901c71,,1337033931,disabled,Agent_3,1,
Agent_1,3,VOTE_TARGET,,0.000420,0.012621,judge_disabled,,6,0.21732454001903534,DAY_VOTE,1,,Worker,,2,run_1785019044_901c71,,1337033931,disabled,Agent_3,1,
Agent_2,3,VOTE_TARGET,,0.000430,0.012779,judge_disabled,,6,0.4317970275878906,DAY_VOTE,1,,Worker,,2,run_1785019044_901c71,,1337033931,disabled,Agent_3,1,
Agent_3,6,VOTE_TARGET,,0.004602,0.041590,judge_disabled,,6,0.1720457375049591,DAY_VOTE,1,,Werewolf,,2,run_1785019044_901c71,,1337033931,disabled,Agent_6,0,
Agent_4,3,VOTE_TARGET,,0.000384,0.012496,judge_disabled,,6,0.2702183127403259,DAY_VOTE,1,,Worker,,2,run_1785019044_901c71,,1337033931,disabled,Agent_3,1,
Agent_6,3,VOTE_TARGET,,0.000460,0.012983,judge_disabled,,6,0.11660865694284439,DAY_VOTE,1,,Worker,,2,run_1785019044_901c71,,1337033931,disabled,Agent_3,1,
Agent_7,3,VOTE_TARGET,,0.000492,0.013923,judge_disabled,,6,0.22779437899589539,DAY_VOTE,1,,Worker,,2,run_1785019044_901c71,,1337033931,disabled,Agent_3,1,
Agent_0,2,TALK_INTENT,,,,,,,0.39172276854515076,DAY_DISCUSS,0,,Worker,,1,run_1785019050_b7fb04,,1337043904,disabled,,,
Agent_1,0,TALK_INTENT,,,,,,,0.21732454001903534,DAY_DISCUSS,0,,Worker,,1,run_1785019050_b7fb04,,1337043904,disabled,,,
Agent_2,3,TALK_INTENT,,,,,,,0.4317970275878906,DAY_DISCUSS,0,,Worker,,1,run_1785019050_b7fb04,,1337043904,disabled,,,
Agent_3,0,TALK_INTENT,,,,,,,0.1720457375049591,DAY_DISCUSS,0,,Worker,,1,run_1785019050_b7fb04,,1337043904,disabled,,,
Agent_4,2,TALK_INTENT,,,,,,,0.2702183127403259,DAY_DISCUSS,0,,Worker,,1,run_1785019050_b7fb04,,1337043904,disabled,,,
Agent_5,0,TALK_INTENT,,,,,,,0.35103756189346313,DAY_DISCUSS,0,,Werewolf,,1,run_1785019050_b7fb04,,1337043904,disabled,,,
Agent_6,3,TALK_INTENT,,,,,,,0.11660865694284439,DAY_DISCUSS,0,,Werewolf,,1,run_1785019050_b7fb04,,1337043904,disabled,,,
Agent_7,1,TALK_INTENT,,,,,,,0.22779437899589539,DAY_DISCUSS,0,,Worker,,1,run_1785019050_b7fb04,,1337043904,disabled,,,
Agent_8,4,TALK_INTENT,,,,,,,0.19525566697120667,DAY_DISCUSS,0,,Worker,,1,run_1785019050_b7fb04,,1337043904,disabled,,,
Agent_0,0,TALK_INTENT,,,,,,,0.39172276854515076,DAY_DISCUSS,0,,Worker,,1,run_1785019050_b7fb04,,1337043904,disabled,,,
Agent_1,2,TALK_INTENT,,,,,,,0.21732454001903534,DAY_DISCUSS,0,,Worker,,1,run_1785019050_b7fb04,,1337043904,disabled,,,
Agent_2,4,TALK_INTENT,,,,,,,0.4317970275878906,DAY_DISCUSS,0,,Worker,,1,run_1785019050_b7fb04,,1337043904,disabled,,,
Agent_3,0,TALK_INTENT,,,,,,,0.1720457375049591,DAY_DISCUSS,0,,Worker,,1,run_1785019050_b7fb04,,1337043904,disabled,,,
Agent_4,3,TALK_INTENT,,,,,,,0.2702183127403259,DAY_DISCUSS,0,,Worker,,1,run_1785019050_b7fb04,,1337043904,disabled,,,
Agent_5,4,TALK_INTENT,,,,,,,0.35103756189346313,DAY_DISCUSS,0,,Werewolf,,1,run_1785019050_b7fb04,,1337043904,disabled,,,
Agent_6,4,TALK_INTENT,,,,,,,0.11660865694284439,DAY_DISCUSS,0,,Werewolf,,1,run_1785019050_b7fb04,,1337043904,disabled,,,
Agent_7,2,TALK_INTENT,,,,,,,0.22779437899589539,DAY_DISCUSS,0,,Worker,,1,run_1785019050_b7fb04,,1337043904,disabled,,,
Agent_8,4,TALK_INTENT,,,,,,,0.19525566697120667,DAY_DISCUSS,0,,Worker,,1,run_1785019050_b7fb04,,1337043904,disabled,,,
Agent_0,5,VOTE_TARGET,,0.000551,0.013283,judge_disabled,,8,0.39172276854515076,DAY_VOTE,1,,Worker,,1,run_1785019050_b7fb04,,1337043904,disabled,Agent_5,1,
Agent_1,5,VOTE_TARGET,,0.004441,0.037888,judge_disabled,,8,0.21732454001903534,DAY_VOTE,1,,Worker,,1,run_1785019050_b7fb04,,1337043904,disabled,Agent_5,1,
Agent_2,5,VOTE_TARGET,,0.000571,0.013611,judge_disabled,,8,0.4317970275878906,DAY_VOTE,1,,Worker,,1,run_1785019050_b7fb04,,1337043904,disabled,Agent_5,1,
Agent_3,5,VOTE_TARGET,,0.000498,0.012634,judge_disabled,,8,0.1720457375049591,DAY_VOTE,1,,Worker,,1,run_1785019050_b7fb04,,1337043904,disabled,Agent_5,1,
Agent_4,5,VOTE_TARGET,,0.000501,0.012887,judge_disabled,,8,0.2702183127403259,DAY_VOTE,1,,Worker,,1,run_1785019050_b7fb04,,1337043904,disabled,Agent_5,1,
Agent_5,6,VOTE_TARGET,,0.004519,0.037906,judge_disabled,,8,0.35103756189346313,DAY_VOTE,1,,Werewolf,,1,run_1785019050_b7fb04,,1337043904,disabled,Agent_6,1,
Agent_6,5,VOTE_TARGET,,0.000506,0.012977,judge_disabled,,8,0.11660865694284439,DAY_VOTE,1,,Werewolf,,1,run_1785019050_b7fb04,,1337043904,disabled,Agent_5,1,
Agent_7,5,VOTE_TARGET,,0.000404,0.011620,judge_disabled,,8,0.22779437899589539,DAY_VOTE,1,,Worker,,1,run_1785019050_b7fb04,,1337043904,disabled,Agent_5,1,
Agent_8,5,VOTE_TARGET,,0.000464,0.012530,judge_disabled,,8,0.19525566697120667,DAY_VOTE,1,,Worker,,1,run_1785019050_b7fb04,,1337043904,disabled,Agent_5,1,
Agent_6,1,KILL_TARGET,,,,,,7,0.11660865694284439,NIGHT_KILL,2,,Werewolf,,1,run_1785019050_b7fb04,,1337043904,disabled,,,
Agent_0,3,TALK_INTENT,,,,,,,0.39172276854515076,DAY_DISCUSS,0,,Worker,,2,run_1785019050_b7fb04,,1337043904,disabled,,,
Agent_2,0,TALK_INTENT,,,,,,,0.4317970275878906,DAY_DISCUSS,0,,Worker,,2,run_1785019050_b7fb04,,1337043904,disabled,,,
Agent_3,1,TALK_INTENT,,,,,,,0.1720457375049591,DAY_DISCUSS,0,,Worker,,2,run_1785019050_b7fb04,,1337043904,disabled,,,
Agent_4,3,TALK_INTENT,,,,,,,0.2702183127403259,DAY_DISCUSS,0,,Worker,,2,run_1785019050_b7fb04,,1337043904,disabled,,,
Agent_6,4,TALK_INTENT,,,,,,,0.11660865694284439,DAY_DISCUSS,0,,Werewolf,,2,run_1785019050_b7fb04,,1337043904,disabled,,,
Agent_7,2,TALK_INTENT,,,,,,,0.22779437899589539,DAY_DISCUSS,0,,Worker,,2,run_1785019050_b7fb04,,1337043904,disabled,,,
Agent_8,0,TALK_INTENT,,,,,,,0.19525566697120667,DAY_DISCUSS,0,,Worker,,2,run_1785019050_b7fb04,,1337043904,disabled,,,
Agent_0,4,TALK_INTENT,,,,,,,0.39172276854515076,DAY_DISCUSS,0,,Worker,,2,run_1785019050_b7fb04,,1337043904,disabled,,,
Agent_2,4,TALK_INTENT,,,,,,,0.4317970275878906,DAY_DISCUSS,0,,Worker,,2,run_1785019050_b7fb04,,1337043904,disabled,,,
Agent_3,1,TALK_INTENT,,,,,,,0.1720457375049591,DAY_DISCUSS,0,,Worker,,2,run_1785019050_b7fb04,,1337043904,disabled,,,
Agent_4,3,TALK_INTENT,,,,,,,0.2702183127403259,DAY_DISCUSS,0,,Worker,,2,run_1785019050_b7fb04,,1337043904,disabled,,,
Agent_6,4,TALK_INTENT,,,,,,,0.11660865694284439,DAY_DISCUSS,0,,Werewolf,,2,run_1785019050_b7fb04,,1337043904,disabled,,,
Agent_7,2,TALK_INTENT,,,,,,,0.22779437899589539,DAY_DISCUSS,0,,Worker,,2,run_1785019050_b7fb04,,1337043904,disabled,,,
Agent_8,4,TALK_INTENT,,,,,,,0.19525566697120667,DAY_DISCUSS,0,,Worker,,2,run_1785019050_b7fb04,,1337043904,disabled,,,
Agent_0,7,VOTE_TARGET,,0.000550,0.013301,judge_disabled,,6,0.39172276854515076,DAY_VOTE,1,,Worker,,2,run_1785019050_b7fb04,,1337043904,disabled,Agent_7,0,
Agent_2,7,VOTE_TARGET,,0.004660,0.038519,judge_disabled,,6,0.4317970275878906,DAY_VOTE,1,,Worker,,2,run_1785019050_b7fb04,,1337043904,disabled,Agent_7,0,
Agent_3,7,VOTE_TARGET,,0.000498,0.012649,judge_disabled,,6,0.1720457375049591,DAY_VOTE,1,,Worker,,2,run_1785019050_b7fb04,,1337043904,disabled,Agent_7,0,
Agent_4,7,VOTE_TARGET,,0.000499,0.012895,judge_disabled,,6,0.2702183127403259,DAY_VOTE,1,,Worker,,2,run_1785019050_b7fb04,,1337043904,disabled,Agent_7,0,
Agent_6,3,VOTE_TARGET,,0.000506,0.012981,judge_disabled,,6,0.11660865694284439,DAY_VOTE,1,,Werewolf,,2,run_1785019050_b7fb04,,1337043904,disabled,Agent_3,0,
Agent_7,6,VOTE_TARGET,,0.005009,0.040791,judge_disabled,,6,0.22779437899589539,DAY_VOTE,1,,Worker,,2,run_1785019050_b7fb04,,1337043904,disabled,Agent_6,1,
Agent_8,7,VOTE_TARGET,,0.000458,0.012483,judge_disabled,,6,0.19525566697120667,DAY_VOTE,1,,Worker,,2,run_1785019050_b7fb04,,1337043904,disabled,Agent_7,0,
Agent_6,2,KILL_TARGET,,,,,,5,0.11660865694284439,NIGHT_KILL,2,,Werewolf,,2,run_1785019050_b7fb04,,1337043904,disabled,,,
Agent_0,4,TALK_INTENT,,,,,,,0.39172276854515076,DAY_DISCUSS,0,,Worker,,3,run_1785019050_b7fb04,,1337043904,disabled,,,
Agent_3,4,TALK_INTENT,,,,,,,0.1720457375049591,DAY_DISCUSS,0,,Worker,,3,run_1785019050_b7fb04,,1337043904,disabled,,,
Agent_4,4,TALK_INTENT,,,,,,,0.2702183127403259,DAY_DISCUSS,0,,Worker,,3,run_1785019050_b7fb04,,1337043904,disabled,,,
Agent_6,1,TALK_INTENT,,,,,,,0.11660865694284439,DAY_DISCUSS,0,,Werewolf,,3,run_1785019050_b7fb04,,1337043904,disabled,,,
Agent_8,4,TALK_INTENT,,,,,,,0.19525566697120667,DAY_DISCUSS,0,,Worker,,3,run_1785019050_b7fb04,,1337043904,disabled,,,
Agent_0,3,TALK_INTENT,,,,,,,0.39172276854515076,DAY_DISCUSS,0,,Worker,,3,run_1785019050_b7fb04,,1337043904,disabled,,,
Agent_3,2,TALK_INTENT,,,,,,,0.1720457375049591,DAY_DISCUSS,0,,Worker,,3,run_1785019050_b7fb04,,1337043904,disabled,,,
Agent_4,4,TALK_INTENT,,,,,,,0.2702183127403259,DAY_DISCUSS,0,,Worker,,3,run_1785019050_b7fb04,,1337043904,disabled,,,
Agent_6,0,TALK_INTENT,,,,,,,0.11660865694284439,DAY_DISCUSS,0,,Werewolf,,3,run_1785019050_b7fb04,,1337043904,disabled,,,
Agent_8,3,TALK_INTENT,,,,,,,0.19525566697120667,DAY_DISCUSS,0,,Worker,,3,run_1785019050_b7fb04,,1337043904,disabled,,,
Agent_0,6,VOTE_TARGET,,0.000552,0.013344,judge_disabled,,4,0.39172276854515076,DAY_VOTE,1,,Worker,,3,run_1785019050_b7fb04,,1337043904,disabled,Agent_6,1,
Agent_3,6,VOTE_TARGET,,0.000485,0.012512,judge_disabled,,4,0.1720457375049591,DAY_VOTE,1,,Worker,,3,run_1785019050_b7fb04,,1337043904,disabled,Agent_6,1,
Agent_4,6,VOTE_TARGET,,0.000478,0.012647,judge_disabled,,4,0.2702183127403259,DAY_VOTE,1,,Worker,,3,run_1785019050_b7fb04,,1337043904,disabled,Agent_6,1,
Agent_6,3,VOTE_TARGET,,0.005318,0.042124,judge_disabled,,4,0.11660865694284439,DAY_VOTE,1,,Werewolf,,3,run_1785019050_b7fb04,,1337043904,disabled,Agent_3,0,
Agent_8,6,VOTE_TARGET,,0.000460,0.012516,judge_disabled,,4,0.19525566697120667,DAY_VOTE,1,,Worker,,3,run_1785019050_b7fb04,,1337043904,disabled,Agent_6,1,
Agent_0,0,TALK_INTENT,,,,,,,0.39172276854515076,DAY_DISCUSS,0,,Werewolf,,1,run_1785019055_4e17b6,,1337053877,disabled,,,
Agent_1,1,TALK_INTENT,,,,,,,0.21732454001903534,DAY_DISCUSS,0,,Worker,,1,run_1785019055_4e17b6,,1337053877,disabled,,,
Agent_2,2,TALK_INTENT,,,,,,,0.4317970275878906,DAY_DISCUSS,0,,Worker,,1,run_1785019055_4e17b6,,1337053877,disabled,,,
Agent_3,2,TALK_INTENT,,,,,,,0.1720457375049591,DAY_DISCUSS,0,,Worker,,1,run_1785019055_4e17b6,,1337053877,disabled,,,
Agent_4,4,TALK_INTENT,,,,,,,0.2702183127403259,DAY_DISCUSS,0,,Werewolf,,1,run_1785019055_4e17b6,,1337053877,disabled,,,
Agent_5,4,TALK_INTENT,,,,,,,0.35103756189346313,DAY_DISCUSS,0,,Worker,,1,run_1785019055_4e17b6,,1337053877,disabled,,,
Agent_6,0,TALK_INTENT,,,,,,,0.11660865694284439,DAY_DISCUSS,0,,Worker,,1,run_1785019055_4e17b6,,1337053877,disabled,,,
Agent_7,2,TALK_INTENT,,,,,,,0.22779437899589539,DAY_DISCUSS,0,,Worker,,1,run_1785019055_4e17b6,,1337053877,disabled,,,
Agent_8,1,TALK_INTENT,,,,,,,0.19525566697120667,DAY_DISCUSS,0,,Worker,,1,run_1785019055_4e17b6,,1337053877,disabled,,,
Agent_0,4,TALK_INTENT,,,,,,,0.39172276854515076,DAY_DISCUSS,0,,Werewolf,,1,run_1785019055_4e17b6,,1337053877,disabled,,,
Agent_1,3,TALK_INTENT,,,,,,,0.21732454001903534,DAY_DISCUSS,0,,Worker,,1,run_1785019055_4e17b6,,1337053877,disabled,,,
Agent_2,2,TALK_INTENT,,,,,,,0.4317970275878906,DAY_DISCUSS,0,,Worker,,1,run_1785019055_4e17b6,,1337053877,disabled,,,
Agent_3,3,TALK_INTENT,,,,,,,0.1720457375049591,DAY_DISCUSS,0,,Worker,,1,run_1785019055_4e17b6,,1337053877,disabled,,,
Agent_4,3,TALK_INTENT,,,,,,,0.2702183127403259,DAY_DISCUSS,0,,Werewolf,,1,run_1785019055_4e17b6,,1337053877,disabled,,,
Agent_5,2,TALK_INTENT,,,,,,,0.35103756189346313,DAY_DISCUSS,0,,Worker,,1,run_1785019055_4e17b6,,1337053877,disabled,,,
Agent_6,3,TALK_INTENT,,,,,,,0.11660865694284439,DAY_DISCUSS,0,,Worker,,1,run_1785019055_4e17b6,,1337053877,disabled,,,
Agent_7,4,TALK_INTENT,,,,,,,0.22779437899589539,DAY_DISCUSS,0,,Worker,,1,run_1785019055_4e17b6,,1337053877,disabled,,,
Agent_8,3,TALK_INTENT,,,,,,,0.19525566697120667,DAY_DISCUSS,0,,Worker,,1,run_1785019055_4e17b6,,1337053877,disabled,,,
Agent_0,6,VOTE_TARGET,,0.005735,0.042653,judge_disabled,,8,0.39172276854515076,DAY_VOTE,1,,Werewolf,,1,run_1785019055_4e17b6,,1337053877,disabled,Agent_6,0,
Agent_1,0,VOTE_TARGET,,0.004682,0.038379,judge_disabled,,8,0.21732454001903534,DAY_VOTE,1,,Worker,,1,run_1785019055_4e17b6,,1337053877,disabled,Agent_0,1,
Agent_2,0,VOTE_TARGET,,0.000533,0.013069,judge_disabled,,8,0.4317970275878906,DAY_VOTE,1,,Worker,,1,run_1785019055_4e17b6,,1337053877,disabled,Agent_0,1,
Agent_3,0,VOTE_TARGET,,0.000504,0.012693,judge_disabled,,8,0.1720457375049591,DAY_VOTE,1,,Worker,,1,run_1785019055_4e17b6,,1337053877,disabled,Agent_0,1,
Agent_4,6,VOTE_TARGET,,0.000547,0.013559,judge_disabled,,8,0.2702183127403259,DAY_VOTE,1,,Werewolf,,1,run_1785019055_4e17b6,,1337053877,disabled,Agent_6,0,
Agent_5,0,VOTE_TARGET,,0.000421,0.011612,judge_disabled,,8,0.35103756189346313,DAY_VOTE,1,,Worker,,1,run_1785019055_4e17b6,,1337053877,disabled,Agent_0,1,
Agent_6,0,VOTE_TARGET,,0.000567,0.013460,judge_disabled,,8,0.11660865694284439,DAY_VOTE,1,,Worker,,1,run_1785019055_4e17b6,,1337053877,disabled,Agent_0,1,
Agent_7,0,VOTE_TARGET,,0.000471,0.013254,judge_disabled,,8,0.22779437899589539,DAY_VOTE,1,,Worker,,1,run_1785019055_4e17b6,,1337053877,disabled,Agent_0,1,
Agent_8,0,VOTE_TARGET,,0.000494,0.013000,judge_disabled,,8,0.19525566697120667,DAY_VOTE,1,,Worker,,1,run_1785019055_4e17b6,,1337053877,disabled,Agent_0,1,
Agent_4,1,KILL_TARGET,,,,,,7,0.2702183127403259,NIGHT_KILL,2,,Werewolf,,1,run_1785019055_4e17b6,,1337053877,disabled,,,
Agent_2,0,TALK_INTENT,,,,,,,0.4317970275878906,DAY_DISCUSS,0,,Worker,,2,run_1785019055_4e17b6,,1337053877,disabled,,,
Agent_3,1,TALK_INTENT,,,,,,,0.1720457375049591,DAY_DISCUSS,0,,Worker,,2,run_1785019055_4e17b6,,1337053877,disabled,,,
Agent_4,3,TALK_INTENT,,,,,,,0.2702183127403259,DAY_DISCUSS,0,,Werewolf,,2,run_1785019055_4e17b6,,1337053877,disabled,,,
Agent_5,2,TALK_INTENT,,,,,,,0.35103756189346313,DAY_DISCUSS,0,,Worker,,2,run_1785019055_4e17b6,,1337053877,disabled,,,
Agent_6,1,TALK_INTENT,,,,,,,0.11660865694284439,DAY_DISCUSS,0,,Worker,,2,run_1785019055_4e17b6,,1337053877,disabled,,,
Agent_7,2,TALK_INTENT,,,,,,,0.22779437899589539,DAY_DISCUSS,0,,Worker,,2,run_1785019055_4e17b6,,1337053877,disabled,,,
Agent_8,1,TALK_INTENT,,,,,,,0.19525566697120667,DAY_DISCUSS,0,,Worker,,2,run_1785019055_4e17b6,,1337053877,disabled,,,
Agent_2,0,TALK_INTENT,,,,,,,0.4317970275878906,DAY_DISCUSS,0,,Worker,,2,run_1785019055_4e17b6,,1337053877,disabled,,,
Agent_3,3,TALK_INTENT,,,,,,,0.1720457375049591,DAY_DISCUSS,0,,Worker,,2,run_1785019055_4e17b6,,1337053877,disabled,,,
Agent_4,4,TALK_INTENT,,,,,,,0.2702183127403259,DAY_DISCUSS,0,,Werewolf,,2,run_1785019055_4e17b6,,1337053877,disabled,,,
Agent_5,1,TALK_INTENT,,,,,,,0.35103756189346313,DAY_DISCUSS,0,,Worker,,2,run_1785019055_4e17b6,,1337053877,disabled,,,
Agent_6,3,TALK_INTENT,,,,,,,0.11660865694284439,DAY_DISCUSS,0,,Worker,,2,run_1785019055_4e17b6,,1337053877,disabled,,,
Agent_7,1,TALK_INTENT,,,,,,,0.22779437899589539,DAY_DISCUSS,0,,Worker,,2,run_1785019055_4e17b6,,1337053877,disabled,,,
Agent_8,2,TALK_INTENT,,,,,,,0.19525566697120667,DAY_DISCUSS,0,,Worker,,2,run_1785019055_4e17b6,,1337053877,disabled,,,
Agent_2,5,VOTE_TARGET,,0.005009,0.040103,judge_disabled,,6,0.4317970275878906,DAY_VOTE,1,,Worker,,2,run_1785019055_4e17b6,,1337053877,disabled,Agent_5,0,
Agent_3,5,VOTE_TARGET,,0.000505,0.012731,judge_disabled,,6,0.1720457375049591,DAY_VOTE,1,,Worker,,2,run_1785019055_4e17b6,,1337053877,disabled,Agent_5,0,
Agent_4,6,VOTE_TARGET,,0.000546,0.013580,judge_disabled,,6,0.2702183127403259,DAY_VOTE,1,,Werewolf,,2,run_1785019055_4e17b6,,1337053877,disabled,Agent_6,0,
Agent_5,2,VOTE_TARGET,,0.005336,0.041368,judge_disabled,,6,0.35103756189346313,DAY_VOTE,1,,Worker,,2,run_1785019055_4e17b6,,1337053877,disabled,Agent_2,0,
Agent_6,5,VOTE_TARGET,,0.000566,0.013475,judge_disabled,,6,0.11660865694284439,DAY_VOTE,1,,Worker,,2,run_1785019055_4e17b6,,1337053877,disabled,Agent_5,0,
Agent_7,5,VOTE_TARGET,,0.000470,0.013280,judge_disabled,,6,0.22779437899589539,DAY_VOTE,1,,Worker,,2,run_1785019055_4e17b6,,1337053877,disabled,Agent_5,0,
Agent_8,5,VOTE_TARGET,,0.000491,0.012996,judge_disabled,,6,0.19525566697120667,DAY_VOTE,1,,Worker,,2,run_1785019055_4e17b6,,1337053877,disabled,Agent_5,0,
Agent_4,2,KILL_TARGET,,,,,,5,0.2702183127403259,NIGHT_KILL,2,,Werewolf,,2,run_1785019055_4e17b6,,1337053877,disabled,,,
Agent_3,1,TALK_INTENT,,,,,,,0.1720457375049591,DAY_DISCUSS,0,,Worker,,3,run_1785019055_4e17b6,,1337053877,disabled,,,
Agent_4,3,TALK_INTENT,,,,,,,0.2702183127403259,DAY_DISCUSS,0,,Werewolf,,3,run_1785019055_4e17b6,,1337053877,disabled,,,
Agent_6,3,TALK_INTENT,,,,,,,0.11660865694284439,DAY_DISCUSS,0,,Worker,,3,run_1785019055_4e17b6,,1337053877,disabled,,,
Agent_7,1,TALK_INTENT,,,,,,,0.22779437899589539,DAY_DISCUSS,0,,Worker,,3,run_1785019055_4e17b6,,1337053877,disabled,,,
Agent_8,4,TALK_INTENT,,,,,,,0.19525566697120667,DAY_DISCUSS,0,,Worker,,3,run_1785019055_4e17b6,,1337053877,disabled,,,
Agent_3,4,TALK_INTENT,,,,,,,0.1720457375049591,DAY_DISCUSS,0,,Worker,,3,run_1785019055_4e17b6,,1337053877,disabled,,,
Agent_4,0,TALK_INTENT,,,,,,,0.2702183127403259,DAY_DISCUSS,0,,Werewolf,,3,run_1785019055_4e17b6,,1337053877,disabled,,,
Agent_6,0,TALK_INTENT,,,,,,,0.11660865694284439,DAY_DISCUSS,0,,Worker,,3,run_1785019055_4e17b6,,1337053877,disabled,,,
Agent_7,3,TALK_INTENT,,,,,,,0.22779437899589539,DAY_DISCUSS,0,,Worker,,3,run_1785019055_4e17b6,,1337053877,disabled,,,
Agent_8,3,TALK_INTENT,,,,,,,0.19525566697120667,DAY_DISCUSS,0,,Worker,,3,run_1785019055_4e17b6,,1337053877,disabled,,,
Agent_3,7,VOTE_TARGET,,0.000507,0.012776,judge_disabled,,4,0.1720457375049591,DAY_VOTE,1,,Worker,,3,run_1785019055_4e17b6,,1337053877,disabled,Agent_7,0,
Agent_4,6,VOTE_TARGET,,0.000546,0.013596,judge_disabled,,4,0.2702183127403259,DAY_VOTE,1,,Werewolf,,3,run_1785019055_4e17b6,,1337053877,disabled,Agent_6,0,
Agent_6,7,VOTE_TARGET,,0.005093,0.040673,judge_disabled,,4,0.11660865694284439,DAY_VOTE,1,,Worker,,3,run_1785019055_4e17b6,,1337053877,disabled,Agent_7,0,
Agent_7,6,VOTE_TARGET,,0.004942,0.039328,judge_disabled,,4,0.22779437899589539,DAY_VOTE,1,,Worker,,3,run_1785019055_4e17b6,,1337053877,disabled,Agent_6,0,
Agent_8,7,VOTE_TARGET,,0.000482,0.012892,judge_disabled,,4,0.19525566697120667,DAY_VOTE,1,,Worker,,3,run_1785019055_4e17b6,,1337053877,disabled,Agent_7,0,
Agent_4,6,KILL_TARGET,,,,,,3,0.2702183127403259,NIGHT_KILL,2,,Werewolf,,3,run_1785019055_4e17b6,,1337053877,disabled,,,
Agent_3,2,TALK_INTENT,,,,,,,0.1720457375049591,DAY_DISCUSS,0,,Worker,,4,run_1785019055_4e17b6,,1337053877,disabled,,,
Agent_4,4,TALK_INTENT,,,,,,,0.2702183127403259,DAY_DISCUSS,0,,Werewolf,,4,run_1785019055_4e17b6,,1337053877,disabled,,,
Agent_8,3,TALK_INTENT,,,,,,,0.19525566697120667,DAY_DISCUSS,0,,Worker,,4,run_1785019055_4e17b6,,1337053877,disabled,,,
Agent_3,4,TALK_INTENT,,,,,,,0.1720457375049591,DAY_DISCUSS,0,,Worker,,4,run_1785019055_4e17b6,,1337053877,disabled,,,
Agent_4,1,TALK_INTENT,,,,,,,0.2702183127403259,DAY_DISCUSS,0,,Werewolf,,4,run_1785019055_4e17b6,,1337053877,disabled,,,
Agent_8,3,TALK_INTENT,,,,,,,0.19525566697120667,DAY_DISCUSS,0,,Worker,,4,run_1785019055_4e17b6,,1337053877,disabled,,,
Agent_3,8,VOTE_TARGET,,0.005878,0.043696,judge_disabled,,2,0.1720457375049591,DAY_VOTE,1,,Worker,,4,run_1785019055_4e17b6,,1337053877,disabled,Agent_8,0,
Agent_4,3,VOTE_TARGET,,0.000534,0.013505,judge_disabled,,2,0.2702183127403259,DAY_VOTE,1,,Werewolf,,4,run_1785019055_4e17b6,,1337053877,disabled,Agent_3,0,
Agent_8,3,VOTE_TARGET,,0.005395,0.041347,judge_disabled,,2,0.19525566697120667,DAY_VOTE,1,,Worker,,4,run_1785019055_4e17b6,,1337053877,disabled,Agent_3,0,
Agent_4,8,KILL_TARGET,,,,,,1,0.2702183127403259,NIGHT_KILL,2,,Werewolf,,4,run_1785019055_4e17b6,,1337053877,disabled,,,
Agent_0,2,TALK_INTENT,,,,,,,0.39172276854515076,DAY_DISCUSS,0,,Worker,,1,run_1785019060_29fad8,,1337063850,disabled,,,
Agent_1,0,TALK_INTENT,,,,,,,0.21732454001903534,DAY_DISCUSS,0,,Worker,,1,run_1785019060_29fad8,,1337063850,disabled,,,
Agent_2,0,TALK_INTENT,,,,,,,0.4317970275878906,DAY_DISCUSS,0,,Worker,,1,run_1785019060_29fad8,,1337063850,disabled,,,
Agent_3,0,TALK_INTENT,,,,,,,0.1720457375049591,DAY_DISCUSS,0,,Worker,,1,run_1785019060_29fad8,,1337063850,disabled,,,
Agent_4,0,TALK_INTENT,,,,,,,0.2702183127403259,DAY_DISCUSS,0,,Worker,,1,run_1785019060_29fad8,,1337063850,disabled,,,
Agent_5,3,TALK_INTENT,,,,,,,0.35103756189346313,DAY_DISCUSS,0,,Werewolf,,1,run_1785019060_29fad8,,1337063850,disabled,,,
Agent_6,0,TALK_INTENT,,,,,,,0.11660865694284439,DAY_DISCUSS,0,,Worker,,1,run_1785019060_29fad8,,1337063850,disabled,,,
Agent_7,1,TALK_INTENT,,,,,,,0.22779437899589539,DAY_DISCUSS,0,,Worker,,1,run_1785019060_29fad8,,1337063850,disabled,,,
Agent_8,1,TALK_INTENT,,,,,,,0.19525566697120667,DAY_DISCUSS,0,,Werewolf,,1,run_1785019060_29fad8,,1337063850,disabled,,,
Agent_0,0,TALK_INTENT,,,,,,,0.39172276854515076,DAY_DISCUSS,0,,Worker,,1,run_1785019060_29fad8,,1337063850,disabled,,,
Agent_1,0,TALK_INTENT,,,,,,,0.21732454001903534,DAY_DISCUSS,0,,Worker,,1,run_1785019060_29fad8,,1337063850,disabled,,,
Agent_2,0,TALK_INTENT,,,,,,,0.4317970275878906,DAY_DISCUSS,0,,Worker,,1,run_1785019060_29fad8,,1337063850,disabled,,,
Agent_3,4,TALK_INTENT,,,,,,,0.1720457375049591,DAY_DISCUSS,0,,Worker,,1,run_1785019060_29fad8,,1337063850,disabled,,,
Agent_4,0,TALK_INTENT,,,,,,,0.2702183127403259,DAY_DISCUSS,0,,Worker,,1,run_1785019060_29fad8,,1337063850,disabled,,,
Agent_5,4,TALK_INTENT,,,,,,,0.35103756189346313,DAY_DISCUSS,0,,Werewolf,,1,run_1785019060_29fad8,,1337063850,disabled,,,
Agent_6,2,TALK_INTENT,,,,,,,0.11660865694284439,DAY_DISCUSS,0,,Worker,,1,run_1785019060_29fad8,,1337063850,disabled,,,
Agent_7,1,TALK_INTENT,,,,,,,0.22779437899589539,DAY_DISCUSS,0,,Worker,,1,run_1785019060_29fad8,,1337063850,disabled,,,
Agent_8,2,TALK_INTENT,,,,,,,0.19525566697120667,DAY_DISCUSS,0,,Werewolf,,1,run_1785019060_29fad8,,1337063850,disabled,,,
Agent_0,4,VOTE_TARGET,,0.000520,0.012949,judge_disabled,,8,0.39172276854515076,DAY_VOTE,1,,Worker,,1,run_1785019060_29fad8,,1337063850,disabled,Agent_4,0,
Agent_1,4,VOTE_TARGET,,0.004489,0.038002,judge_disabled,,8,0.21732454001903534,DAY_VOTE,1,,Worker,,1,run_1785019060_29fad8,,1337063850,disabled,Agent_4,0,
Agent_2,4,VOTE_TARGET,,0.000540,0.013400,judge_disabled,,8,0.4317970275878906,DAY_VOTE,1,,Worker,,1,run_1785019060_29fad8,,1337063850,disabled,Agent_4,0,
Agent_3,4,VOTE_TARGET,,0.000493,0.013130,judge_disabled,,8,0.1720457375049591,DAY_VOTE,1,,Worker,,1,run_1785019060_29fad8,,1337063850,disabled,Agent_4,0,
Agent_4,8,VOTE_TARGET,,0.004910,0.039486,judge_disabled,,8,0.2702183127403259,DAY_VOTE,1,,Worker,,1,run_1785019060_29fad8,,1337063850,disabled,Agent_8,1,
Agent_5,6,VOTE_TARGET,,0.000506,0.012795,judge_disabled,,8,0.35103756189346313,DAY_VOTE,1,,Werewolf,,1,run_1785019060_29fad8,,1337063850,disabled,Agent_6,0,
Agent_6,4,VOTE_TARGET,,0.000557,0.013606,judge_disabled,,8,0.11660865694284439,DAY_VOTE,1,,Worker,,1,run_1785019060_29fad8,,1337063850,disabled,Agent_4,0,
Agent_7,4,VOTE_TARGET,,0.000405,0.011640,judge_disabled,,8,0.22779437899589539,DAY_VOTE,1,,Worker,,1,run_1785019060_29fad8,,1337063850,disabled,Agent_4,0,
Agent_8,6,VOTE_TARGET,,0.000501,0.013275,judge_disabled,,8,0.19525566697120667,DAY_VOTE,1,,Werewolf,,1,run_1785019060_29fad8,,1337063850,disabled,Agent_6,0,
Agent_5,1,KILL_TARGET,,,,,,6,0.35103756189346313,NIGHT_KILL,2,,Werewolf,,1,run_1785019060_29fad8,,1337063850,disabled,,,
Agent_0,3,TALK_INTENT,,,,,,,0.39172276854515076,DAY_DISCUSS,0,,Worker,,2,run_1785019060_29fad8,,1337063850,disabled,,,
Agent_2,1,TALK_INTENT,,,,,,,0.4317970275878906,DAY_DISCUSS,0,,Worker,,2,run_1785019060_29fad8,,1337063850,disabled,,,
Agent_3,1,TALK_INTENT,,,,,,,0.1720457375049591,DAY_DISCUSS,0,,Worker,,2,run_1785019060_29fad8,,1337063850,disabled,,,
Agent_5,0,TALK_INTENT,,,,,,,0.35103756189346313,DAY_DISCUSS,0,,Werewolf,,2,run_1785019060_29fad8,,1337063850,disabled,,,
Agent_6,0,TALK_INTENT,,,,,,,0.11660865694284439,DAY_DISCUSS,0,,Worker,,2,run_1785019060_29fad8,,1337063850,disabled,,,
Agent_7,4,TALK_INTENT,,,,,,,0.22779437899589539,DAY_DISCUSS,0,,Worker,,2,run_1785019060_29fad8,,1337063850,disabled,,,
Agent_8,2,TALK_INTENT,,,,,,,0.19525566697120667,DAY_DISCUSS,0,,Werewolf,,2,run_1785019060_29fad8,,1337063850,disabled,,,
Agent_0,4,TALK_INTENT,,,,,,,0.39172276854515076,DAY_DISCUSS,0,,Worker,,2,run_1785019060_29fad8,,1337063850,disabled,,,
Agent_2,4,TALK_INTENT,,,,,,,0.4317970275878906,DAY_DISCUSS,0,,Worker,,2,run_1785019060_29fad8,,1337063850,disabled,,,
Agent_3,1,TALK_INTENT,,,,,,,0.1720457375049591,DAY_DISCUSS,0,,Worker,,2,run_1785019060_29fad8,,1337063850,disabled,,,
Agent_5,3,TALK_INTENT,,,,,,,0.35103756189346313,DAY_DISCUSS,0,,Werewolf,,2,run_1785019060_29fad8,,1337063850,disabled,,,
Agent_6,1,TALK_INTENT,,,,,,,0.11660865694284439,DAY_DISCUSS,0,,Worker,,2,run_1785019060_29fad8,,1337063850,disabled,,,
Agent_7,3,TALK_INTENT,,,,,,,0.22779437899589539,DAY_DISCUSS,0,,Worker,,2,run_1785019060_29fad8,,1337063850,disabled,,,
Agent_8,2,TALK_INTENT,,,,,,,0.19525566697120667,DAY_DISCUSS,0,,Werewolf,,2,run_1785019060_29fad8,,1337063850,disabled,,,
Agent_0,8,VOTE_TARGET,,0.000515,0.012927,judge_disabled,,6,0.39172276854515076,DAY_VOTE,1,,Worker,,2,run_1785019060_29fad8,,1337063850,disabled,Agent_8,1,
Agent_2,8,VOTE_TARGET,,0.004682,0.038457,judge_disabled,,6,0.4317970275878906,DAY_VOTE,1,,Worker,,2,run_1785019060_29fad8,,1337063850,disabled,Agent_8,1,
Agent_3,8,VOTE_TARGET,,0.000494,0.013142,judge_disabled,,6,0.1720457375049591,DAY_VOTE,1,,Worker,,2,run_1785019060_29fad8,,1337063850,disabled,Agent_8,1,
Agent_5,6,VOTE_TARGET,,0.000504,0.012792,judge_disabled,,6,0.35103756189346313,DAY_VOTE,1,,Werewolf,,2,run_1785019060_29fad8,,1337063850,disabled,Agent_6,0,
Agent_6,8,VOTE_TARGET,,0.000554,0.013612,judge_disabled,,6,0.11660865694284439,DAY_VOTE,1,,Worker,,2,run_1785019060_29fad8,,1337063850,disabled,Agent_8,1,
Agent_7,8,VOTE_TARGET,,0.000405,0.011648,judge_disabled,,6,0.22779437899589539,DAY_VOTE,1,,Worker,,2,run_1785019060_29fad8,,1337063850,disabled,Agent_8,1,
Agent_8,6,VOTE_TARGET,,0.005022,0.041264,judge_disabled,,6,0.19525566697120667,DAY_VOTE,1,,Werewolf,,2,run_1785019060_29fad8,,1337063850,disabled,Agent_6,0,
Agent_5,2,KILL_TARGET,,,,,,5,0.35103756189346313,NIGHT_KILL,2,,Werewolf,,2,run_1785019060_29fad8,,1337063850,disabled,,,
Agent_0,0,TALK_INTENT,,,,,,,0.39172276854515076,DAY_DISCUSS,0,,Worker,,3,run_1785019060_29fad8,,1337063850,disabled,,,
Agent_3,0,TALK_INTENT,,,,,,,0.1720457375049591,DAY_DISCUSS,0,,Worker,,3,run_1785019060_29fad8,,1337063850,disabled,,,
Agent_5,1,TALK_INTENT,,,,,,,0.35103756189346313,DAY_DISCUSS,0,,Werewolf,,3,run_1785019060_29fad8,,1337063850,disabled,,,
Agent_6,1,TALK_INTENT,,,,,,,0.11660865694284439,DAY_DISCUSS,0,,Worker,,3,run_1785019060_29fad8,,1337063850,disabled,,,
Agent_7,0,TALK_INTENT,,,,,,,0.22779437899589539,DAY_DISCUSS,0,,Worker,,3,run_1785019060_29fad8,,1337063850,disabled,,,
Agent_0,2,TALK_INTENT,,,,,,,0.39172276854515076,DAY_DISCUSS,0,,Worker,,3,run_1785019060_29fad8,,1337063850,disabled,,,
Agent_3,1,TALK_INTENT,,,,,,,0.1720457375049591,DAY_DISCUSS,0,,Worker,,3,run_1785019060_29fad8,,1337063850,disabled,,,
Agent_5,2,TALK_INTENT,,,,,,,0.35103756189346313,DAY_DISCUSS,0,,Werewolf,,3,run_1785019060_29fad8,,1337063850,disabled,,,
Agent_6,2,TALK_INTENT,,,,,,,0.11660865694284439,DAY_DISCUSS,0,,Worker,,3,run_1785019060_29fad8,,1337063850,disabled,,,
Agent_7,2,TALK_INTENT,,,,,,,0.22779437899589539,DAY_DISCUSS,0,,Worker,,3,run_1785019060_29fad8,,1337063850,disabled,,,
Agent_0,5,VOTE_TARGET,,0.000512,0.012896,judge_disabled,,4,0.39172276854515076,DAY_VOTE,1,,Worker,,3,run_1785019060_29fad8,,1337063850,disabled,Agent_5,1,
Agent_3,5,VOTE_TARGET,,0.000502,0.013279,judge_disabled,,4,0.1720457375049591,DAY_VOTE,1,,Worker,,3,run_1785019060_29fad8,,1337063850,disabled,Agent_5,1,
Agent_5,6,VOTE_TARGET,,0.005093,0.040389,judge_disabled,,4,0.35103756189346313,DAY_VOTE,1,,Werewolf,,3,run_1785019060_29fad8,,1337063850,disabled,Agent_6,0,
Agent_6,5,VOTE_TARGET,,0.000538,0.013437,judge_disabled,,4,0.11660865694284439,DAY_VOTE,1,,Worker,,3,run_1785019060_29fad8,,1337063850,disabled,Agent_5,1,
Agent_7,5,VOTE_TARGET,,0.000401,0.011634,judge_disabled,,4,0.22779437899589539,DAY_VOTE,1,,Worker,,3,run_1785019060_29fad8,,1337063850,disabled,Agent_5,1,
Agent_0,4,TALK_INTENT,,,,,,,0.39172276854515076,DAY_DISCUSS,0,,Worker,,1,run_1785019065_105046,,1337073823,disabled,,,
Agent_1,0,TALK_INTENT,,,,,,,0.21732454001903534,DAY_DISCUSS,0,,Worker,,1,run_1785019065_105046,,1337073823,disabled,,,
Agent_2,3,TALK_INTENT,,,,,,,0.4317970275878906,DAY_DISCUSS,0,,Worker,,1,run_1785019065_105046,,1337073823,disabled,,,
Agent_3,3,TALK_INTENT,,,,,,,0.1720457375049591,DAY_DISCUSS,0,,Werewolf,,1,run_1785019065_105046,,1337073823,disabled,,,
Agent_4,2,TALK_INTENT,,,,,,,0.2702183127403259,DAY_DISCUSS,0,,Worker,,1,run_1785019065_105046,,1337073823,disabled,,,
Agent_5,0,TALK_INTENT,,,,,,,0.35103756189346313,DAY_DISCUSS,0,,Worker,,1,run_1785019065_105046,,1337073823,disabled,,,
Agent_6,3,TALK_INTENT,,,,,,,0.11660865694284439,DAY_DISCUSS,0,,Werewolf,,1,run_1785019065_105046,,1337073823,disabled,,,
Agent_7,4,TALK_INTENT,,,,,,,0.22779437899589539,DAY_DISCUSS,0,,Worker,,1,run_1785019065_105046,,1337073823,disabled,,,
Agent_8,1,TALK_INTENT,,,,,,,0.19525566697120667,DAY_DISCUSS,0,,Worker,,1,run_1785019065_105046,,1337073823,disabled,,,
Agent_0,0,TALK_INTENT,,,,,,,0.39172276854515076,DAY_DISCUSS,0,,Worker,,1,run_1785019065_105046,,1337073823,disabled,,,
Agent_1,0,TALK_INTENT,,,,,,,0.21732454001903534,DAY_DISCUSS,0,,Worker,,1,run_1785019065_105046,,1337073823,disabled,,,
Agent_2,1,TALK_INTENT,,,,,,,0.4317970275878906,DAY_DISCUSS,0,,Worker,,1,run_1785019065_105046,,1337073823,disabled,,,
Agent_3,0,TALK_INTENT,,,,,,,0.1720457375049591,DAY_DISCUSS,0,,Werewolf,,1,run_1785019065_105046,,1337073823,disabled,,,
Agent_4,1,TALK_INTENT,,,,,,,0.2702183127403259,DAY_DISCUSS,0,,Worker,,1,run_1785019065_105046,,1337073823,disabled,,,
Agent_5,0,TALK_INTENT,,,,,,,0.35103756189346313,DAY_DISCUSS,0,,Worker,,1,run_1785019065_105046,,1337073823,disabled,,,
Agent_6,1,TALK_INTENT,,,,,,,0.11660865694284439,DAY_DISCUSS,0,,Werewolf,,1,run_1785019065_105046,,1337073823,disabled,,,
Agent_7,4,TALK_INTENT,,,,,,,0.22779437899589539,DAY_DISCUSS,0,,Worker,,1,run_1785019065_105046,,1337073823,disabled,,,
Agent_8,2,TALK_INTENT,,,,,,,0.19525566697120667,DAY_DISCUSS,0,,Worker,,1,run_1785019065_105046,,1337073823,disabled,,,
Agent_0,1,VOTE_TARGET,,0.000555,0.013374,judge_disabled,,8,0.39172276854515076,DAY_VOTE,1,,Worker,,1,run_1785019065_105046,,1337073823,disabled,Agent_1,0,
Agent_1,8,VOTE_TARGET,,0.005218,0.040669,judge_disabled,,8,0.21732454001903534,DAY_VOTE,1,,Worker,,1,run_1785019065_105046,,1337073823,disabled,Agent_8,0,
Agent_2,1,VOTE_TARGET,,0.004534,0.038379,judge_disabled,,8,0.4317970275878906,DAY_VOTE,1,,Worker,,1,run_1785019065_105046,,1337073823,disabled,Agent_1,0,
Agent_3,6,VOTE_TARGET,,0.000531,0.013029,judge_disabled,,8,0.1720457375049591,DAY_VOTE,1,,Werewolf,,1,run_1785019065_105046,,1337073823,disabled,Agent_6,1,
Agent_4,1,VOTE_TARGET,,0.000475,0.012389,judge_disabled,,8,0.2702183127403259,DAY_VOTE,1,,Worker,,1,run_1785019065_105046,,1337073823,disabled,Agent_1,0,
Agent_5,1,VOTE_TARGET,,0.000462,0.012290,judge_disabled,,8,0.35103756189346313,DAY_VOTE,1,,Worker,,1,run_1785019065_105046,,1337073823,disabled,Agent_1,0,
Agent_6,5,VOTE_TARGET,,0.000524,0.012978,judge_disabled,,8,0.11660865694284439,DAY_VOTE,1,,Werewolf,,1,run_1785019065_105046,,1337073823,disabled,Agent_5,0,
Agent_7,1,VOTE_TARGET,,0.000477,0.013248,judge_disabled,,8,0.22779437899589539,DAY_VOTE,1,,Worker,,1,run_1785019065_105046,,1337073823,disabled,Agent_1,0,
Agent_8,1,VOTE_TARGET,,0.000556,0.013463,judge_disabled,,8,0.19525566697120667,DAY_VOTE,1,,Worker,,1,run_1785019065_105046,,1337073823,disabled,Agent_1,0,
Agent_3,2,KILL_TARGET,,,,,,6,0.1720457375049591,NIGHT_KILL,2,,Werewolf,,1,run_1785019065_105046,,1337073823,disabled,,,
Agent_0,0,TALK_INTENT,,,,,,,0.39172276854515076,DAY_DISCUSS,0,,Worker,,2,run_1785019065_105046,,1337073823,disabled,,,
Agent_3,4,TALK_INTENT,,,,,,,0.1720457375049591,DAY_DISCUSS,0,,Werewolf,,2,run_1785019065_105046,,1337073823,disabled,,,
Agent_4,1,TALK_INTENT,,,,,,,0.2702183127403259,DAY_DISCUSS,0,,Worker,,2,run_1785019065_105046,,1337073823,disabled,,,
Agent_5,0,TALK_INTENT,,,,,,,0.35103756189346313,DAY_DISCUSS,0,,Worker,,2,run_1785019065_105046,,1337073823,disabled,,,
Agent_6,0,TALK_INTENT,,,,,,,0.11660865694284439,DAY_DISCUSS,0,,Werewolf,,2,run_1785019065_105046,,1337073823,disabled,,,
Agent_7,4,TALK_INTENT,,,,,,,0.22779437899589539,DAY_DISCUSS,0,,Worker,,2,run_1785019065_105046,,1337073823,disabled,,,
Agent_8,3,TALK_INTENT,,,,,,,0.19525566697120667,DAY_DISCUSS,0,,Worker,,2,run_1785019065_105046,,1337073823,disabled,,,
Agent_0,2,TALK_INTENT,,,,,,,0.39172276854515076,DAY_DISCUSS,0,,Worker,,2,run_1785019065_105046,,1337073823,disabled,,,
Agent_3,2,TALK_INTENT,,,,,,,0.1720457375049591,DAY_DISCUSS,0,,Werewolf,,2,run_1785019065_105046,,1337073823,disabled,,,
Agent_4,4,TALK_INTENT,,,,,,,0.2702183127403259,DAY_DISCUSS,0,,Worker,,2,run_1785019065_105046,,1337073823,disabled,,,
Agent_5,3,TALK_INTENT,,,,,,,0.35103756189346313,DAY_DISCUSS,0,,Worker,,2,run_1785019065_105046,,1337073823,disabled,,,
Agent_6,2,TALK_INTENT,,,,,,,0.11660865694284439,DAY_DISCUSS,0,,Werewolf,,2,run_1785019065_105046,,1337073823,disabled,,,
Agent_7,0,TALK_INTENT,,,,,,,0.22779437899589539,DAY_DISCUSS,0,,Worker,,2,run_1785019065_105046,,1337073823,disabled,,,
Agent_8,2,TALK_INTENT,,,,,,,0.19525566697120667,DAY_DISCUSS,0,,Worker,,2,run_1785019065_105046,,1337073823,disabled,,,
Agent_0,8,VOTE_TARGET,,0.000554,0.013371,judge_disabled,,6,0.39172276854515076,DAY_VOTE,1,,Worker,,2,run_1785019065_105046,,1337073823,disabled,Agent_8,0,
Agent_3,6,VOTE_TARGET,,0.000530,0.013042,judge_disabled,,6,0.1720457375049591,DAY_VOTE,1,,Werewolf,,2,run_1785019065_105046,,1337073823,disabled,Agent_6,1,
Agent_4,8,VOTE_TARGET,,0.005509,0.042416,judge_disabled,,6,0.2702183127403259,DAY_VOTE,1,,Worker,,2,run_1785019065_105046,,1337073823,disabled,Agent_8,0,
Agent_5,8,VOTE_TARGET,,0.000461,0.012288,judge_disabled,,6,0.35103756189346313,DAY_VOTE,1,,Worker,,2,run_1785019065_105046,,1337073823,disabled,Agent_8,0,
Agent_6,5,VOTE_TARGET,,0.000525,0.013020,judge_disabled,,6,0.11660865694284439,DAY_VOTE,1,,Werewolf,,2,run_1785019065_105046,,1337073823,disabled,Agent_5,0,
Agent_7,8,VOTE_TARGET,,0.000477,0.013276,judge_disabled,,6,0.22779437899589539,DAY_VOTE,1,,Worker,,2,run_1785019065_105046,,1337073823,disabled,Agent_8,0,
Agent_8,5,VOTE_TARGET,,0.005501,0.042516,judge_disabled,,6,0.19525566697120667,DAY_VOTE,1,,Worker,,2,run_1785019065_105046,,1337073823,disabled,Agent_5,0,
Agent_3,4,KILL_TARGET,,,,,,4,0.1720457375049591,NIGHT_KILL,2,,Werewolf,,2,run_1785019065_105046,,1337073823,disabled,,,
Agent_0,3,TALK_INTENT,,,,,,,0.39172276854515076,DAY_DISCUSS,0,,Worker,,3,run_1785019065_105046,,1337073823,disabled,,,
Agent_3,4,TALK_INTENT,,,,,,,0.1720457375049591,DAY_DISCUSS,0,,Werewolf,,3,run_1785019065_105046,,1337073823,disabled,,,
Agent_5,1,TALK_INTENT,,,,,,,0.35103756189346313,DAY_DISCUSS,0,,Worker,,3,run_1785019065_105046,,1337073823,disabled,,,
Agent_6,3,TALK_INTENT,,,,,,,0.11660865694284439,DAY_DISCUSS,0,,Werewolf,,3,run_1785019065_105046,,1337073823,disabled,,,
Agent_7,3,TALK_INTENT,,,,,,,0.22779437899589539,DAY_DISCUSS,0,,Worker,,3,run_1785019065_105046,,1337073823,disabled,,,
Agent_0,3,TALK_INTENT,,,,,,,0.39172276854515076,DAY_DISCUSS,0,,Worker,,3,run_1785019065_105046,,1337073823,disabled,,,
Agent_3,3,TALK_INTENT,,,,,,,0.1720457375049591,DAY_DISCUSS,0,,Werewolf,,3,run_1785019065_105046,,1337073823,disabled,,,
Agent_5,0,TALK_INTENT,,,,,,,0.35103756189346313,DAY_DISCUSS,0,,Worker,,3,run_1785019065_105046,,1337073823,disabled,,,
Agent_6,3,TALK_INTENT,,,,,,,0.11660865694284439,DAY_DISCUSS,0,,Werewolf,,3,run_1785019065_105046,,1337073823,disabled,,,
Agent_7,0,TALK_INTENT,,,,,,,0.22779437899589539,DAY_DISCUSS,0,,Worker,,3,run_1785019065_105046,,1337073823,disabled,,,
Agent_0,5,VOTE_TARGET,,0.000562,0.013495,judge_disabled,,4,0.39172276854515076,DAY_VOTE,1,,Worker,,3,run_1785019065_105046,,1337073823,disabled,Agent_5,0,
Agent_3,6,VOTE_TARGET,,0.000518,0.012912,judge_disabled,,4,0.1720457375049591,DAY_VOTE,1,,Werewolf,,3,run_1785019065_105046,,1337073823,disabled,Agent_6,1,
Agent_5,0,VOTE_TARGET,,0.005287,0.041836,judge_disabled,,4,0.35103756189346313,DAY_VOTE,1,,Worker,,3,run_1785019065_105046,,1337073823,disabled,Agent_0,0,
Agent_6,5,VOTE_TARGET,,0.000517,0.012948,judge_disabled,,4,0.11660865694284439,DAY_VOTE,1,,Werewolf,,3,run_1785019065_105046,,1337073823,disabled,Agent_5,0,
Agent_7,5,VOTE_TARGET,,0.005436,0.041262,judge_disabled,,4,0.22779437899589539,DAY_VOTE,1,,Worker,,3,run_1785019065_105046,,1337073823,disabled,Agent_5,0,
Agent_3,7,KILL_TARGET,,,,,,2,0.1720457375049591,NIGHT_KILL,2,,Werewolf,,3,run_1785019065_105046,,1337073823,disabled,,,
Agent_0,3,TALK_INTENT,,,,,,,0.39172276854515076,DAY_DISCUSS,0,,Worker,,1,run_1785019438_82e7d7,,1337004012,disabled,,,
Agent_1,3,TALK_INTENT,,,,,,,0.21732454001903534,DAY_DISCUSS,0,,Worker,,1,run_1785019438_82e7d7,,1337004012,disabled,,,
Agent_2,2,TALK_INTENT,,,,,,,0.4317970275878906,DAY_DISCUSS,0,,Werewolf,,1,run_1785019438_82e7d7,,1337004012,disabled,,,
Agent_3,2,TALK_INTENT,,,,,,,0.1720457375049591,DAY_DISCUSS,0,,Worker,,1,run_1785019438_82e7d7,,1337004012,disabled,,,
Agent_4,4,TALK_INTENT,,,,,,,0.2702183127403259,DAY_DISCUSS,0,,Werewolf,,1,run_1785019438_82e7d7,,1337004012,disabled,,,
Agent_5,3,TALK_INTENT,,,,,,,0.35103756189346313,DAY_DISCUSS,0,,Worker,,1,run_1785019438_82e7d7,,1337004012,disabled,,,
Agent_6,1,TALK_INTENT,,,,,,,0.11660865694284439,DAY_DISCUSS,0,,Worker,,1,run_1785019438_82e7d7,,1337004012,disabled,,,
Agent_7,4,TALK_INTENT,,,,,,,0.22779437899589539,DAY_DISCUSS,0,,Worker,,1,run_1785019438_82e7d7,,1337004012,disabled,,,
Agent_8,2,TALK_INTENT,,,,,,,0.19525566697120667,DAY_DISCUSS,0,,Worker,,1,run_1785019438_82e7d7,,1337004012,disabled,,,
Agent_0,2,TALK_INTENT,,,,,,,0.39172276854515076,DAY_DISCUSS,0,,Worker,,1,run_1785019438_82e7d7,,1337004012,disabled,,,
Agent_1,3,TALK_INTENT,,,,,,,0.21732454001903534,DAY_DISCUSS,0,,Worker,,1,run_1785019438_82e7d7,,1337004012,disabled,,,
Agent_2,2,TALK_INTENT,,,,,,,0.4317970275878906,DAY_DISCUSS,0,,Werewolf,,1,run_1785019438_82e7d7,,1337004012,disabled,,,
Agent_3,3,TALK_INTENT,,,,,,,0.1720457375049591,DAY_DISCUSS,0,,Worker,,1,run_1785019438_82e7d7,,1337004012,disabled,,,
Agent_4,4,TALK_INTENT,,,,,,,0.2702183127403259,DAY_DISCUSS,0,,Werewolf,,1,run_1785019438_82e7d7,,1337004012,disabled,,,
Agent_5,0,TALK_INTENT,,,,,,,0.35103756189346313,DAY_DISCUSS,0,,Worker,,1,run_1785019438_82e7d7,,1337004012,disabled,,,
Agent_6,2,TALK_INTENT,,,,,,,0.11660865694284439,DAY_DISCUSS,0,,Worker,,1,run_1785019438_82e7d7,,1337004012,disabled,,,
Agent_7,3,TALK_INTENT,,,,,,,0.22779437899589539,DAY_DISCUSS,0,,Worker,,1,run_1785019438_82e7d7,,1337004012,disabled,,,
Agent_8,2,TALK_INTENT,,,,,,,0.19525566697120667,DAY_DISCUSS,0,,Worker,,1,run_1785019438_82e7d7,,1337004012,disabled,,,
Agent_0,5,VOTE_TARGET,,0.000439,0.012762,judge_disabled,,8,0.39172276854515076,DAY_VOTE,1,,Worker,,1,run_1785019438_82e7d7,,1337004012,disabled,Agent_5,0,
Agent_1,5,VOTE_TARGET,,0.004256,0.045234,judge_disabled,,8,0.21732454001903534,DAY_VOTE,1,,Worker,,1,run_1785019438_82e7d7,,1337004012,disabled,Agent_5,0,
Agent_2,6,VOTE_TARGET,,0.000440,0.012815,judge_disabled,,8,0.4317970275878906,DAY_VOTE,1,,Werewolf,,1,run_1785019438_82e7d7,,1337004012,disabled,Agent_6,0,
Agent_3,5,VOTE_TARGET,,0.000407,0.012310,judge_disabled,,8,0.1720457375049591,DAY_VOTE,1,,Worker,,1,run_1785019438_82e7d7,,1337004012,disabled,Agent_5,0,
Agent_4,6,VOTE_TARGET,,0.000431,0.012693,judge_disabled,,8,0.2702183127403259,DAY_VOTE,1,,Werewolf,,1,run_1785019438_82e7d7,,1337004012,disabled,Agent_6,0,
Agent_5,7,VOTE_TARGET,,0.004283,0.046873,judge_disabled,,8,0.35103756189346313,DAY_VOTE,1,,Worker,,1,run_1785019438_82e7d7,,1337004012,disabled,Agent_7,0,
Agent_6,5,VOTE_TARGET,,0.000395,0.012413,judge_disabled,,8,0.11660865694284439,DAY_VOTE,1,,Worker,,1,run_1785019438_82e7d7,,1337004012,disabled,Agent_5,0,
Agent_7,5,VOTE_TARGET,,0.000502,0.013640,judge_disabled,,8,0.22779437899589539,DAY_VOTE,1,,Worker,,1,run_1785019438_82e7d7,,1337004012,disabled,Agent_5,0,
Agent_8,5,VOTE_TARGET,,0.000438,0.012800,judge_disabled,,8,0.19525566697120667,DAY_VOTE,1,,Worker,,1,run_1785019438_82e7d7,,1337004012,disabled,Agent_5,0,
Agent_2,1,KILL_TARGET,,,,,,6,0.4317970275878906,NIGHT_KILL,2,,Werewolf,,1,run_1785019438_82e7d7,,1337004012,disabled,,,
Agent_0,2,TALK_INTENT,,,,,,,0.39172276854515076,DAY_DISCUSS,0,,Worker,,2,run_1785019438_82e7d7,,1337004012,disabled,,,
Agent_2,3,TALK_INTENT,,,,,,,0.4317970275878906,DAY_DISCUSS,0,,Werewolf,,2,run_1785019438_82e7d7,,1337004012,disabled,,,
Agent_3,1,TALK_INTENT,,,,,,,0.1720457375049591,DAY_DISCUSS,0,,Worker,,2,run_1785019438_82e7d7,,1337004012,disabled,,,
Agent_4,2,TALK_INTENT,,,,,,,0.2702183127403259,DAY_DISCUSS,0,,Werewolf,,2,run_1785019438_82e7d7,,1337004012,disabled,,,
Agent_6,4,TALK_INTENT,,,,,,,0.11660865694284439,DAY_DISCUSS,0,,Worker,,2,run_1785019438_82e7d7,,1337004012,disabled,,,
Agent_7,1,TALK_INTENT,,,,,,,0.22779437899589539,DAY_DISCUSS,0,,Worker,,2,run_1785019438_82e7d7,,1337004012,disabled,,,
Agent_8,0,TALK_INTENT,,,,,,,0.19525566697120667,DAY_DISCUSS,0,,Worker,,2,run_1785019438_82e7d7,,1337004012,disabled,,,
Agent_0,3,TALK_INTENT,,,,,,,0.39172276854515076,DAY_DISCUSS,0,,Worker,,2,run_1785019438_82e7d7,,1337004012,disabled,,,
Agent_2,3,TALK_INTENT,,,,,,,0.4317970275878906,DAY_DISCUSS,0,,Werewolf,,2,run_1785019438_82e7d7,,1337004012,disabled,,,
Agent_3,2,TALK_INTENT,,,,,,,0.1720457375049591,DAY_DISCUSS,0,,Worker,,2,run_1785019438_82e7d7,,1337004012,disabled,,,
Agent_4,4,TALK_INTENT,,,,,,,0.2702183127403259,DAY_DISCUSS,0,,Werewolf,,2,run_1785019438_82e7d7,,1337004012,disabled,,,
Agent_6,2,TALK_INTENT,,,,,,,0.11660865694284439,DAY_DISCUSS,0,,Worker,,2,run_1785019438_82e7d7,,1337004012,disabled,,,
Agent_7,0,TALK_INTENT,,,,,,,0.22779437899589539,DAY_DISCUSS,0,,Worker,,2,run_1785019438_82e7d7,,1337004012,disabled,,,
Agent_8,0,TALK_INTENT,,,,,,,0.19525566697120667,DAY_DISCUSS,0,,Worker,,2,run_1785019438_82e7d7,,1337004012,disabled,,,
Agent_0,7,VOTE_TARGET,,0.000438,0.012762,judge_disabled,,6,0.39172276854515076,DAY_VOTE,1,,Worker,,2,run_1785019438_82e7d7,,1337004012,disabled,Agent_7,0,
Agent_2,6,VOTE_TARGET,,0.000439,0.012812,judge_disabled,,6,0.4317970275878906,DAY_VOTE,1,,Werewolf,,2,run_1785019438_82e7d7,,1337004012,disabled,Agent_6,0,
Agent_3,7,VOTE_TARGET,,0.000406,0.012310,judge_disabled,,6,0.1720457375049591,DAY_VOTE,1,,Worker,,2,run_1785019438_82e7d7,,1337004012,disabled,Agent_7,0,
Agent_4,6,VOTE_TARGET,,0.000430,0.012695,judge_disabled,,6,0.2702183127403259,DAY_VOTE,1,,Werewolf,,2,run_1785019438_82e7d7,,1337004012,disabled,Agent_6,0,
Agent_6,7,VOTE_TARGET,,0.000394,0.012415,judge_disabled,,6,0.11660865694284439,DAY_VOTE,1,,Worker,,2,run_1785019438_82e7d7,,1337004012,disabled,Agent_7,0,
Agent_7,0,VOTE_TARGET,,0.003674,0.042904,judge_disabled,,6,0.22779437899589539,DAY_VOTE,1,,Worker,,2,run_1785019438_82e7d7,,1337004012,disabled,Agent_0,0,
Agent_8,7,VOTE_TARGET,,0.004559,0.045826,judge_disabled,,6,0.19525566697120667,DAY_VOTE,1,,Worker,,2,run_1785019438_82e7d7,,1337004012,disabled,Agent_7,0,
Agent_2,8,KILL_TARGET,,,,,,4,0.4317970275878906,NIGHT_KILL,2,,Werewolf,,2,run_1785019438_82e7d7,,1337004012,disabled,,,
Agent_0,2,TALK_INTENT,,,,,,,0.39172276854515076,DAY_DISCUSS,0,,Worker,,3,run_1785019438_82e7d7,,1337004012,disabled,,,
Agent_2,3,TALK_INTENT,,,,,,,0.4317970275878906,DAY_DISCUSS,0,,Werewolf,,3,run_1785019438_82e7d7,,1337004012,disabled,,,
Agent_3,3,TALK_INTENT,,,,,,,0.1720457375049591,DAY_DISCUSS,0,,Worker,,3,run_1785019438_82e7d7,,1337004012,disabled,,,
Agent_4,0,TALK_INTENT,,,,,,,0.2702183127403259,DAY_DISCUSS,0,,Werewolf,,3,run_1785019438_82e7d7,,1337004012,disabled,,,
Agent_6,1,TALK_INTENT,,,,,,,0.11660865694284439,DAY_DISCUSS,0,,Worker,,3,run_1785019438_82e7d7,,1337004012,disabled,,,
Agent_0,0,TALK_INTENT,,,,,,,0.39172276854515076,DAY_DISCUSS,0,,Worker,,3,run_1785019438_82e7d7,,1337004012,disabled,,,
Agent_2,2,TALK_INTENT,,,,,,,0.4317970275878906,DAY_DISCUSS,0,,Werewolf,,3,run_1785019438_82e7d7,,1337004012,disabled,,,
Agent_3,4,TALK_INTENT,,,,,,,0.1720457375049591,DAY_DISCUSS,0,,Worker,,3,run_1785019438_82e7d7,,1337004012,disabled,,,
Agent_4,2,TALK_INTENT,,,,,,,0.2702183127403259,DAY_DISCUSS,0,,Werewolf,,3,run_1785019438_82e7d7,,1337004012,disabled,,,
Agent_6,3,TALK_INTENT,,,,,,,0.11660865694284439,DAY_DISCUSS,0,,Worker,,3,run_1785019438_82e7d7,,1337004012,disabled,,,
Agent_0,4,VOTE_TARGET,,0.000441,0.012808,judge_disabled,,4,0.39172276854515076,DAY_VOTE,1,,Worker,,3,run_1785019438_82e7d7,,1337004012,disabled,Agent_4,1,
Agent_2,6,VOTE_TARGET,,0.000431,0.012705,judge_disabled,,4,0.4317970275878906,DAY_VOTE,1,,Werewolf,,3,run_1785019438_82e7d7,,1337004012,disabled,Agent_6,0,
Agent_3,0,VOTE_TARGET,,0.004290,0.046200,judge_disabled,,4,0.1720457375049591,DAY_VOTE,1,,Worker,,3,run_1785019438_82e7d7,,1337004012,disabled,Agent_0,0,
Agent_4,6,VOTE_TARGET,,0.000430,0.012700,judge_disabled,,4,0.2702183127403259,DAY_VOTE,1,,Werewolf,,3,run_1785019438_82e7d7,,1337004012,disabled,Agent_6,0,
Agent_6,0,VOTE_TARGET,,0.000394,0.012419,judge_disabled,,4,0.11660865694284439,DAY_VOTE,1,,Worker,,3,run_1785019438_82e7d7,,1337004012,disabled,Agent_0,0,
Agent_2,3,KILL_TARGET,,,,,,3,0.4317970275878906,NIGHT_KILL,2,,Werewolf,,3,run_1785019438_82e7d7,,1337004012,disabled,,,
Agent_0,1,TALK_INTENT,,,,,,,0.39172276854515076,DAY_DISCUSS,0,,Worker,,1,run_1785019444_475535,,1337013985,disabled,,,
Agent_1,2,TALK_INTENT,,,,,,,0.21732454001903534,DAY_DISCUSS,0,,Worker,,1,run_1785019444_475535,,1337013985,disabled,,,
Agent_2,4,TALK_INTENT,,,,,,,0.4317970275878906,DAY_DISCUSS,0,,Worker,,1,run_1785019444_475535,,1337013985,disabled,,,
Agent_3,3,TALK_INTENT,,,,,,,0.1720457375049591,DAY_DISCUSS,0,,Worker,,1,run_1785019444_475535,,1337013985,disabled,,,
Agent_4,4,TALK_INTENT,,,,,,,0.2702183127403259,DAY_DISCUSS,0,,Werewolf,,1,run_1785019444_475535,,1337013985,disabled,,,
Agent_5,2,TALK_INTENT,,,,,,,0.35103756189346313,DAY_DISCUSS,0,,Werewolf,,1,run_1785019444_475535,,1337013985,disabled,,,
Agent_6,0,TALK_INTENT,,,,,,,0.11660865694284439,DAY_DISCUSS,0,,Worker,,1,run_1785019444_475535,,1337013985,disabled,,,
Agent_7,0,TALK_INTENT,,,,,,,0.22779437899589539,DAY_DISCUSS,0,,Worker,,1,run_1785019444_475535,,1337013985,disabled,,,
Agent_8,1,TALK_INTENT,,,,,,,0.19525566697120667,DAY_DISCUSS,0,,Worker,,1,run_1785019444_475535,,1337013985,disabled,,,
Agent_0,3,TALK_INTENT,,,,,,,0.39172276854515076,DAY_DISCUSS,0,,Worker,,1,run_1785019444_475535,,1337013985,disabled,,,
Agent_1,3,TALK_INTENT,,,,,,,0.21732454001903534,DAY_DISCUSS,0,,Worker,,1,run_1785019444_475535,,1337013985,disabled,,,
Agent_2,4,TALK_INTENT,,,,,,,0.4317970275878906,DAY_DISCUSS,0,,Worker,,1,run_1785019444_475535,,1337013985,disabled,,,
Agent_3,2,TALK_INTENT,,,,,,,0.1720457375049591,DAY_DISCUSS,0,,Worker,,1,run_1785019444_475535,,1337013985,disabled,,,
Agent_4,1,TALK_INTENT,,,,,,,0.2702183127403259,DAY_DISCUSS,0,,Werewolf,,1,run_1785019444_475535,,1337013985,disabled,,,
Agent_5,1,TALK_INTENT,,,,,,,0.35103756189346313,DAY_DISCUSS,0,,Werewolf,,1,run_1785019444_475535,,1337013985,disabled,,,
Agent_6,2,TALK_INTENT,,,,,,,0.11660865694284439,DAY_DISCUSS,0,,Worker,,1,run_1785019444_475535,,1337013985,disabled,,,
Agent_7,0,TALK_INTENT,,,,,,,0.22779437899589539,DAY_DISCUSS,0,,Worker,,1,run_1785019444_475535,,1337013985,disabled,,,
Agent_8,2,TALK_INTENT,,,,,,,0.19525566697120667,DAY_DISCUSS,0,,Worker,,1,run_1785019444_475535,,1337013985,disabled,,,
Agent_0,5,VOTE_TARGET,,0.000437,0.012749,judge_disabled,,8,0.39172276854515076,DAY_VOTE,1,,Worker,,1,run_1785019444_475535,,1337013985,disabled,Agent_5,1,
Agent_1,5,VOTE_TARGET,,0.005251,0.049779,judge_disabled,,8,0.21732454001903534,DAY_VOTE,1,,Worker,,1,run_1785019444_475535,,1337013985,disabled,Agent_5,1,
Agent_2,5,VOTE_TARGET,,0.000394,0.012512,judge_disabled,,8,0.4317970275878906,DAY_VOTE,1,,Worker,,1,run_1785019444_475535,,1337013985,disabled,Agent_5,1,
Agent_3,5,VOTE_TARGET,,0.000444,0.012829,judge_disabled,,8,0.1720457375049591,DAY_VOTE,1,,Worker,,1,run_1785019444_475535,,1337013985,disabled,Agent_5,1,
Agent_4,6,VOTE_TARGET,,0.000432,0.012986,judge_disabled,,8,0.2702183127403259,DAY_VOTE,1,,Werewolf,,1,run_1785019444_475535,,1337013985,disabled,Agent_6,0,
Agent_5,6,VOTE_TARGET,,0.004065,0.041285,judge_disabled,,8,0.35103756189346313,DAY_VOTE,1,,Werewolf,,1,run_1785019444_475535,,1337013985,disabled,Agent_6,0,
Agent_6,5,VOTE_TARGET,,0.000397,0.012480,judge_disabled,,8,0.11660865694284439,DAY_VOTE,1,,Worker,,1,run_1785019444_475535,,1337013985,disabled,Agent_5,1,
Agent_7,5,VOTE_TARGET,,0.000448,0.012946,judge_disabled,,8,0.22779437899589539,DAY_VOTE,1,,Worker,,1,run_1785019444_475535,,1337013985,disabled,Agent_5,1,
Agent_8,5,VOTE_TARGET,,0.000435,0.012708,judge_disabled,,8,0.19525566697120667,DAY_VOTE,1,,Worker,,1,run_1785019444_475535,,1337013985,disabled,Agent_5,1,
Agent_4,1,KILL_TARGET,,,,,,7,0.2702183127403259,NIGHT_KILL,2,,Werewolf,,1,run_1785019444_475535,,1337013985,disabled,,,
Agent_0,1,TALK_INTENT,,,,,,,0.39172276854515076,DAY_DISCUSS,0,,Worker,,2,run_1785019444_475535,,1337013985,disabled,,,
Agent_2,0,TALK_INTENT,,,,,,,0.4317970275878906,DAY_DISCUSS,0,,Worker,,2,run_1785019444_475535,,1337013985,disabled,,,
Agent_3,4,TALK_INTENT,,,,,,,0.1720457375049591,DAY_DISCUSS,0,,Worker,,2,run_1785019444_475535,,1337013985,disabled,,,
Agent_4,1,TALK_INTENT,,,,,,,0.2702183127403259,DAY_DISCUSS,0,,Werewolf,,2,run_1785019444_475535,,1337013985,disabled,,,
Agent_6,0,TALK_INTENT,,,,,,,0.11660865694284439,DAY_DISCUSS,0,,Worker,,2,run_1785019444_475535,,1337013985,disabled,,,
Agent_7,2,TALK_INTENT,,,,,,,0.22779437899589539,DAY_DISCUSS,0,,Worker,,2,run_1785019444_475535,,1337013985,disabled,,,
Agent_8,2,TALK_INTENT,,,,,,,0.19525566697120667,DAY_DISCUSS,0,,Worker,,2,run_1785019444_475535,,1337013985,disabled,,,
Agent_0,0,TALK_INTENT,,,,,,,0.39172276854515076,DAY_DISCUSS,0,,Worker,,2,run_1785019444_475535,,1337013985,disabled,,,
Agent_2,4,TALK_INTENT,,,,,,,0.4317970275878906,DAY_DISCUSS,0,,Worker,,2,run_1785019444_475535,,1337013985,disabled,,,
Agent_3,2,TALK_INTENT,,,,,,,0.1720457375049591,DAY_DISCUSS,0,,Worker,,2,run_1785019444_475535,,1337013985,disabled,,,
Agent_4,1,TALK_INTENT,,,,,,,0.2702183127403259,DAY_DISCUSS,0,,Werewolf,,2,run_1785019444_475535,,1337013985,disabled,,,
Agent_6,4,TALK_INTENT,,,,,,,0.11660865694284439,DAY_DISCUSS,0,,Worker,,2,run_1785019444_475535,,1337013985,disabled,,,
Agent_7,3,TALK_INTENT,,,,,,,0.22779437899589539,DAY_DISCUSS,0,,Worker,,2,run_1785019444_475535,,1337013985,disabled,,,
Agent_8,1,TALK_INTENT,,,,,,,0.19525566697120667,DAY_DISCUSS,0,,Worker,,2,run_1785019444_475535,,1337013985,disabled,,,
Agent_0,7,VOTE_TARGET,,0.000436,0.012748,judge_disabled,,6,0.39172276854515076,DAY_VOTE,1,,Worker,,2,run_1785019444_475535,,1337013985,disabled,Agent_7,0,
Agent_2,7,VOTE_TARGET,,0.004176,0.043261,judge_disabled,,6,0.4317970275878906,DAY_VOTE,1,,Worker,,2,run_1785019444_475535,,1337013985,disabled,Agent_7,0,
Agent_3,7,VOTE_TARGET,,0.000443,0.012825,judge_disabled,,6,0.1720457375049591,DAY_VOTE,1,,Worker,,2,run_1785019444_475535,,1337013985,disabled,Agent_7,0,
Agent_4,6,VOTE_TARGET,,0.000432,0.012993,judge_disabled,,6,0.2702183127403259,DAY_VOTE,1,,Werewolf,,2,run_1785019444_475535,,1337013985,disabled,Agent_6,0,
Agent_6,7,VOTE_TARGET,,0.000396,0.012478,judge_disabled,,6,0.11660865694284439,DAY_VOTE,1,,Worker,,2,run_1785019444_475535,,1337013985,disabled,Agent_7,0,
Agent_7,0,VOTE_TARGET,,0.004481,0.046907,judge_disabled,,6,0.22779437899589539,DAY_VOTE,1,,Worker,,2,run_1785019444_475535,,1337013985,disabled,Agent_0,0,
Agent_8,7,VOTE_TARGET,,0.000435,0.012713,judge_disabled,,6,0.19525566697120667,DAY_VOTE,1,,Worker,,2,run_1785019444_475535,,1337013985,disabled,Agent_7,0,
Agent_4,2,KILL_TARGET,,,,,,5,0.2702183127403259,NIGHT_KILL,2,,Werewolf,,2,run_1785019444_475535,,1337013985,disabled,,,
Agent_0,0,TALK_INTENT,,,,,,,0.39172276854515076,DAY_DISCUSS,0,,Worker,,3,run_1785019444_475535,,1337013985,disabled,,,
Agent_3,1,TALK_INTENT,,,,,,,0.1720457375049591,DAY_DISCUSS,0,,Worker,,3,run_1785019444_475535,,1337013985,disabled,,,
Agent_4,2,TALK_INTENT,,,,,,,0.2702183127403259,DAY_DISCUSS,0,,Werewolf,,3,run_1785019444_475535,,1337013985,disabled,,,
Agent_6,0,TALK_INTENT,,,,,,,0.11660865694284439,DAY_DISCUSS,0,,Worker,,3,run_1785019444_475535,,1337013985,disabled,,,
Agent_8,1,TALK_INTENT,,,,,,,0.19525566697120667,DAY_DISCUSS,0,,Worker,,3,run_1785019444_475535,,1337013985,disabled,,,
Agent_0,2,TALK_INTENT,,,,,,,0.39172276854515076,DAY_DISCUSS,0,,Worker,,3,run_1785019444_475535,,1337013985,disabled,,,
Agent_3,3,TALK_INTENT,,,,,,,0.1720457375049591,DAY_DISCUSS,0,,Worker,,3,run_1785019444_475535,,1337013985,disabled,,,
Agent_4,1,TALK_INTENT,,,,,,,0.2702183127403259,DAY_DISCUSS,0,,Werewolf,,3,run_1785019444_475535,,1337013985,disabled,,,
Agent_6,3,TALK_INTENT,,,,,,,0.11660865694284439,DAY_DISCUSS,0,,Worker,,3,run_1785019444_475535,,1337013985,disabled,,,
Agent_8,0,TALK_INTENT,,,,,,,0.19525566697120667,DAY_DISCUSS,0,,Worker,,3,run_1785019444_475535,,1337013985,disabled,,,
Agent_0,4,VOTE_TARGET,,0.004697,0.046863,judge_disabled,,4,0.39172276854515076,DAY_VOTE,1,,Worker,,3,run_1785019444_475535,,1337013985,disabled,Agent_4,1,
Agent_3,0,VOTE_TARGET,,0.000443,0.012832,judge_disabled,,4,0.1720457375049591,DAY_VOTE,1,,Worker,,3,run_1785019444_475535,,1337013985,disabled,Agent_0,0,
Agent_4,6,VOTE_TARGET,,0.000430,0.012964,judge_disabled,,4,0.2702183127403259,DAY_VOTE,1,,Werewolf,,3,run_1785019444_475535,,1337013985,disabled,Agent_6,0,
Agent_6,0,VOTE_TARGET,,0.000394,0.012464,judge_disabled,,4,0.11660865694284439,DAY_VOTE,1,,Worker,,3,run_1785019444_475535,,1337013985,disabled,Agent_0,0,
Agent_8,0,VOTE_TARGET,,0.004979,0.048479,judge_disabled,,4,0.19525566697120667,DAY_VOTE,1,,Worker,,3,run_1785019444_475535,,1337013985,disabled,Agent_0,0,
Agent_4,8,KILL_TARGET,,,,,,3,0.2702183127403259,NIGHT_KILL,2,,Werewolf,,3,run_1785019444_475535,,1337013985,disabled,,,
Agent_3,4,TALK_INTENT,,,,,,,0.1720457375049591,DAY_DISCUSS,0,,Worker,,4,run_1785019444_475535,,1337013985,disabled,,,
Agent_4,2,TALK_INTENT,,,,,,,0.2702183127403259,DAY_DISCUSS,0,,Werewolf,,4,run_1785019444_475535,,1337013985,disabled,,,
Agent_6,2,TALK_INTENT,,,,,,,0.11660865694284439,DAY_DISCUSS,0,,Worker,,4,run_1785019444_475535,,1337013985,disabled,,,
Agent_3,0,TALK_INTENT,,,,,,,0.1720457375049591,DAY_DISCUSS,0,,Worker,,4,run_1785019444_475535,,1337013985,disabled,,,
Agent_4,4,TALK_INTENT,,,,,,,0.2702183127403259,DAY_DISCUSS,0,,Werewolf,,4,run_1785019444_475535,,1337013985,disabled,,,
Agent_6,3,TALK_INTENT,,,,,,,0.11660865694284439,DAY_DISCUSS,0,,Worker,,4,run_1785019444_475535,,1337013985,disabled,,,
Agent_3,4,VOTE_TARGET,,0.000446,0.012889,judge_disabled,,2,0.1720457375049591,DAY_VOTE,1,,Worker,,4,run_1785019444_475535,,1337013985,disabled,Agent_4,1,
Agent_4,6,VOTE_TARGET,,0.003823,0.045854,judge_disabled,,2,0.2702183127403259,DAY_VOTE,1,,Werewolf,,4,run_1785019444_475535,,1337013985,disabled,Agent_6,0,
Agent_6,4,VOTE_TARGET,,0.000392,0.012446,judge_disabled,,2,0.11660865694284439,DAY_VOTE,1,,Worker,,4,run_1785019444_475535,,1337013985,disabled,Agent_4,1,
Agent_0,1,TALK_INTENT,,,,,,,0.39172276854515076,DAY_DISCUSS,0,,Worker,,1,run_1785019449_f0990c,,1337023958,disabled,,,
Agent_1,4,TALK_INTENT,,,,,,,0.21732454001903534,DAY_DISCUSS,0,,Werewolf,,1,run_1785019449_f0990c,,1337023958,disabled,,,
Agent_2,0,TALK_INTENT,,,,,,,0.4317970275878906,DAY_DISCUSS,0,,Worker,,1,run_1785019449_f0990c,,1337023958,disabled,,,
Agent_3,4,TALK_INTENT,,,,,,,0.1720457375049591,DAY_DISCUSS,0,,Worker,,1,run_1785019449_f0990c,,1337023958,disabled,,,
Agent_4,2,TALK_INTENT,,,,,,,0.2702183127403259,DAY_DISCUSS,0,,Worker,,1,run_1785019449_f0990c,,1337023958,disabled,,,
Agent_5,3,TALK_INTENT,,,,,,,0.35103756189346313,DAY_DISCUSS,0,,Worker,,1,run_1785019449_f0990c,,1337023958,disabled,,,
Agent_6,1,TALK_INTENT,,,,,,,0.11660865694284439,DAY_DISCUSS,0,,Worker,,1,run_1785019449_f0990c,,1337023958,disabled,,,
Agent_7,2,TALK_INTENT,,,,,,,0.22779437899589539,DAY_DISCUSS,0,,Werewolf,,1,run_1785019449_f0990c,,1337023958,disabled,,,
Agent_8,4,TALK_INTENT,,,,,,,0.19525566697120667,DAY_DISCUSS,0,,Worker,,1,run_1785019449_f0990c,,1337023958,disabled,,,
Agent_0,4,TALK_INTENT,,,,,,,0.39172276854515076,DAY_DISCUSS,0,,Worker,,1,run_1785019449_f0990c,,1337023958,disabled,,,
Agent_1,4,TALK_INTENT,,,,,,,0.21732454001903534,DAY_DISCUSS,0,,Werewolf,,1,run_1785019449_f0990c,,1337023958,disabled,,,
Agent_2,3,TALK_INTENT,,,,,,,0.4317970275878906,DAY_DISCUSS,0,,Worker,,1,run_1785019449_f0990c,,1337023958,disabled,,,
Agent_3,2,TALK_INTENT,,,,,,,0.1720457375049591,DAY_DISCUSS,0,,Worker,,1,run_1785019449_f0990c,,1337023958,disabled,,,
Agent_4,1,TALK_INTENT,,,,,,,0.2702183127403259,DAY_DISCUSS,0,,Worker,,1,run_1785019449_f0990c,,1337023958,disabled,,,
Agent_5,4,TALK_INTENT,,,,,,,0.35103756189346313,DAY_DISCUSS,0,,Worker,,1,run_1785019449_f0990c,,1337023958,disabled,,,
Agent_6,4,TALK_INTENT,,,,,,,0.11660865694284439,DAY_DISCUSS,0,,Worker,,1,run_1785019449_f0990c,,1337023958,disabled,,,
Agent_7,1,TALK_INTENT,,,,,,,0.22779437899589539,DAY_DISCUSS,0,,Werewolf,,1,run_1785019449_f0990c,,1337023958,disabled,,,
Agent_8,2,TALK_INTENT,,,,,,,0.19525566697120667,DAY_DISCUSS,0,,Worker,,1,run_1785019449_f0990c,,1337023958,disabled,,,
Agent_0,5,VOTE_TARGET,,0.000467,0.013195,judge_disabled,,8,0.39172276854515076,DAY_VOTE,1,,Worker,,1,run_1785019449_f0990c,,1337023958,disabled,Agent_5,0,
Agent_1,6,VOTE_TARGET,,0.000373,0.012561,judge_disabled,,8,0.21732454001903534,DAY_VOTE,1,,Werewolf,,1,run_1785019449_f0990c,,1337023958,disabled,Agent_6,0,
Agent_2,5,VOTE_TARGET,,0.004519,0.045165,judge_disabled,,8,0.4317970275878906,DAY_VOTE,1,,Worker,,1,run_1785019449_f0990c,,1337023958,disabled,Agent_5,0,
Agent_3,5,VOTE_TARGET,,0.000419,0.012598,judge_disabled,,8,0.1720457375049591,DAY_VOTE,1,,Worker,,1,run_1785019449_f0990c,,1337023958,disabled,Agent_5,0,
Agent_4,5,VOTE_TARGET,,0.000439,0.012807,judge_disabled,,8,0.2702183127403259,DAY_VOTE,1,,Worker,,1,run_1785019449_f0990c,,1337023958,disabled,Agent_5,0,
Agent_5,7,VOTE_TARGET,,0.004350,0.044460,judge_disabled,,8,0.35103756189346313,DAY_VOTE,1,,Worker,,1,run_1785019449_f0990c,,1337023958,disabled,Agent_7,1,
Agent_6,5,VOTE_TARGET,,0.000447,0.012877,judge_disabled,,8,0.11660865694284439,DAY_VOTE,1,,Worker,,1,run_1785019449_f0990c,,1337023958,disabled,Agent_5,0,
Agent_7,6,VOTE_TARGET,,0.000422,0.012722,judge_disabled,,8,0.22779437899589539,DAY_VOTE,1,,Werewolf,,1,run_1785019449_f0990c,,1337023958,disabled,Agent_6,0,
Agent_8,5,VOTE_TARGET,,0.000442,0.012827,judge_disabled,,8,0.19525566697120667,DAY_VOTE,1,,Worker,,1,run_1785019449_f0990c,,1337023958,disabled,Agent_5,0,
Agent_1,2,KILL_TARGET,,,,,,6,0.21732454001903534,NIGHT_KILL,2,,Werewolf,,1,run_1785019449_f0990c,,1337023958,disabled,,,
Agent_0,2,TALK_INTENT,,,,,,,0.39172276854515076,DAY_DISCUSS,0,,Worker,,2,run_1785019449_f0990c,,1337023958,disabled,,,
Agent_1,0,TALK_INTENT,,,,,,,0.21732454001903534,DAY_DISCUSS,0,,Werewolf,,2,run_1785019449_f0990c,,1337023958,disabled,,,
Agent_3,4,TALK_INTENT,,,,,,,0.1720457375049591,DAY_DISCUSS,0,,Worker,,2,run_1785019449_f0990c,,1337023958,disabled,,,
Agent_4,2,TALK_INTENT,,,,,,,0.2702183127403259,DAY_DISCUSS,0,,Worker,,2,run_1785019449_f0990c,,1337023958,disabled,,,
Agent_6,4,TALK_INTENT,,,,,,,0.11660865694284439,DAY_DISCUSS,0,,Worker,,2,run_1785019449_f0990c,,1337023958,disabled,,,
Agent_7,4,TALK_INTENT,,,,,,,0.22779437899589539,DAY_DISCUSS,0,,Werewolf,,2,run_1785019449_f0990c,,1337023958,disabled,,,
Agent_8,0,TALK_INTENT,,,,,,,0.19525566697120667,DAY_DISCUSS,0,,Worker,,2,run_1785019449_f0990c,,1337023958,disabled,,,
Agent_0,0,TALK_INTENT,,,,,,,0.39172276854515076,DAY_DISCUSS,0,,Worker,,2,run_1785019449_f0990c,,1337023958,disabled,,,
Agent_1,1,TALK_INTENT,,,,,,,0.21732454001903534,DAY_DISCUSS,0,,Werewolf,,2,run_1785019449_f0990c,,1337023958,disabled,,,
Agent_3,2,TALK_INTENT,,,,,,,0.1720457375049591,DAY_DISCUSS,0,,Worker,,2,run_1785019449_f0990c,,1337023958,disabled,,,
Agent_4,0,TALK_INTENT,,,,,,,0.2702183127403259,DAY_DISCUSS,0,,Worker,,2,run_1785019449_f0990c,,1337023958,disabled,,,
Agent_6,4,TALK_INTENT,,,,,,,0.11660865694284439,DAY_DISCUSS,0,,Worker,,2,run_1785019449_f0990c,,1337023958,disabled,,,
Agent_7,3,TALK_INTENT,,,,,,,0.22779437899589539,DAY_DISCUSS,0,,Werewolf,,2,run_1785019449_f0990c,,1337023958,disabled,,,
Agent_8,4,TALK_INTENT,,,,,,,0.19525566697120667,DAY_DISCUSS,0,,Worker,,2,run_1785019449_f0990c,,1337023958,disabled,,,
Agent_0,7,VOTE_TARGET,,0.000466,0.013196,judge_disabled,,6,0.39172276854515076,DAY_VOTE,1,,Worker,,2,run_1785019449_f0990c,,1337023958,disabled,Agent_7,1,
Agent_1,6,VOTE_TARGET,,0.000372,0.012566,judge_disabled,,6,0.21732454001903534,DAY_VOTE,1,,Werewolf,,2,run_1785019449_f0990c,,1337023958,disabled,Agent_6,0,
Agent_3,7,VOTE_TARGET,,0.000419,0.012600,judge_disabled,,6,0.1720457375049591,DAY_VOTE,1,,Worker,,2,run_1785019449_f0990c,,1337023958,disabled,Agent_7,1,
Agent_4,7,VOTE_TARGET,,0.000439,0.012807,judge_disabled,,6,0.2702183127403259,DAY_VOTE,1,,Worker,,2,run_1785019449_f0990c,,1337023958,disabled,Agent_7,1,
Agent_6,7,VOTE_TARGET,,0.000446,0.012873,judge_disabled,,6,0.11660865694284439,DAY_VOTE,1,,Worker,,2,run_1785019449_f0990c,,1337023958,disabled,Agent_7,1,
Agent_7,6,VOTE_TARGET,,0.004428,0.047282,judge_disabled,,6,0.22779437899589539,DAY_VOTE,1,,Werewolf,,2,run_1785019449_f0990c,,1337023958,disabled,Agent_6,0,
Agent_8,7,VOTE_TARGET,,0.004478,0.045665,judge_disabled,,6,0.19525566697120667,DAY_VOTE,1,,Worker,,2,run_1785019449_f0990c,,1337023958,disabled,Agent_7,1,
Agent_1,8,KILL_TARGET,,,,,,5,0.21732454001903534,NIGHT_KILL,2,,Werewolf,,2,run_1785019449_f0990c,,1337023958,disabled,,,
Agent_0,0,TALK_INTENT,,,,,,,0.39172276854515076,DAY_DISCUSS,0,,Worker,,3,run_1785019449_f0990c,,1337023958,disabled,,,
Agent_1,4,TALK_INTENT,,,,,,,0.21732454001903534,DAY_DISCUSS,0,,Werewolf,,3,run_1785019449_f0990c,,1337023958,disabled,,,
Agent_3,0,TALK_INTENT,,,,,,,0.1720457375049591,DAY_DISCUSS,0,,Worker,,3,run_1785019449_f0990c,,1337023958,disabled,,,
Agent_4,4,TALK_INTENT,,,,,,,0.2702183127403259,DAY_DISCUSS,0,,Worker,,3,run_1785019449_f0990c,,1337023958,disabled,,,
Agent_6,3,TALK_INTENT,,,,,,,0.11660865694284439,DAY_DISCUSS,0,,Worker,,3,run_1785019449_f0990c,,1337023958,disabled,,,
Agent_0,1,TALK_INTENT,,,,,,,0.39172276854515076,DAY_DISCUSS,0,,Worker,,3,run_1785019449_f0990c,,1337023958,disabled,,,
Agent_1,3,TALK_INTENT,,,,,,,0.21732454001903534,DAY_DISCUSS,0,,Werewolf,,3,run_1785019449_f0990c,,1337023958,disabled,,,
Agent_3,4,TALK_INTENT,,,,,,,0.1720457375049591,DAY_DISCUSS,0,,Worker,,3,run_1785019449_f0990c,,1337023958,disabled,,,
Agent_4,2,TALK_INTENT,,,,,,,0.2702183127403259,DAY_DISCUSS,0,,Worker,,3,run_1785019449_f0990c,,1337023958,disabled,,,
Agent_6,1,TALK_INTENT,,,,,,,0.11660865694284439,DAY_DISCUSS,0,,Worker,,3,run_1785019449_f0990c,,1337023958,disabled,,,
Agent_0,1,VOTE_TARGET,,0.000464,0.013176,judge_disabled,,4,0.39172276854515076,DAY_VOTE,1,,Worker,,3,run_1785019449_f0990c,,1337023958,disabled,Agent_1,1,
Agent_1,6,VOTE_TARGET,,0.004878,0.050468,judge_disabled,,4,0.21732454001903534,DAY_VOTE,1,,Werewolf,,3,run_1785019449_f0990c,,1337023958,disabled,Agent_6,0,
Agent_3,1,VOTE_TARGET,,0.000421,0.012645,judge_disabled,,4,0.1720457375049591,DAY_VOTE,1,,Worker,,3,run_1785019449_f0990c,,1337023958,disabled,Agent_1,1,
Agent_4,1,VOTE_TARGET,,0.000437,0.012793,judge_disabled,,4,0.2702183127403259,DAY_VOTE,1,,Worker,,3,run_1785019449_f0990c,,1337023958,disabled,Agent_1,1,
Agent_6,1,VOTE_TARGET,,0.000442,0.012826,judge_disabled,,4,0.11660865694284439,DAY_VOTE,1,,Worker,,3,run_1785019449_f0990c,,1337023958,disabled,Agent_1,1,
Agent_0,1,TALK_INTENT,,,,,,,0.39172276854515076,DAY_DISCUSS,0,,Worker,,1,run_1785019454_6b0137,,1337033931,disabled,,,
Agent_1,2,TALK_INTENT,,,,,,,0.21732454001903534,DAY_DISCUSS,0,,Worker,,1,run_1785019454_6b0137,,1337033931,disabled,,,
Agent_2,0,TALK_INTENT,,,,,,,0.4317970275878906,DAY_DISCUSS,0,,Worker,,1,run_1785019454_6b0137,,1337033931,disabled,,,
Agent_3,4,TALK_INTENT,,,,,,,0.1720457375049591,DAY_DISCUSS,0,,Werewolf,,1,run_1785019454_6b0137,,1337033931,disabled,,,
Agent_4,3,TALK_INTENT,,,,,,,0.2702183127403259,DAY_DISCUSS,0,,Worker,,1,run_1785019454_6b0137,,1337033931,disabled,,,
Agent_5,3,TALK_INTENT,,,,,,,0.35103756189346313,DAY_DISCUSS,0,,Werewolf,,1,run_1785019454_6b0137,,1337033931,disabled,,,
Agent_6,3,TALK_INTENT,,,,,,,0.11660865694284439,DAY_DISCUSS,0,,Worker,,1,run_1785019454_6b0137,,1337033931,disabled,,,
Agent_7,1,TALK_INTENT,,,,,,,0.22779437899589539,DAY_DISCUSS,0,,Worker,,1,run_1785019454_6b0137,,1337033931,disabled,,,
Agent_8,0,TALK_INTENT,,,,,,,0.19525566697120667,DAY_DISCUSS,0,,Worker,,1,run_1785019454_6b0137,,1337033931,disabled,,,
Agent_0,1,TALK_INTENT,,,,,,,0.39172276854515076,DAY_DISCUSS,0,,Worker,,1,run_1785019454_6b0137,,1337033931,disabled,,,
Agent_1,0,TALK_INTENT,,,,,,,0.21732454001903534,DAY_DISCUSS,0,,Worker,,1,run_1785019454_6b0137,,1337033931,disabled,,,
Agent_2,4,TALK_INTENT,,,,,,,0.4317970275878906,DAY_DISCUSS,0,,Worker,,1,run_1785019454_6b0137,,1337033931,disabled,,,
Agent_3,0,TALK_INTENT,,,,,,,0.1720457375049591,DAY_DISCUSS,0,,Werewolf,,1,run_1785019454_6b0137,,1337033931,disabled,,,
Agent_4,2,TALK_INTENT,,,,,,,0.2702183127403259,DAY_DISCUSS,0,,Worker,,1,run_1785019454_6b0137,,1337033931,disabled,,,
Agent_5,0,TALK_INTENT,,,,,,,0.35103756189346313,DAY_DISCUSS,0,,Werewolf,,1,run_1785019454_6b0137,,1337033931,disabled,,,
Agent_6,2,TALK_INTENT,,,,,,,0.11660865694284439,DAY_DISCUSS,0,,Worker,,1,run_1785019454_6b0137,,1337033931,disabled,,,
Agent_7,0,TALK_INTENT,,,,,,,0.22779437899589539,DAY_DISCUSS,0,,Worker,,1,run_1785019454_6b0137,,1337033931,disabled,,,
Agent_8,3,TALK_INTENT,,,,,,,0.19525566697120667,DAY_DISCUSS,0,,Worker,,1,run_1785019454_6b0137,,1337033931,disabled,,,
Agent_0,5,VOTE_TARGET,,0.000409,0.013213,judge_disabled,,8,0.39172276854515076,DAY_VOTE,1,,Worker,,1,run_1785019454_6b0137,,1337033931,disabled,Agent_5,1,
Agent_1,5,VOTE_TARGET,,0.004128,0.049569,judge_disabled,,8,0.21732454001903534,DAY_VOTE,1,,Worker,,1,run_1785019454_6b0137,,1337033931,disabled,Agent_5,1,
Agent_2,5,VOTE_TARGET,,0.000344,0.012112,judge_disabled,,8,0.4317970275878906,DAY_VOTE,1,,Worker,,1,run_1785019454_6b0137,,1337033931,disabled,Agent_5,1,
Agent_3,6,VOTE_TARGET,,0.000354,0.012338,judge_disabled,,8,0.1720457375049591,DAY_VOTE,1,,Werewolf,,1,run_1785019454_6b0137,,1337033931,disabled,Agent_6,0,
Agent_4,5,VOTE_TARGET,,0.000375,0.012666,judge_disabled,,8,0.2702183127403259,DAY_VOTE,1,,Worker,,1,run_1785019454_6b0137,,1337033931,disabled,Agent_5,1,
Agent_5,6,VOTE_TARGET,,0.003029,0.042882,judge_disabled,,8,0.35103756189346313,DAY_VOTE,1,,Werewolf,,1,run_1785019454_6b0137,,1337033931,disabled,Agent_6,0,
Agent_6,5,VOTE_TARGET,,0.000402,0.013413,judge_disabled,,8,0.11660865694284439,DAY_VOTE,1,,Worker,,1,run_1785019454_6b0137,,1337033931,disabled,Agent_5,1,
Agent_7,5,VOTE_TARGET,,0.000368,0.012539,judge_disabled,,8,0.22779437899589539,DAY_VOTE,1,,Worker,,1,run_1785019454_6b0137,,1337033931,disabled,Agent_5,1,
Agent_8,5,VOTE_TARGET,,0.000371,0.012567,judge_disabled,,8,0.19525566697120667,DAY_VOTE,1,,Worker,,1,run_1785019454_6b0137,,1337033931,disabled,Agent_5,1,
Agent_3,1,KILL_TARGET,,,,,,7,0.1720457375049591,NIGHT_KILL,2,,Werewolf,,1,run_1785019454_6b0137,,1337033931,disabled,,,
Agent_0,3,TALK_INTENT,,,,,,,0.39172276854515076,DAY_DISCUSS,0,,Worker,,2,run_1785019454_6b0137,,1337033931,disabled,,,
Agent_2,3,TALK_INTENT,,,,,,,0.4317970275878906,DAY_DISCUSS,0,,Worker,,2,run_1785019454_6b0137,,1337033931,disabled,,,
Agent_3,2,TALK_INTENT,,,,,,,0.1720457375049591,DAY_DISCUSS,0,,Werewolf,,2,run_1785019454_6b0137,,1337033931,disabled,,,
Agent_4,1,TALK_INTENT,,,,,,,0.2702183127403259,DAY_DISCUSS,0,,Worker,,2,run_1785019454_6b0137,,1337033931,disabled,,,
Agent_6,3,TALK_INTENT,,,,,,,0.11660865694284439,DAY_DISCUSS,0,,Worker,,2,run_1785019454_6b0137,,1337033931,disabled,,,
Agent_7,2,TALK_INTENT,,,,,,,0.22779437899589539,DAY_DISCUSS,0,,Worker,,2,run_1785019454_6b0137,,1337033931,disabled,,,
Agent_8,3,TALK_INTENT,,,,,,,0.19525566697120667,DAY_DISCUSS,0,,Worker,,2,run_1785019454_6b0137,,1337033931,disabled,,,
Agent_0,4,TALK_INTENT,,,,,,,0.39172276854515076,DAY_DISCUSS,0,,Worker,,2,run_1785019454_6b0137,,1337033931,disabled,,,
Agent_2,3,TALK_INTENT,,,,,,,0.4317970275878906,DAY_DISCUSS,0,,Worker,,2,run_1785019454_6b0137,,1337033931,disabled,,,
Agent_3,2,TALK_INTENT,,,,,,,0.1720457375049591,DAY_DISCUSS,0,,Werewolf,,2,run_1785019454_6b0137,,1337033931,disabled,,,
Agent_4,0,TALK_INTENT,,,,,,,0.2702183127403259,DAY_DISCUSS,0,,Worker,,2,run_1785019454_6b0137,,1337033931,disabled,,,
Agent_6,2,TALK_INTENT,,,,,,,0.11660865694284439,DAY_DISCUSS,0,,Worker,,2,run_1785019454_6b0137,,1337033931,disabled,,,
Agent_7,2,TALK_INTENT,,,,,,,0.22779437899589539,DAY_DISCUSS,0,,Worker,,2,run_1785019454_6b0137,,1337033931,disabled,,,
Agent_8,0,TALK_INTENT,,,,,,,0.19525566697120667,DAY_DISCUSS,0,,Worker,,2,run_1785019454_6b0137,,1337033931,disabled,,,
Agent_0,7,VOTE_TARGET,,0.000408,0.013215,judge_disabled,,6,0.39172276854515076,DAY_VOTE,1,,Worker,,2,run_1785019454_6b0137,,1337033931,disabled,Agent_7,0,
Agent_2,7,VOTE_TARGET,,0.003902,0.048515,judge_disabled,,6,0.4317970275878906,DAY_VOTE,1,,Worker,,2,run_1785019454_6b0137,,1337033931,disabled,Agent_7,0,
Agent_3,6,VOTE_TARGET,,0.000353,0.012342,judge_disabled,,6,0.1720457375049591,DAY_VOTE,1,,Werewolf,,2,run_1785019454_6b0137,,1337033931,disabled,Agent_6,0,
Agent_4,7,VOTE_TARGET,,0.000374,0.012661,judge_disabled,,6,0.2702183127403259,DAY_VOTE,1,,Worker,,2,run_1785019454_6b0137,,1337033931,disabled,Agent_7,0,
Agent_6,0,VOTE_TARGET,,0.000401,0.013416,judge_disabled,,6,0.11660865694284439,DAY_VOTE,1,,Worker,,2,run_1785019454_6b0137,,1337033931,disabled,Agent_0,0,
Agent_7,0,VOTE_TARGET,,0.000367,0.012539,judge_disabled,,6,0.22779437899589539,DAY_VOTE,1,,Worker,,2,run_1785019454_6b0137,,1337033931,disabled,Agent_0,0,
Agent_8,0,VOTE_TARGET,,0.000370,0.012565,judge_disabled,,6,0.19525566697120667,DAY_VOTE,1,,Worker,,2,run_1785019454_6b0137,,1337033931,disabled,Agent_0,0,
Agent_3,2,KILL_TARGET,,,,,,6,0.1720457375049591,NIGHT_KILL,2,,Werewolf,,2,run_1785019454_6b0137,,1337033931,disabled,,,
Agent_0,1,TALK_INTENT,,,,,,,0.39172276854515076,DAY_DISCUSS,0,,Worker,,3,run_1785019454_6b0137,,1337033931,disabled,,,
Agent_3,3,TALK_INTENT,,,,,,,0.1720457375049591,DAY_DISCUSS,0,,Werewolf,,3,run_1785019454_6b0137,,1337033931,disabled,,,
Agent_4,4,TALK_INTENT,,,,,,,0.2702183127403259,DAY_DISCUSS,0,,Worker,,3,run_1785019454_6b0137,,1337033931,disabled,,,
Agent_6,2,TALK_INTENT,,,,,,,0.11660865694284439,DAY_DISCUSS,0,,Worker,,3,run_1785019454_6b0137,,1337033931,disabled,,,
Agent_7,2,TALK_INTENT,,,,,,,0.22779437899589539,DAY_DISCUSS,0,,Worker,,3,run_1785019454_6b0137,,1337033931,disabled,,,
Agent_8,2,TALK_INTENT,,,,,,,0.19525566697120667,DAY_DISCUSS,0,,Worker,,3,run_1785019454_6b0137,,1337033931,disabled,,,
Agent_0,4,TALK_INTENT,,,,,,,0.39172276854515076,DAY_DISCUSS,0,,Worker,,3,run_1785019454_6b0137,,1337033931,disabled,,,
Agent_3,2,TALK_INTENT,,,,,,,0.1720457375049591,DAY_DISCUSS,0,,Werewolf,,3,run_1785019454_6b0137,,1337033931,disabled,,,
Agent_4,3,TALK_INTENT,,,,,,,0.2702183127403259,DAY_DISCUSS,0,,Worker,,3,run_1785019454_6b0137,,1337033931,disabled,,,
Agent_6,3,TALK_INTENT,,,,,,,0.11660865694284439,DAY_DISCUSS,0,,Worker,,3,run_1785019454_6b0137,,1337033931,disabled,,,
Agent_7,3,TALK_INTENT,,,,,,,0.22779437899589539,DAY_DISCUSS,0,,Worker,,3,run_1785019454_6b0137,,1337033931,disabled,,,
Agent_8,1,TALK_INTENT,,,,,,,0.19525566697120667,DAY_DISCUSS,0,,Worker,,3,run_1785019454_6b0137,,1337033931,disabled,,,
Agent_0,7,VOTE_TARGET,,0.003653,0.046949,judge_disabled,,5,0.39172276854515076,DAY_VOTE,1,,Worker,,3,run_1785019454_6b0137,,1337033931,disabled,Agent_7,0,
Agent_3,6,VOTE_TARGET,,0.000353,0.012342,judge_disabled,,5,0.1720457375049591,DAY_VOTE,1,,Werewolf,,3,run_1785019454_6b0137,,1337033931,disabled,Agent_6,0,
Agent_4,7,VOTE_TARGET,,0.000373,0.012660,judge_disabled,,5,0.2702183127403259,DAY_VOTE,1,,Worker,,3,run_1785019454_6b0137,,1337033931,disabled,Agent_7,0,
Agent_6,0,VOTE_TARGET,,0.000401,0.013416,judge_disabled,,5,0.11660865694284439,DAY_VOTE,1,,Worker,,3,run_1785019454_6b0137,,1337033931,disabled,Agent_0,0,
Agent_7,0,VOTE_TARGET,,0.000367,0.012539,judge_disabled,,5,0.22779437899589539,DAY_VOTE,1,,Worker,,3,run_1785019454_6b0137,,1337033931,disabled,Agent_0,0,
Agent_8,0,VOTE_TARGET,,0.004276,0.049937,judge_disabled,,5,0.19525566697120667,DAY_VOTE,1,,Worker,,3,run_1785019454_6b0137,,1337033931,disabled,Agent_0,0,
Agent_3,8,KILL_TARGET,,,,,,4,0.1720457375049591,NIGHT_KILL,2,,Werewolf,,3,run_1785019454_6b0137,,1337033931,disabled,,,
Agent_3,4,TALK_INTENT,,,,,,,0.1720457375049591,DAY_DISCUSS,0,,Werewolf,,4,run_1785019454_6b0137,,1337033931,disabled,,,
Agent_4,2,TALK_INTENT,,,,,,,0.2702183127403259,DAY_DISCUSS,0,,Worker,,4,run_1785019454_6b0137,,1337033931,disabled,,,
Agent_6,0,TALK_INTENT,,,,,,,0.11660865694284439,DAY_DISCUSS,0,,Worker,,4,run_1785019454_6b0137,,1337033931,disabled,,,
Agent_7,3,TALK_INTENT,,,,,,,0.22779437899589539,DAY_DISCUSS,0,,Worker,,4,run_1785019454_6b0137,,1337033931,disabled,,,
Agent_3,1,TALK_INTENT,,,,,,,0.1720457375049591,DAY_DISCUSS,0,,Werewolf,,4,run_1785019454_6b0137,,1337033931,disabled,,,
Agent_4,2,TALK_INTENT,,,,,,,0.2702183127403259,DAY_DISCUSS,0,,Worker,,4,run_1785019454_6b0137,,1337033931,disabled,,,
Agent_6,4,TALK_INTENT,,,,,,,0.11660865694284439,DAY_DISCUSS,0,,Worker,,4,run_1785019454_6b0137,,1337033931,disabled,,,
Agent_7,1,TALK_INTENT,,,,,,,0.22779437899589539,DAY_DISCUSS,0,,Worker,,4,run_1785019454_6b0137,,1337033931,disabled,,,
Agent_3,6,VOTE_TARGET,,0.000352,0.012343,judge_disabled,,3,0.1720457375049591,DAY_VOTE,1,,Werewolf,,4,run_1785019454_6b0137,,1337033931,disabled,Agent_6,0,
Agent_4,7,VOTE_TARGET,,0.003614,0.046962,judge_disabled,,3,0.2702183127403259,DAY_VOTE,1,,Worker,,4,run_1785019454_6b0137,,1337033931,disabled,Agent_7,0,
Agent_6,7,VOTE_TARGET,,0.000400,0.013418,judge_disabled,,3,0.11660865694284439,DAY_VOTE,1,,Worker,,4,run_1785019454_6b0137,,1337033931,disabled,Agent_7,0,
Agent_7,4,VOTE_TARGET,,0.004152,0.050061,judge_disabled,,3,0.22779437899589539,DAY_VOTE,1,,Worker,,4,run_1785019454_6b0137,,1337033931,disabled,Agent_4,0,
Agent_3,4,KILL_TARGET,,,,,,2,0.1720457375049591,NIGHT_KILL,2,,Werewolf,,4,run_1785019454_6b0137,,1337033931,disabled,,,
Agent_0,2,TALK_INTENT,,,,,,,0.39172276854515076,DAY_DISCUSS,0,,Worker,,1,run_1785019460_53b7e0,,1337043904,disabled,,,
Agent_1,0,TALK_INTENT,,,,,,,0.21732454001903534,DAY_DISCUSS,0,,Worker,,1,run_1785019460_53b7e0,,1337043904,disabled,,,
Agent_2,3,TALK_INTENT,,,,,,,0.4317970275878906,DAY_DISCUSS,0,,Worker,,1,run_1785019460_53b7e0,,1337043904,disabled,,,
Agent_3,0,TALK_INTENT,,,,,,,0.1720457375049591,DAY_DISCUSS,0,,Worker,,1,run_1785019460_53b7e0,,1337043904,disabled,,,
Agent_4,2,TALK_INTENT,,,,,,,0.2702183127403259,DAY_DISCUSS,0,,Worker,,1,run_1785019460_53b7e0,,1337043904,disabled,,,
Agent_5,0,TALK_INTENT,,,,,,,0.35103756189346313,DAY_DISCUSS,0,,Werewolf,,1,run_1785019460_53b7e0,,1337043904,disabled,,,
Agent_6,3,TALK_INTENT,,,,,,,0.11660865694284439,DAY_DISCUSS,0,,Werewolf,,1,run_1785019460_53b7e0,,1337043904,disabled,,,
Agent_7,1,TALK_INTENT,,,,,,,0.22779437899589539,DAY_DISCUSS,0,,Worker,,1,run_1785019460_53b7e0,,1337043904,disabled,,,
Agent_8,4,TALK_INTENT,,,,,,,0.19525566697120667,DAY_DISCUSS,0,,Worker,,1,run_1785019460_53b7e0,,1337043904,disabled,,,
Agent_0,0,TALK_INTENT,,,,,,,0.39172276854515076,DAY_DISCUSS,0,,Worker,,1,run_1785019460_53b7e0,,1337043904,disabled,,,
Agent_1,1,TALK_INTENT,,,,,,,0.21732454001903534,DAY_DISCUSS,0,,Worker,,1,run_1785019460_53b7e0,,1337043904,disabled,,,
Agent_2,4,TALK_INTENT,,,,,,,0.4317970275878906,DAY_DISCUSS,0,,Worker,,1,run_1785019460_53b7e0,,1337043904,disabled,,,
Agent_3,0,TALK_INTENT,,,,,,,0.1720457375049591,DAY_DISCUSS,0,,Worker,,1,run_1785019460_53b7e0,,1337043904,disabled,,,
Agent_4,3,TALK_INTENT,,,,,,,0.2702183127403259,DAY_DISCUSS,0,,Worker,,1,run_1785019460_53b7e0,,1337043904,disabled,,,
Agent_5,4,TALK_INTENT,,,,,,,0.35103756189346313,DAY_DISCUSS,0,,Werewolf,,1,run_1785019460_53b7e0,,1337043904,disabled,,,
Agent_6,4,TALK_INTENT,,,,,,,0.11660865694284439,DAY_DISCUSS,0,,Werewolf,,1,run_1785019460_53b7e0,,1337043904,disabled,,,
Agent_7,2,TALK_INTENT,,,,,,,0.22779437899589539,DAY_DISCUSS,0,,Worker,,1,run_1785019460_53b7e0,,1337043904,disabled,,,
Agent_8,4,TALK_INTENT,,,,,,,0.19525566697120667,DAY_DISCUSS,0,,Worker,,1,run_1785019460_53b7e0,,1337043904,disabled,,,
Agent_0,5,VOTE_TARGET,,0.000363,0.012528,judge_disabled,,8,0.39172276854515076,DAY_VOTE,1,,Worker,,1,run_1785019460_53b7e0,,1337043904,disabled,Agent_5,1,
Agent_1,5,VOTE_TARGET,,0.003421,0.044889,judge_disabled,,8,0.21732454001903534,DAY_VOTE,1,,Worker,,1,run_1785019460_53b7e0,,1337043904,disabled,Agent_5,1,
Agent_2,5,VOTE_TARGET,,0.000348,0.013406,judge_disabled,,8,0.4317970275878906,DAY_VOTE,1,,Worker,,1,run_1785019460_53b7e0,,1337043904,disabled,Agent_5,1,
Agent_3,5,VOTE_TARGET,,0.000363,0.012438,judge_disabled,,8,0.1720457375049591,DAY_VOTE,1,,Worker,,1,run_1785019460_53b7e0,,1337043904,disabled,Agent_5,1,
Agent_4,5,VOTE_TARGET,,0.000352,0.012867,judge_disabled,,8,0.2702183127403259,DAY_VOTE,1,,Worker,,1,run_1785019460_53b7e0,,1337043904,disabled,Agent_5,1,
Agent_5,6,VOTE_TARGET,,0.003640,0.046833,judge_disabled,,8,0.35103756189346313,DAY_VOTE,1,,Werewolf,,1,run_1785019460_53b7e0,,1337043904,disabled,Agent_6,1,
Agent_6,5,VOTE_TARGET,,0.000364,0.012629,judge_disabled,,8,0.11660865694284439,DAY_VOTE,1,,Werewolf,,1,run_1785019460_53b7e0,,1337043904,disabled,Agent_5,1,
Agent_7,5,VOTE_TARGET,,0.000312,0.012002,judge_disabled,,8,0.22779437899589539,DAY_VOTE,1,,Worker,,1,run_1785019460_53b7e0,,1337043904,disabled,Agent_5,1,
Agent_8,5,VOTE_TARGET,,0.000336,0.012012,judge_disabled,,8,0.19525566697120667,DAY_VOTE,1,,Worker,,1,run_1785019460_53b7e0,,1337043904,disabled,Agent_5,1,
Agent_6,1,KILL_TARGET,,,,,,7,0.11660865694284439,NIGHT_KILL,2,,Werewolf,,1,run_1785019460_53b7e0,,1337043904,disabled,,,
Agent_0,0,TALK_INTENT,,,,,,,0.39172276854515076,DAY_DISCUSS,0,,Worker,,2,run_1785019460_53b7e0,,1337043904,disabled,,,
Agent_2,0,TALK_INTENT,,,,,,,0.4317970275878906,DAY_DISCUSS,0,,Worker,,2,run_1785019460_53b7e0,,1337043904,disabled,,,
Agent_3,1,TALK_INTENT,,,,,,,0.1720457375049591,DAY_DISCUSS,0,,Worker,,2,run_1785019460_53b7e0,,1337043904,disabled,,,
Agent_4,3,TALK_INTENT,,,,,,,0.2702183127403259,DAY_DISCUSS,0,,Worker,,2,run_1785019460_53b7e0,,1337043904,disabled,,,
Agent_6,4,TALK_INTENT,,,,,,,0.11660865694284439,DAY_DISCUSS,0,,Werewolf,,2,run_1785019460_53b7e0,,1337043904,disabled,,,
Agent_7,2,TALK_INTENT,,,,,,,0.22779437899589539,DAY_DISCUSS,0,,Worker,,2,run_1785019460_53b7e0,,1337043904,disabled,,,
Agent_8,0,TALK_INTENT,,,,,,,0.19525566697120667,DAY_DISCUSS,0,,Worker,,2,run_1785019460_53b7e0,,1337043904,disabled,,,
Agent_0,4,TALK_INTENT,,,,,,,0.39172276854515076,DAY_DISCUSS,0,,Worker,,2,run_1785019460_53b7e0,,1337043904,disabled,,,
Agent_2,4,TALK_INTENT,,,,,,,0.4317970275878906,DAY_DISCUSS,0,,Worker,,2,run_1785019460_53b7e0,,1337043904,disabled,,,
Agent_3,1,TALK_INTENT,,,,,,,0.1720457375049591,DAY_DISCUSS,0,,Worker,,2,run_1785019460_53b7e0,,1337043904,disabled,,,
Agent_4,3,TALK_INTENT,,,,,,,0.2702183127403259,DAY_DISCUSS,0,,Worker,,2,run_1785019460_53b7e0,,1337043904,disabled,,,
Agent_6,4,TALK_INTENT,,,,,,,0.11660865694284439,DAY_DISCUSS,0,,Werewolf,,2,run_1785019460_53b7e0,,1337043904,disabled,,,
Agent_7,2,TALK_INTENT,,,,,,,0.22779437899589539,DAY_DISCUSS,0,,Worker,,2,run_1785019460_53b7e0,,1337043904,disabled,,,
Agent_8,4,TALK_INTENT,,,,,,,0.19525566697120667,DAY_DISCUSS,0,,Worker,,2,run_1785019460_53b7e0,,1337043904,disabled,,,
Agent_0,7,VOTE_TARGET,,0.000362,0.012526,judge_disabled,,6,0.39172276854515076,DAY_VOTE,1,,Worker,,2,run_1785019460_53b7e0,,1337043904,disabled,Agent_7,0,
Agent_2,0,VOTE_TARGET,,0.003572,0.043470,judge_disabled,,6,0.4317970275878906,DAY_VOTE,1,,Worker,,2,run_1785019460_53b7e0,,1337043904,disabled,Agent_0,0,
Agent_3,7,VOTE_TARGET,,0.000361,0.012436,judge_disabled,,6,0.1720457375049591,DAY_VOTE,1,,Worker,,2,run_1785019460_53b7e0,,1337043904,disabled,Agent_7,0,
Agent_4,7,VOTE_TARGET,,0.000351,0.012864,judge_disabled,,6,0.2702183127403259,DAY_VOTE,1,,Worker,,2,run_1785019460_53b7e0,,1337043904,disabled,Agent_7,0,
Agent_6,7,VOTE_TARGET,,0.000363,0.012624,judge_disabled,,6,0.11660865694284439,DAY_VOTE,1,,Werewolf,,2,run_1785019460_53b7e0,,1337043904,disabled,Agent_7,0,
Agent_7,0,VOTE_TARGET,,0.003679,0.049306,judge_disabled,,6,0.22779437899589539,DAY_VOTE,1,,Worker,,2,run_1785019460_53b7e0,,1337043904,disabled,Agent_0,0,
Agent_8,0,VOTE_TARGET,,0.000335,0.012012,judge_disabled,,6,0.19525566697120667,DAY_VOTE,1,,Worker,,2,run_1785019460_53b7e0,,1337043904,disabled,Agent_0,0,
Agent_6,2,KILL_TARGET,,,,,,5,0.11660865694284439,NIGHT_KILL,2,,Werewolf,,2,run_1785019460_53b7e0,,1337043904,disabled,,,
Agent_0,4,TALK_INTENT,,,,,,,0.39172276854515076,DAY_DISCUSS,0,,Worker,,3,run_1785019460_53b7e0,,1337043904,disabled,,,
Agent_3,4,TALK_INTENT,,,,,,,0.1720457375049591,DAY_DISCUSS,0,,Worker,,3,run_1785019460_53b7e0,,1337043904,disabled,,,
Agent_4,4,TALK_INTENT,,,,,,,0.2702183127403259,DAY_DISCUSS,0,,Worker,,3,run_1785019460_53b7e0,,1337043904,disabled,,,
Agent_6,1,TALK_INTENT,,,,,,,0.11660865694284439,DAY_DISCUSS,0,,Werewolf,,3,run_1785019460_53b7e0,,1337043904,disabled,,,
Agent_8,4,TALK_INTENT,,,,,,,0.19525566697120667,DAY_DISCUSS,0,,Worker,,3,run_1785019460_53b7e0,,1337043904,disabled,,,
Agent_0,3,TALK_INTENT,,,,,,,0.39172276854515076,DAY_DISCUSS,0,,Worker,,3,run_1785019460_53b7e0,,1337043904,disabled,,,
Agent_3,2,TALK_INTENT,,,,,,,0.1720457375049591,DAY_DISCUSS,0,,Worker,,3,run_1785019460_53b7e0,,1337043904,disabled,,,
Agent_4,4,TALK_INTENT,,,,,,,0.2702183127403259,DAY_DISCUSS,0,,Worker,,3,run_1785019460_53b7e0,,1337043904,disabled,,,
Agent_6,0,TALK_INTENT,,,,,,,0.11660865694284439,DAY_DISCUSS,0,,Werewolf,,3,run_1785019460_53b7e0,,1337043904,disabled,,,
Agent_8,3,TALK_INTENT,,,,,,,0.19525566697120667,DAY_DISCUSS,0,,Worker,,3,run_1785019460_53b7e0,,1337043904,disabled,,,
Agent_0,4,VOTE_TARGET,,0.003441,0.045572,judge_disabled,,4,0.39172276854515076,DAY_VOTE,1,,Worker,,3,run_1785019460_53b7e0,,1337043904,disabled,Agent_4,0,
Agent_3,0,VOTE_TARGET,,0.000361,0.012436,judge_disabled,,4,0.1720457375049591,DAY_VOTE,1,,Worker,,3,run_1785019460_53b7e0,,1337043904,disabled,Agent_0,0,
Agent_4,0,VOTE_TARGET,,0.000350,0.012864,judge_disabled,,4,0.2702183127403259,DAY_VOTE,1,,Worker,,3,run_1785019460_53b7e0,,1337043904,disabled,Agent_0,0,
Agent_6,3,VOTE_TARGET,,0.000362,0.012625,judge_disabled,,4,0.11660865694284439,DAY_VOTE,1,,Werewolf,,3,run_1785019460_53b7e0,,1337043904,disabled,Agent_3,0,
Agent_8,0,VOTE_TARGET,,0.004328,0.049508,judge_disabled,,4,0.19525566697120667,DAY_VOTE,1,,Worker,,3,run_1785019460_53b7e0,,1337043904,disabled,Agent_0,0,
Agent_6,8,KILL_TARGET,,,,,,3,0.11660865694284439,NIGHT_KILL,2,,Werewolf,,3,run_1785019460_53b7e0,,1337043904,disabled,,,
Agent_3,2,TALK_INTENT,,,,,,,0.1720457375049591,DAY_DISCUSS,0,,Worker,,4,run_1785019460_53b7e0,,1337043904,disabled,,,
Agent_4,2,TALK_INTENT,,,,,,,0.2702183127403259,DAY_DISCUSS,0,,Worker,,4,run_1785019460_53b7e0,,1337043904,disabled,,,
Agent_6,0,TALK_INTENT,,,,,,,0.11660865694284439,DAY_DISCUSS,0,,Werewolf,,4,run_1785019460_53b7e0,,1337043904,disabled,,,
Agent_3,1,TALK_INTENT,,,,,,,0.1720457375049591,DAY_DISCUSS,0,,Worker,,4,run_1785019460_53b7e0,,1337043904,disabled,,,
Agent_4,2,TALK_INTENT,,,,,,,0.2702183127403259,DAY_DISCUSS,0,,Worker,,4,run_1785019460_53b7e0,,1337043904,disabled,,,
Agent_6,4,TALK_INTENT,,,,,,,0.11660865694284439,DAY_DISCUSS,0,,Werewolf,,4,run_1785019460_53b7e0,,1337043904,disabled,,,
Agent_3,4,VOTE_TARGET,,0.003719,0.047634,judge_disabled,,2,0.1720457375049591,DAY_VOTE,1,,Worker,,4,run_1785019460_53b7e0,,1337043904,disabled,Agent_4,0,
Agent_4,6,VOTE_TARGET,,0.000348,0.012863,judge_disabled,,2,0.2702183127403259,DAY_VOTE,1,,Worker,,4,run_1785019460_53b7e0,,1337043904,disabled,Agent_6,1,
Agent_6,3,VOTE_TARGET,,0.000361,0.012623,judge_disabled,,2,0.11660865694284439,DAY_VOTE,1,,Werewolf,,4,run_1785019460_53b7e0,,1337043904,disabled,Agent_3,0,
Agent_6,3,KILL_TARGET,,,,,,2,0.11660865694284439,NIGHT_KILL,2,,Werewolf,,4,run_1785019460_53b7e0,,1337043904,disabled,,,
Agent_0,0,TALK_INTENT,,,,,,,0.39172276854515076,DAY_DISCUSS,0,,Werewolf,,1,run_1785019465_a750a1,,1337053877,disabled,,,
Agent_1,1,TALK_INTENT,,,,,,,0.21732454001903534,DAY_DISCUSS,0,,Worker,,1,run_1785019465_a750a1,,1337053877,disabled,,,
Agent_2,2,TALK_INTENT,,,,,,,0.4317970275878906,DAY_DISCUSS,0,,Worker,,1,run_1785019465_a750a1,,1337053877,disabled,,,
Agent_3,2,TALK_INTENT,,,,,,,0.1720457375049591,DAY_DISCUSS,0,,Worker,,1,run_1785019465_a750a1,,1337053877,disabled,,,
Agent_4,4,TALK_INTENT,,,,,,,0.2702183127403259,DAY_DISCUSS,0,,Werewolf,,1,run_1785019465_a750a1,,1337053877,disabled,,,
Agent_5,4,TALK_INTENT,,,,,,,0.35103756189346313,DAY_DISCUSS,0,,Worker,,1,run_1785019465_a750a1,,1337053877,disabled,,,
Agent_6,0,TALK_INTENT,,,,,,,0.11660865694284439,DAY_DISCUSS,0,,Worker,,1,run_1785019465_a750a1,,1337053877,disabled,,,
Agent_7,2,TALK_INTENT,,,,,,,0.22779437899589539,DAY_DISCUSS,0,,Worker,,1,run_1785019465_a750a1,,1337053877,disabled,,,
Agent_8,1,TALK_INTENT,,,,,,,0.19525566697120667,DAY_DISCUSS,0,,Worker,,1,run_1785019465_a750a1,,1337053877,disabled,,,
Agent_0,4,TALK_INTENT,,,,,,,0.39172276854515076,DAY_DISCUSS,0,,Werewolf,,1,run_1785019465_a750a1,,1337053877,disabled,,,
Agent_1,3,TALK_INTENT,,,,,,,0.21732454001903534,DAY_DISCUSS,0,,Worker,,1,run_1785019465_a750a1,,1337053877,disabled,,,
Agent_2,2,TALK_INTENT,,,,,,,0.4317970275878906,DAY_DISCUSS,0,,Worker,,1,run_1785019465_a750a1,,1337053877,disabled,,,
Agent_3,3,TALK_INTENT,,,,,,,0.1720457375049591,DAY_DISCUSS,0,,Worker,,1,run_1785019465_a750a1,,1337053877,disabled,,,
Agent_4,3,TALK_INTENT,,,,,,,0.2702183127403259,DAY_DISCUSS,0,,Werewolf,,1,run_1785019465_a750a1,,1337053877,disabled,,,
Agent_5,1,TALK_INTENT,,,,,,,0.35103756189346313,DAY_DISCUSS,0,,Worker,,1,run_1785019465_a750a1,,1337053877,disabled,,,
Agent_6,3,TALK_INTENT,,,,,,,0.11660865694284439,DAY_DISCUSS,0,,Worker,,1,run_1785019465_a750a1,,1337053877,disabled,,,
Agent_7,4,TALK_INTENT,,,,,,,0.22779437899589539,DAY_DISCUSS,0,,Worker,,1,run_1785019465_a750a1,,1337053877,disabled,,,
Agent_8,3,TALK_INTENT,,,,,,,0.19525566697120667,DAY_DISCUSS,0,,Worker,,1,run_1785019465_a750a1,,1337053877,disabled,,,
Agent_0,6,VOTE_TARGET,,0.000355,0.012296,judge_disabled,,8,0.39172276854515076,DAY_VOTE,1,,Werewolf,,1,run_1785019465_a750a1,,1337053877,disabled,Agent_6,0,
Agent_1,5,VOTE_TARGET,,0.003954,0.046254,judge_disabled,,8,0.21732454001903534,DAY_VOTE,1,,Worker,,1,run_1785019465_a750a1,,1337053877,disabled,Agent_5,0,
Agent_2,5,VOTE_TARGET,,0.000422,0.013433,judge_disabled,,8,0.4317970275878906,DAY_VOTE,1,,Worker,,1,run_1785019465_a750a1,,1337053877,disabled,Agent_5,0,
Agent_3,5,VOTE_TARGET,,0.000358,0.012353,judge_disabled,,8,0.1720457375049591,DAY_VOTE,1,,Worker,,1,run_1785019465_a750a1,,1337053877,disabled,Agent_5,0,
Agent_4,6,VOTE_TARGET,,0.000364,0.012920,judge_disabled,,8,0.2702183127403259,DAY_VOTE,1,,Werewolf,,1,run_1785019465_a750a1,,1337053877,disabled,Agent_6,0,
Agent_5,1,VOTE_TARGET,,0.004161,0.048936,judge_disabled,,8,0.35103756189346313,DAY_VOTE,1,,Worker,,1,run_1785019465_a750a1,,1337053877,disabled,Agent_1,0,
Agent_6,5,VOTE_TARGET,,0.000408,0.013328,judge_disabled,,8,0.11660865694284439,DAY_VOTE,1,,Worker,,1,run_1785019465_a750a1,,1337053877,disabled,Agent_5,0,
Agent_7,5,VOTE_TARGET,,0.000363,0.012528,judge_disabled,,8,0.22779437899589539,DAY_VOTE,1,,Worker,,1,run_1785019465_a750a1,,1337053877,disabled,Agent_5,0,
Agent_8,5,VOTE_TARGET,,0.000361,0.012830,judge_disabled,,8,0.19525566697120667,DAY_VOTE,1,,Worker,,1,run_1785019465_a750a1,,1337053877,disabled,Agent_5,0,
Agent_0,1,KILL_TARGET,,,,,,6,0.39172276854515076,NIGHT_KILL,2,,Werewolf,,1,run_1785019465_a750a1,,1337053877,disabled,,,
Agent_0,0,TALK_INTENT,,,,,,,0.39172276854515076,DAY_DISCUSS,0,,Werewolf,,2,run_1785019465_a750a1,,1337053877,disabled,,,
Agent_2,1,TALK_INTENT,,,,,,,0.4317970275878906,DAY_DISCUSS,0,,Worker,,2,run_1785019465_a750a1,,1337053877,disabled,,,
Agent_3,0,TALK_INTENT,,,,,,,0.1720457375049591,DAY_DISCUSS,0,,Worker,,2,run_1785019465_a750a1,,1337053877,disabled,,,
Agent_4,2,TALK_INTENT,,,,,,,0.2702183127403259,DAY_DISCUSS,0,,Werewolf,,2,run_1785019465_a750a1,,1337053877,disabled,,,
Agent_6,1,TALK_INTENT,,,,,,,0.11660865694284439,DAY_DISCUSS,0,,Worker,,2,run_1785019465_a750a1,,1337053877,disabled,,,
Agent_7,2,TALK_INTENT,,,,,,,0.22779437899589539,DAY_DISCUSS,0,,Worker,,2,run_1785019465_a750a1,,1337053877,disabled,,,
Agent_8,1,TALK_INTENT,,,,,,,0.19525566697120667,DAY_DISCUSS,0,,Worker,,2,run_1785019465_a750a1,,1337053877,disabled,,,
Agent_0,0,TALK_INTENT,,,,,,,0.39172276854515076,DAY_DISCUSS,0,,Werewolf,,2,run_1785019465_a750a1,,1337053877,disabled,,,
Agent_2,3,TALK_INTENT,,,,,,,0.4317970275878906,DAY_DISCUSS,0,,Worker,,2,run_1785019465_a750a1,,1337053877,disabled,,,
Agent_3,4,TALK_INTENT,,,,,,,0.1720457375049591,DAY_DISCUSS,0,,Worker,,2,run_1785019465_a750a1,,1337053877,disabled,,,
Agent_4,1,TALK_INTENT,,,,,,,0.2702183127403259,DAY_DISCUSS,0,,Werewolf,,2,run_1785019465_a750a1,,1337053877,disabled,,,
Agent_6,0,TALK_INTENT,,,,,,,0.11660865694284439,DAY_DISCUSS,0,,Worker,,2,run_1785019465_a750a1,,1337053877,disabled,,,
Agent_7,1,TALK_INTENT,,,,,,,0.22779437899589539,DAY_DISCUSS,0,,Worker,,2,run_1785019465_a750a1,,1337053877,disabled,,,
Agent_8,2,TALK_INTENT,,,,,,,0.19525566697120667,DAY_DISCUSS,0,,Worker,,2,run_1785019465_a750a1,,1337053877,disabled,,,
Agent_0,6,VOTE_TARGET,,0.000354,0.012295,judge_disabled,,6,0.39172276854515076,DAY_VOTE,1,,Werewolf,,2,run_1785019465_a750a1,,1337053877,disabled,Agent_6,0,
Agent_2,7,VOTE_TARGET,,0.003935,0.047727,judge_disabled,,6,0.4317970275878906,DAY_VOTE,1,,Worker,,2,run_1785019465_a750a1,,1337053877,disabled,Agent_7,0,
Agent_3,7,VOTE_TARGET,,0.000357,0.012353,judge_disabled,,6,0.1720457375049591,DAY_VOTE,1,,Worker,,2,run_1785019465_a750a1,,1337053877,disabled,Agent_7,0,
Agent_4,6,VOTE_TARGET,,0.000363,0.012910,judge_disabled,,6,0.2702183127403259,DAY_VOTE,1,,Werewolf,,2,run_1785019465_a750a1,,1337053877,disabled,Agent_6,0,
Agent_6,7,VOTE_TARGET,,0.000407,0.013329,judge_disabled,,6,0.11660865694284439,DAY_VOTE,1,,Worker,,2,run_1785019465_a750a1,,1337053877,disabled,Agent_7,0,
Agent_7,0,VOTE_TARGET,,0.004044,0.047835,judge_disabled,,6,0.22779437899589539,DAY_VOTE,1,,Worker,,2,run_1785019465_a750a1,,1337053877,disabled,Agent_0,1,
Agent_8,0,VOTE_TARGET,,0.000360,0.012828,judge_disabled,,6,0.19525566697120667,DAY_VOTE,1,,Worker,,2,run_1785019465_a750a1,,1337053877,disabled,Agent_0,1,
Agent_0,2,KILL_TARGET,,,,,,4,0.39172276854515076,NIGHT_KILL,2,,Werewolf,,2,run_1785019465_a750a1,,1337053877,disabled,,,
Agent_0,1,TALK_INTENT,,,,,,,0.39172276854515076,DAY_DISCUSS,0,,Werewolf,,3,run_1785019465_a750a1,,1337053877,disabled,,,
Agent_3,3,TALK_INTENT,,,,,,,0.1720457375049591,DAY_DISCUSS,0,,Worker,,3,run_1785019465_a750a1,,1337053877,disabled,,,
Agent_4,3,TALK_INTENT,,,,,,,0.2702183127403259,DAY_DISCUSS,0,,Werewolf,,3,run_1785019465_a750a1,,1337053877,disabled,,,
Agent_6,1,TALK_INTENT,,,,,,,0.11660865694284439,DAY_DISCUSS,0,,Worker,,3,run_1785019465_a750a1,,1337053877,disabled,,,
Agent_8,4,TALK_INTENT,,,,,,,0.19525566697120667,DAY_DISCUSS,0,,Worker,,3,run_1785019465_a750a1,,1337053877,disabled,,,
Agent_0,4,TALK_INTENT,,,,,,,0.39172276854515076,DAY_DISCUSS,0,,Werewolf,,3,run_1785019465_a750a1,,1337053877,disabled,,,
Agent_3,0,TALK_INTENT,,,,,,,0.1720457375049591,DAY_DISCUSS,0,,Worker,,3,run_1785019465_a750a1,,1337053877,disabled,,,
Agent_4,0,TALK_INTENT,,,,,,,0.2702183127403259,DAY_DISCUSS,0,,Werewolf,,3,run_1785019465_a750a1,,1337053877,disabled,,,
Agent_6,3,TALK_INTENT,,,,,,,0.11660865694284439,DAY_DISCUSS,0,,Worker,,3,run_1785019465_a750a1,,1337053877,disabled,,,
Agent_8,3,TALK_INTENT,,,,,,,0.19525566697120667,DAY_DISCUSS,0,,Worker,,3,run_1785019465_a750a1,,1337053877,disabled,,,
Agent_0,6,VOTE_TARGET,,0.004426,0.050655,judge_disabled,,4,0.39172276854515076,DAY_VOTE,1,,Werewolf,,3,run_1785019465_a750a1,,1337053877,disabled,Agent_6,0,
Agent_3,0,VOTE_TARGET,,0.000356,0.012353,judge_disabled,,4,0.1720457375049591,DAY_VOTE,1,,Worker,,3,run_1785019465_a750a1,,1337053877,disabled,Agent_0,1,
Agent_4,6,VOTE_TARGET,,0.000362,0.012912,judge_disabled,,4,0.2702183127403259,DAY_VOTE,1,,Werewolf,,3,run_1785019465_a750a1,,1337053877,disabled,Agent_6,0,
Agent_6,0,VOTE_TARGET,,0.000406,0.013330,judge_disabled,,4,0.11660865694284439,DAY_VOTE,1,,Worker,,3,run_1785019465_a750a1,,1337053877,disabled,Agent_0,1,
Agent_8,0,VOTE_TARGET,,0.003941,0.046668,judge_disabled,,4,0.19525566697120667,DAY_VOTE,1,,Worker,,3,run_1785019465_a750a1,,1337053877,disabled,Agent_0,1,
Agent_4,8,KILL_TARGET,,,,,,3,0.2702183127403259,NIGHT_KILL,2,,Werewolf,,3,run_1785019465_a750a1,,1337053877,disabled,,,
Agent_3,2,TALK_INTENT,,,,,,,0.1720457375049591,DAY_DISCUSS,0,,Worker,,4,run_1785019465_a750a1,,1337053877,disabled,,,
Agent_4,4,TALK_INTENT,,,,,,,0.2702183127403259,DAY_DISCUSS,0,,Werewolf,,4,run_1785019465_a750a1,,1337053877,disabled,,,
Agent_6,3,TALK_INTENT,,,,,,,0.11660865694284439,DAY_DISCUSS,0,,Worker,,4,run_1785019465_a750a1,,1337053877,disabled,,,
Agent_3,4,TALK_INTENT,,,,,,,0.1720457375049591,DAY_DISCUSS,0,,Worker,,4,run_1785019465_a750a1,,1337053877,disabled,,,
Agent_4,1,TALK_INTENT,,,,,,,0.2702183127403259,DAY_DISCUSS,0,,Werewolf,,4,run_1785019465_a750a1,,1337053877,disabled,,,
Agent_6,3,TALK_INTENT,,,,,,,0.11660865694284439,DAY_DISCUSS,0,,Worker,,4,run_1785019465_a750a1,,1337053877,disabled,,,
Agent_3,4,VOTE_TARGET,,0.000355,0.012352,judge_disabled,,2,0.1720457375049591,DAY_VOTE,1,,Worker,,4,run_1785019465_a750a1,,1337053877,disabled,Agent_4,1,
Agent_4,6,VOTE_TARGET,,0.003817,0.046312,judge_disabled,,2,0.2702183127403259,DAY_VOTE,1,,Werewolf,,4,run_1785019465_a750a1,,1337053877,disabled,Agent_6,0,
Agent_6,4,VOTE_TARGET,,0.000405,0.013330,judge_disabled,,2,0.11660865694284439,DAY_VOTE,1,,Worker,,4,run_1785019465_a750a1,,1337053877,disabled,Agent_4,1,
Agent_0,3,TALK_INTENT,,,,,,,0.39172276854515076,DAY_DISCUSS,0,random_voting,Worker,,1,run_1785019493_536009,,1337004012,disabled,,,
Agent_1,3,TALK_INTENT,,,,,,,0.21732454001903534,DAY_DISCUSS,0,random_voting,Worker,,1,run_1785019493_536009,,1337004012,disabled,,,
Agent_2,2,TALK_INTENT,,,,,,,0.4317970275878906,DAY_DISCUSS,0,random_voting,Werewolf,,1,run_1785019493_536009,,1337004012,disabled,,,
Agent_3,2,TALK_INTENT,,,,,,,0.1720457375049591,DAY_DISCUSS,0,random_voting,Worker,,1,run_1785019493_536009,,1337004012,disabled,,,
Agent_4,4,TALK_INTENT,,,,,,,0.2702183127403259,DAY_DISCUSS,0,random_voting,Werewolf,,1,run_1785019493_536009,,1337004012,disabled,,,
Agent_5,3,TALK_INTENT,,,,,,,0.35103756189346313,DAY_DISCUSS,0,random_voting,Worker,,1,run_1785019493_536009,,1337004012,disabled,,,
Agent_6,1,TALK_INTENT,,,,,,,0.11660865694284439,DAY_DISCUSS,0,random_voting,Worker,,1,run_1785019493_536009,,1337004012,disabled,,,
Agent_7,4,TALK_INTENT,,,,,,,0.22779437899589539,DAY_DISCUSS,0,random_voting,Worker,,1,run_1785019493_536009,,1337004012,disabled,,,
Agent_8,2,TALK_INTENT,,,,,,,0.19525566697120667,DAY_DISCUSS,0,random_voting,Worker,,1,run_1785019493_536009,,1337004012,disabled,,,
Agent_0,2,TALK_INTENT,,,,,,,0.39172276854515076,DAY_DISCUSS,0,random_voting,Worker,,1,run_1785019493_536009,,1337004012,disabled,,,
Agent_1,3,TALK_INTENT,,,,,,,0.21732454001903534,DAY_DISCUSS,0,random_voting,Worker,,1,run_1785019493_536009,,1337004012,disabled,,,
Agent_2,2,TALK_INTENT,,,,,,,0.4317970275878906,DAY_DISCUSS,0,random_voting,Werewolf,,1,run_1785019493_536009,,1337004012,disabled,,,
Agent_3,3,TALK_INTENT,,,,,,,0.1720457375049591,DAY_DISCUSS,0,random_voting,Worker,,1,run_1785019493_536009,,1337004012,disabled,,,
Agent_4,4,TALK_INTENT,,,,,,,0.2702183127403259,DAY_DISCUSS,0,random_voting,Werewolf,,1,run_1785019493_536009,,1337004012,disabled,,,
Agent_5,0,TALK_INTENT,,,,,,,0.35103756189346313,DAY_DISCUSS,0,random_voting,Worker,,1,run_1785019493_536009,,1337004012,disabled,,,
Agent_6,2,TALK_INTENT,,,,,,,0.11660865694284439,DAY_DISCUSS,0,random_voting,Worker,,1,run_1785019493_536009,,1337004012,disabled,,,
Agent_7,3,TALK_INTENT,,,,,,,0.22779437899589539,DAY_DISCUSS,0,random_voting,Worker,,1,run_1785019493_536009,,1337004012,disabled,,,
Agent_8,2,TALK_INTENT,,,,,,,0.19525566697120667,DAY_DISCUSS,0,random_voting,Worker,,1,run_1785019493_536009,,1337004012,disabled,,,
Agent_0,6,VOTE_TARGET,,0.002248,0.047863,,,8,0.39172276854515076,DAY_VOTE,1,random_voting,Worker,,1,run_1785019493_536009,,1337004012,disabled,Agent_6,0,
Agent_1,4,VOTE_TARGET,,0.000009,0.002387,,,8,0.21732454001903534,DAY_VOTE,1,random_voting,Worker,,1,run_1785019493_536009,,1337004012,disabled,Agent_4,1,
Agent_2,5,VOTE_TARGET,,0.000009,0.002398,,,8,0.4317970275878906,DAY_VOTE,1,random_voting,Werewolf,,1,run_1785019493_536009,,1337004012,disabled,Agent_5,0,
Agent_3,7,VOTE_TARGET,,0.000009,0.002387,,,8,0.1720457375049591,DAY_VOTE,1,random_voting,Worker,,1,run_1785019493_536009,,1337004012,disabled,Agent_7,0,
Agent_4,0,VOTE_TARGET,,0.000009,0.002398,,,8,0.2702183127403259,DAY_VOTE,1,random_voting,Werewolf,,1,run_1785019493_536009,,1337004012,disabled,Agent_0,0,
Agent_5,8,VOTE_TARGET,,0.000009,0.002387,,,8,0.35103756189346313,DAY_VOTE,1,random_voting,Worker,,1,run_1785019493_536009,,1337004012,disabled,Agent_8,0,
Agent_6,7,VOTE_TARGET,,0.000009,0.002387,,,8,0.11660865694284439,DAY_VOTE,1,random_voting,Worker,,1,run_1785019493_536009,,1337004012,disabled,Agent_7,0,
Agent_7,8,VOTE_TARGET,,0.000009,0.002387,,,8,0.22779437899589539,DAY_VOTE,1,random_voting,Worker,,1,run_1785019493_536009,,1337004012,disabled,Agent_8,0,
Agent_8,6,VOTE_TARGET,,0.000009,0.002387,,,8,0.19525566697120667,DAY_VOTE,1,random_voting,Worker,,1,run_1785019493_536009,,1337004012,disabled,Agent_6,0,
Agent_2,0,KILL_TARGET,,,,,,7,0.4317970275878906,NIGHT_KILL,2,random_voting,Werewolf,,1,run_1785019493_536009,,1337004012,disabled,,,
Agent_1,0,TALK_INTENT,,,,,,,0.21732454001903534,DAY_DISCUSS,0,random_voting,Worker,,2,run_1785019493_536009,,1337004012,disabled,,,
Agent_2,2,TALK_INTENT,,,,,,,0.4317970275878906,DAY_DISCUSS,0,random_voting,Werewolf,,2,run_1785019493_536009,,1337004012,disabled,,,
Agent_3,2,TALK_INTENT,,,,,,,0.1720457375049591,DAY_DISCUSS,0,random_voting,Worker,,2,run_1785019493_536009,,1337004012,disabled,,,
Agent_4,0,TALK_INTENT,,,,,,,0.2702183127403259,DAY_DISCUSS,0,random_voting,Werewolf,,2,run_1785019493_536009,,1337004012,disabled,,,
Agent_5,3,TALK_INTENT,,,,,,,0.35103756189346313,DAY_DISCUSS,0,random_voting,Worker,,2,run_1785019493_536009,,1337004012,disabled,,,
Agent_6,0,TALK_INTENT,,,,,,,0.11660865694284439,DAY_DISCUSS,0,random_voting,Worker,,2,run_1785019493_536009,,1337004012,disabled,,,
Agent_7,2,TALK_INTENT,,,,,,,0.22779437899589539,DAY_DISCUSS,0,random_voting,Worker,,2,run_1785019493_536009,,1337004012,disabled,,,
Agent_8,0,TALK_INTENT,,,,,,,0.19525566697120667,DAY_DISCUSS,0,random_voting,Worker,,2,run_1785019493_536009,,1337004012,disabled,,,
Agent_1,4,TALK_INTENT,,,,,,,0.21732454001903534,DAY_DISCUSS,0,random_voting,Worker,,2,run_1785019493_536009,,1337004012,disabled,,,
Agent_2,3,TALK_INTENT,,,,,,,0.4317970275878906,DAY_DISCUSS,0,random_voting,Werewolf,,2,run_1785019493_536009,,1337004012,disabled,,,
Agent_3,2,TALK_INTENT,,,,,,,0.1720457375049591,DAY_DISCUSS,0,random_voting,Worker,,2,run_1785019493_536009,,1337004012,disabled,,,
Agent_4,1,TALK_INTENT,,,,,,,0.2702183127403259,DAY_DISCUSS,0,random_voting,Werewolf,,2,run_1785019493_536009,,1337004012,disabled,,,
Agent_5,2,TALK_INTENT,,,,,,,0.35103756189346313,DAY_DISCUSS,0,random_voting,Worker,,2,run_1785019493_536009,,1337004012,disabled,,,
Agent_6,2,TALK_INTENT,,,,,,,0.11660865694284439,DAY_DISCUSS,0,random_voting,Worker,,2,run_1785019493_536009,,1337004012,disabled,,,
Agent_7,4,TALK_INTENT,,,,,,,0.22779437899589539,DAY_DISCUSS,0,random_voting,Worker,,2,run_1785019493_536009,,1337004012,disabled,,,
Agent_8,2,TALK_INTENT,,,,,,,0.19525566697120667,DAY_DISCUSS,0,random_voting,Worker,,2,run_1785019493_536009,,1337004012,disabled,,,
Agent_1,8,VOTE_TARGET,,0.000009,0.002375,,,7,0.21732454001903534,DAY_VOTE,1,random_voting,Worker,,2,run_1785019493_536009,,1337004012,disabled,Agent_8,0,
Agent_2,5,VOTE_TARGET,,0.000009,0.002377,,,7,0.4317970275878906,DAY_VOTE,1,random_voting,Werewolf,,2,run_1785019493_536009,,1337004012,disabled,Agent_5,0,
Agent_3,6,VOTE_TARGET,,0.000009,0.002375,,,7,0.1720457375049591,DAY_VOTE,1,random_voting,Worker,,2,run_1785019493_536009,,1337004012,disabled,Agent_6,0,
Agent_4,5,VOTE_TARGET,,0.000009,0.002377,,,7,0.2702183127403259,DAY_VOTE,1,random_voting,Werewolf,,2,run_1785019493_536009,,1337004012,disabled,Agent_5,0,
Agent_5,1,VOTE_TARGET,,0.000009,0.002375,,,7,0.35103756189346313,DAY_VOTE,1,random_voting,Worker,,2,run_1785019493_536009,,1337004012,disabled,Agent_1,0,
Agent_6,3,VOTE_TARGET,,0.002274,0.048331,,,7,0.11660865694284439,DAY_VOTE,1,random_voting,Worker,,2,run_1785019493_536009,,1337004012,disabled,Agent_3,0,
Agent_7,6,VOTE_TARGET,,0.000009,0.002375,,,7,0.22779437899589539,DAY_VOTE,1,random_voting,Worker,,2,run_1785019493_536009,,1337004012,disabled,Agent_6,0,
Agent_8,3,VOTE_TARGET,,0.000009,0.002375,,,7,0.19525566697120667,DAY_VOTE,1,random_voting,Worker,,2,run_1785019493_536009,,1337004012,disabled,Agent_3,0,
Agent_2,6,KILL_TARGET,,,,,,6,0.4317970275878906,NIGHT_KILL,2,random_voting,Werewolf,,2,run_1785019493_536009,,1337004012,disabled,,,
Agent_1,2,TALK_INTENT,,,,,,,0.21732454001903534,DAY_DISCUSS,0,random_voting,Worker,,3,run_1785019493_536009,,1337004012,disabled,,,
Agent_2,4,TALK_INTENT,,,,,,,0.4317970275878906,DAY_DISCUSS,0,random_voting,Werewolf,,3,run_1785019493_536009,,1337004012,disabled,,,
Agent_3,2,TALK_INTENT,,,,,,,0.1720457375049591,DAY_DISCUSS,0,random_voting,Worker,,3,run_1785019493_536009,,1337004012,disabled,,,
Agent_4,4,TALK_INTENT,,,,,,,0.2702183127403259,DAY_DISCUSS,0,random_voting,Werewolf,,3,run_1785019493_536009,,1337004012,disabled,,,
Agent_5,4,TALK_INTENT,,,,,,,0.35103756189346313,DAY_DISCUSS,0,random_voting,Worker,,3,run_1785019493_536009,,1337004012,disabled,,,
Agent_7,2,TALK_INTENT,,,,,,,0.22779437899589539,DAY_DISCUSS,0,random_voting,Worker,,3,run_1785019493_536009,,1337004012,disabled,,,
Agent_8,4,TALK_INTENT,,,,,,,0.19525566697120667,DAY_DISCUSS,0,random_voting,Worker,,3,run_1785019493_536009,,1337004012,disabled,,,
Agent_1,3,TALK_INTENT,,,,,,,0.21732454001903534,DAY_DISCUSS,0,random_voting,Worker,,3,run_1785019493_536009,,1337004012,disabled,,,
Agent_2,3,TALK_INTENT,,,,,,,0.4317970275878906,DAY_DISCUSS,0,random_voting,Werewolf,,3,run_1785019493_536009,,1337004012,disabled,,,
Agent_3,1,TALK_INTENT,,,,,,,0.1720457375049591,DAY_DISCUSS,0,random_voting,Worker,,3,run_1785019493_536009,,1337004012,disabled,,,
Agent_4,0,TALK_INTENT,,,,,,,0.2702183127403259,DAY_DISCUSS,0,random_voting,Werewolf,,3,run_1785019493_536009,,1337004012,disabled,,,
Agent_5,3,TALK_INTENT,,,,,,,0.35103756189346313,DAY_DISCUSS,0,random_voting,Worker,,3,run_1785019493_536009,,1337004012,disabled,,,
Agent_7,0,TALK_INTENT,,,,,,,0.22779437899589539,DAY_DISCUSS,0,random_voting,Worker,,3,run_1785019493_536009,,1337004012,disabled,,,
Agent_8,3,TALK_INTENT,,,,,,,0.19525566697120667,DAY_DISCUSS,0,random_voting,Worker,,3,run_1785019493_536009,,1337004012,disabled,,,
Agent_1,7,VOTE_TARGET,,0.000009,0.002374,,,6,0.21732454001903534,DAY_VOTE,1,random_voting,Worker,,3,run_1785019493_536009,,1337004012,disabled,Agent_7,0,
Agent_2,4,VOTE_TARGET,,0.002310,0.048852,,,6,0.4317970275878906,DAY_VOTE,1,random_voting,Werewolf,,3,run_1785019493_536009,,1337004012,disabled,Agent_4,1,
Agent_3,1,VOTE_TARGET,,0.000009,0.002374,,,6,0.1720457375049591,DAY_VOTE,1,random_voting,Worker,,3,run_1785019493_536009,,1337004012,disabled,Agent_1,0,
Agent_4,2,VOTE_TARGET,,0.000009,0.002375,,,6,0.2702183127403259,DAY_VOTE,1,random_voting,Werewolf,,3,run_1785019493_536009,,1337004012,disabled,Agent_2,1,
Agent_5,8,VOTE_TARGET,,0.002311,0.048852,,,6,0.35103756189346313,DAY_VOTE,1,random_voting,Worker,,3,run_1785019493_536009,,1337004012,disabled,Agent_8,0,
Agent_7,3,VOTE_TARGET,,0.000009,0.002374,,,6,0.22779437899589539,DAY_VOTE,1,random_voting,Worker,,3,run_1785019493_536009,,1337004012,disabled,Agent_3,0,
Agent_8,2,VOTE_TARGET,,0.000009,0.002374,,,6,0.19525566697120667,DAY_VOTE,1,random_voting,Worker,,3,run_1785019493_536009,,1337004012,disabled,Agent_2,1,
Agent_4,5,KILL_TARGET,,,,,,5,0.2702183127403259,NIGHT_KILL,2,random_voting,Werewolf,,3,run_1785019493_536009,,1337004012,disabled,,,
Agent_1,2,TALK_INTENT,,,,,,,0.21732454001903534,DAY_DISCUSS,0,random_voting,Worker,,4,run_1785019493_536009,,1337004012,disabled,,,
Agent_3,2,TALK_INTENT,,,,,,,0.1720457375049591,DAY_DISCUSS,0,random_voting,Worker,,4,run_1785019493_536009,,1337004012,disabled,,,
Agent_4,3,TALK_INTENT,,,,,,,0.2702183127403259,DAY_DISCUSS,0,random_voting,Werewolf,,4,run_1785019493_536009,,1337004012,disabled,,,
Agent_7,0,TALK_INTENT,,,,,,,0.22779437899589539,DAY_DISCUSS,0,random_voting,Worker,,4,run_1785019493_536009,,1337004012,disabled,,,
Agent_8,1,TALK_INTENT,,,,,,,0.19525566697120667,DAY_DISCUSS,0,random_voting,Worker,,4,run_1785019493_536009,,1337004012,disabled,,,
Agent_1,4,TALK_INTENT,,,,,,,0.21732454001903534,DAY_DISCUSS,0,random_voting,Worker,,4,run_1785019493_536009,,1337004012,disabled,,,
Agent_3,2,TALK_INTENT,,,,,,,0.1720457375049591,DAY_DISCUSS,0,random_voting,Worker,,4,run_1785019493_536009,,1337004012,disabled,,,
Agent_4,3,TALK_INTENT,,,,,,,0.2702183127403259,DAY_DISCUSS,0,random_voting,Werewolf,,4,run_1785019493_536009,,1337004012,disabled,,,
Agent_7,0,TALK_INTENT,,,,,,,0.22779437899589539,DAY_DISCUSS,0,random_voting,Worker,,4,run_1785019493_536009,,1337004012,disabled,,,
Agent_8,4,TALK_INTENT,,,,,,,0.19525566697120667,DAY_DISCUSS,0,random_voting,Worker,,4,run_1785019493_536009,,1337004012,disabled,,,
Agent_1,7,VOTE_TARGET,,0.000009,0.002436,,,4,0.21732454001903534,DAY_VOTE,1,random_voting,Worker,,4,run_1785019493_536009,,1337004012,disabled,Agent_7,0,
Agent_3,4,VOTE_TARGET,,0.000009,0.002436,,,4,0.1720457375049591,DAY_VOTE,1,random_voting,Worker,,4,run_1785019493_536009,,1337004012,disabled,Agent_4,1,
Agent_4,8,VOTE_TARGET,,0.002360,0.049435,,,4,0.2702183127403259,DAY_VOTE,1,random_voting,Werewolf,,4,run_1785019493_536009,,1337004012,disabled,Agent_8,0,
Agent_7,3,VOTE_TARGET,,0.000009,0.002436,,,4,0.22779437899589539,DAY_VOTE,1,random_voting,Worker,,4,run_1785019493_536009,,1337004012,disabled,Agent_3,0,
Agent_8,4,VOTE_TARGET,,0.000009,0.002436,,,4,0.19525566697120667,DAY_VOTE,1,random_voting,Worker,,4,run_1785019493_536009,,1337004012,disabled,Agent_4,1,
Agent_0,1,TALK_INTENT,,,,,,,0.39172276854515076,DAY_DISCUSS,0,random_voting,Worker,,1,run_1785019499_e5ac3a,,1337013985,disabled,,,
Agent_1,2,TALK_INTENT,,,,,,,0.21732454001903534,DAY_DISCUSS,0,random_voting,Worker,,1,run_1785019499_e5ac3a,,1337013985,disabled,,,
Agent_2,4,TALK_INTENT,,,,,,,0.4317970275878906,DAY_DISCUSS,0,random_voting,Worker,,1,run_1785019499_e5ac3a,,1337013985,disabled,,,
Agent_3,3,TALK_INTENT,,,,,,,0.1720457375049591,DAY_DISCUSS,0,random_voting,Worker,,1,run_1785019499_e5ac3a,,1337013985,disabled,,,
Agent_4,4,TALK_INTENT,,,,,,,0.2702183127403259,DAY_DISCUSS,0,random_voting,Werewolf,,1,run_1785019499_e5ac3a,,1337013985,disabled,,,
Agent_5,2,TALK_INTENT,,,,,,,0.35103756189346313,DAY_DISCUSS,0,random_voting,Werewolf,,1,run_1785019499_e5ac3a,,1337013985,disabled,,,
Agent_6,0,TALK_INTENT,,,,,,,0.11660865694284439,DAY_DISCUSS,0,random_voting,Worker,,1,run_1785019499_e5ac3a,,1337013985,disabled,,,
Agent_7,0,TALK_INTENT,,,,,,,0.22779437899589539,DAY_DISCUSS,0,random_voting,Worker,,1,run_1785019499_e5ac3a,,1337013985,disabled,,,
Agent_8,1,TALK_INTENT,,,,,,,0.19525566697120667,DAY_DISCUSS,0,random_voting,Worker,,1,run_1785019499_e5ac3a,,1337013985,disabled,,,
Agent_0,3,TALK_INTENT,,,,,,,0.39172276854515076,DAY_DISCUSS,0,random_voting,Worker,,1,run_1785019499_e5ac3a,,1337013985,disabled,,,
Agent_1,3,TALK_INTENT,,,,,,,0.21732454001903534,DAY_DISCUSS,0,random_voting,Worker,,1,run_1785019499_e5ac3a,,1337013985,disabled,,,
Agent_2,4,TALK_INTENT,,,,,,,0.4317970275878906,DAY_DISCUSS,0,random_voting,Worker,,1,run_1785019499_e5ac3a,,1337013985,disabled,,,
Agent_3,2,TALK_INTENT,,,,,,,0.1720457375049591,DAY_DISCUSS,0,random_voting,Worker,,1,run_1785019499_e5ac3a,,1337013985,disabled,,,
Agent_4,1,TALK_INTENT,,,,,,,0.2702183127403259,DAY_DISCUSS,0,random_voting,Werewolf,,1,run_1785019499_e5ac3a,,1337013985,disabled,,,
Agent_5,1,TALK_INTENT,,,,,,,0.35103756189346313,DAY_DISCUSS,0,random_voting,Werewolf,,1,run_1785019499_e5ac3a,,1337013985,disabled,,,
Agent_6,2,TALK_INTENT,,,,,,,0.11660865694284439,DAY_DISCUSS,0,random_voting,Worker,,1,run_1785019499_e5ac3a,,1337013985,disabled,,,
Agent_7,0,TALK_INTENT,,,,,,,0.22779437899589539,DAY_DISCUSS,0,random_voting,Worker,,1,run_1785019499_e5ac3a,,1337013985,disabled,,,
Agent_8,2,TALK_INTENT,,,,,,,0.19525566697120667,DAY_DISCUSS,0,random_voting,Worker,,1,run_1785019499_e5ac3a,,1337013985,disabled,,,
Agent_0,3,VOTE_TARGET,,0.002248,0.047863,,,8,0.39172276854515076,DAY_VOTE,1,random_voting,Worker,,1,run_1785019499_e5ac3a,,1337013985,disabled,Agent_3,0,
Agent_1,5,VOTE_TARGET,,0.000009,0.002387,,,8,0.21732454001903534,DAY_VOTE,1,random_voting,Worker,,1,run_1785019499_e5ac3a,,1337013985,disabled,Agent_5,1,
Agent_2,6,VOTE_TARGET,,0.000009,0.002387,,,8,0.4317970275878906,DAY_VOTE,1,random_voting,Worker,,1,run_1785019499_e5ac3a,,1337013985,disabled,Agent_6,0,
Agent_3,2,VOTE_TARGET,,0.002248,0.047863,,,8,0.1720457375049591,DAY_VOTE,1,random_voting,Worker,,1,run_1785019499_e5ac3a,,1337013985,disabled,Agent_2,0,
Agent_4,0,VOTE_TARGET,,0.000009,0.002398,,,8,0.2702183127403259,DAY_VOTE,1,random_voting,Werewolf,,1,run_1785019499_e5ac3a,,1337013985,disabled,Agent_0,0,
Agent_5,3,VOTE_TARGET,,0.000009,0.002398,,,8,0.35103756189346313,DAY_VOTE,1,random_voting,Werewolf,,1,run_1785019499_e5ac3a,,1337013985,disabled,Agent_3,0,
Agent_6,3,VOTE_TARGET,,0.000009,0.002387,,,8,0.11660865694284439,DAY_VOTE,1,random_voting,Worker,,1,run_1785019499_e5ac3a,,1337013985,disabled,Agent_3,0,
Agent_7,0,VOTE_TARGET,,0.000009,0.002387,,,8,0.22779437899589539,DAY_VOTE,1,random_voting,Worker,,1,run_1785019499_e5ac3a,,1337013985,disabled,Agent_0,0,
Agent_8,3,VOTE_TARGET,,0.000009,0.002387,,,8,0.19525566697120667,DAY_VOTE,1,random_voting,Worker,,1,run_1785019499_e5ac3a,,1337013985,disabled,Agent_3,0,
Agent_4,0,KILL_TARGET,,,,,,6,0.2702183127403259,NIGHT_KILL,2,random_voting,Werewolf,,1,run_1785019499_e5ac3a,,1337013985,disabled,,,
Agent_1,1,TALK_INTENT,,,,,,,0.21732454001903534,DAY_DISCUSS,0,random_voting,Worker,,2,run_1785019499_e5ac3a,,1337013985,disabled,,,
Agent_2,2,TALK_INTENT,,,,,,,0.4317970275878906,DAY_DISCUSS,0,random_voting,Worker,,2,run_1785019499_e5ac3a,,1337013985,disabled,,,
Agent_4,0,TALK_INTENT,,,,,,,0.2702183127403259,DAY_DISCUSS,0,random_voting,Werewolf,,2,run_1785019499_e5ac3a,,1337013985,disabled,,,
Agent_5,3,TALK_INTENT,,,,,,,0.35103756189346313,DAY_DISCUSS,0,random_voting,Werewolf,,2,run_1785019499_e5ac3a,,1337013985,disabled,,,
Agent_6,2,TALK_INTENT,,,,,,,0.11660865694284439,DAY_DISCUSS,0,random_voting,Worker,,2,run_1785019499_e5ac3a,,1337013985,disabled,,,
Agent_7,1,TALK_INTENT,,,,,,,0.22779437899589539,DAY_DISCUSS,0,random_voting,Worker,,2,run_1785019499_e5ac3a,,1337013985,disabled,,,
Agent_8,1,TALK_INTENT,,,,,,,0.19525566697120667,DAY_DISCUSS,0,random_voting,Worker,,2,run_1785019499_e5ac3a,,1337013985,disabled,,,
Agent_1,0,TALK_INTENT,,,,,,,0.21732454001903534,DAY_DISCUSS,0,random_voting,Worker,,2,run_1785019499_e5ac3a,,1337013985,disabled,,,
Agent_2,3,TALK_INTENT,,,,,,,0.4317970275878906,DAY_DISCUSS,0,random_voting,Worker,,2,run_1785019499_e5ac3a,,1337013985,disabled,,,
Agent_4,4,TALK_INTENT,,,,,,,0.2702183127403259,DAY_DISCUSS,0,random_voting,Werewolf,,2,run_1785019499_e5ac3a,,1337013985,disabled,,,
Agent_5,1,TALK_INTENT,,,,,,,0.35103756189346313,DAY_DISCUSS,0,random_voting,Werewolf,,2,run_1785019499_e5ac3a,,1337013985,disabled,,,
Agent_6,3,TALK_INTENT,,,,,,,0.11660865694284439,DAY_DISCUSS,0,random_voting,Worker,,2,run_1785019499_e5ac3a,,1337013985,disabled,,,
Agent_7,2,TALK_INTENT,,,,,,,0.22779437899589539,DAY_DISCUSS,0,random_voting,Worker,,2,run_1785019499_e5ac3a,,1337013985,disabled,,,
Agent_8,1,TALK_INTENT,,,,,,,0.19525566697120667,DAY_DISCUSS,0,random_voting,Worker,,2,run_1785019499_e5ac3a,,1337013985,disabled,,,
Agent_1,4,VOTE_TARGET,,0.000009,0.002375,,,6,0.21732454001903534,DAY_VOTE,1,random_voting,Worker,,2,run_1785019499_e5ac3a,,1337013985,disabled,Agent_4,1,
Agent_2,8,VOTE_TARGET,,0.002274,0.048331,,,6,0.4317970275878906,DAY_VOTE,1,random_voting,Worker,,2,run_1785019499_e5ac3a,,1337013985,disabled,Agent_8,0,
Agent_4,8,VOTE_TARGET,,0.000009,0.002377,,,6,0.2702183127403259,DAY_VOTE,1,random_voting,Werewolf,,2,run_1785019499_e5ac3a,,1337013985,disabled,Agent_8,0,
Agent_5,8,VOTE_TARGET,,0.000009,0.002377,,,6,0.35103756189346313,DAY_VOTE,1,random_voting,Werewolf,,2,run_1785019499_e5ac3a,,1337013985,disabled,Agent_8,0,
Agent_6,7,VOTE_TARGET,,0.000009,0.002375,,,6,0.11660865694284439,DAY_VOTE,1,random_voting,Worker,,2,run_1785019499_e5ac3a,,1337013985,disabled,Agent_7,0,
Agent_7,8,VOTE_TARGET,,0.000009,0.002375,,,6,0.22779437899589539,DAY_VOTE,1,random_voting,Worker,,2,run_1785019499_e5ac3a,,1337013985,disabled,Agent_8,0,
Agent_8,4,VOTE_TARGET,,0.002274,0.048331,,,6,0.19525566697120667,DAY_VOTE,1,random_voting,Worker,,2,run_1785019499_e5ac3a,,1337013985,disabled,Agent_4,1,
Agent_4,2,KILL_TARGET,,,,,,4,0.2702183127403259,NIGHT_KILL,2,random_voting,Werewolf,,2,run_1785019499_e5ac3a,,1337013985,disabled,,,
Agent_1,2,TALK_INTENT,,,,,,,0.21732454001903534,DAY_DISCUSS,0,random_voting,Worker,,3,run_1785019499_e5ac3a,,1337013985,disabled,,,
Agent_4,0,TALK_INTENT,,,,,,,0.2702183127403259,DAY_DISCUSS,0,random_voting,Werewolf,,3,run_1785019499_e5ac3a,,1337013985,disabled,,,
Agent_5,2,TALK_INTENT,,,,,,,0.35103756189346313,DAY_DISCUSS,0,random_voting,Werewolf,,3,run_1785019499_e5ac3a,,1337013985,disabled,,,
Agent_6,1,TALK_INTENT,,,,,,,0.11660865694284439,DAY_DISCUSS,0,random_voting,Worker,,3,run_1785019499_e5ac3a,,1337013985,disabled,,,
Agent_7,1,TALK_INTENT,,,,,,,0.22779437899589539,DAY_DISCUSS,0,random_voting,Worker,,3,run_1785019499_e5ac3a,,1337013985,disabled,,,
Agent_1,2,TALK_INTENT,,,,,,,0.21732454001903534,DAY_DISCUSS,0,random_voting,Worker,,3,run_1785019499_e5ac3a,,1337013985,disabled,,,
Agent_4,3,TALK_INTENT,,,,,,,0.2702183127403259,DAY_DISCUSS,0,random_voting,Werewolf,,3,run_1785019499_e5ac3a,,1337013985,disabled,,,
Agent_5,3,TALK_INTENT,,,,,,,0.35103756189346313,DAY_DISCUSS,0,random_voting,Werewolf,,3,run_1785019499_e5ac3a,,1337013985,disabled,,,
Agent_6,3,TALK_INTENT,,,,,,,0.11660865694284439,DAY_DISCUSS,0,random_voting,Worker,,3,run_1785019499_e5ac3a,,1337013985,disabled,,,
Agent_7,3,TALK_INTENT,,,,,,,0.22779437899589539,DAY_DISCUSS,0,random_voting,Worker,,3,run_1785019499_e5ac3a,,1337013985,disabled,,,
Agent_1,5,VOTE_TARGET,,0.000009,0.002374,,,4,0.21732454001903534,DAY_VOTE,1,random_voting,Worker,,3,run_1785019499_e5ac3a,,1337013985,disabled,Agent_5,1,
Agent_4,6,VOTE_TARGET,,0.000009,0.002375,,,4,0.2702183127403259,DAY_VOTE,1,random_voting,Werewolf,,3,run_1785019499_e5ac3a,,1337013985,disabled,Agent_6,0,
Agent_5,6,VOTE_TARGET,,0.000009,0.002375,,,4,0.35103756189346313,DAY_VOTE,1,random_voting,Werewolf,,3,run_1785019499_e5ac3a,,1337013985,disabled,Agent_6,0,
Agent_6,7,VOTE_TARGET,,0.002311,0.048852,,,4,0.11660865694284439,DAY_VOTE,1,random_voting,Worker,,3,run_1785019499_e5ac3a,,1337013985,disabled,Agent_7,0,
Agent_7,4,VOTE_TARGET,,0.002311,0.048852,,,4,0.22779437899589539,DAY_VOTE,1,random_voting,Worker,,3,run_1785019499_e5ac3a,,1337013985,disabled,Agent_4,1,
Agent_4,7,KILL_TARGET,,,,,,2,0.2702183127403259,NIGHT_KILL,2,random_voting,Werewolf,,3,run_1785019499_e5ac3a,,1337013985,disabled,,,
Agent_0,1,TALK_INTENT,,,,,,,0.39172276854515076,DAY_DISCUSS,0,random_voting,Worker,,1,run_1785019504_d1c8fa,,1337023958,disabled,,,
Agent_1,4,TALK_INTENT,,,,,,,0.21732454001903534,DAY_DISCUSS,0,random_voting,Werewolf,,1,run_1785019504_d1c8fa,,1337023958,disabled,,,
Agent_2,0,TALK_INTENT,,,,,,,0.4317970275878906,DAY_DISCUSS,0,random_voting,Worker,,1,run_1785019504_d1c8fa,,1337023958,disabled,,,
Agent_3,4,TALK_INTENT,,,,,,,0.1720457375049591,DAY_DISCUSS,0,random_voting,Worker,,1,run_1785019504_d1c8fa,,1337023958,disabled,,,
Agent_4,2,TALK_INTENT,,,,,,,0.2702183127403259,DAY_DISCUSS,0,random_voting,Worker,,1,run_1785019504_d1c8fa,,1337023958,disabled,,,
Agent_5,3,TALK_INTENT,,,,,,,0.35103756189346313,DAY_DISCUSS,0,random_voting,Worker,,1,run_1785019504_d1c8fa,,1337023958,disabled,,,
Agent_6,1,TALK_INTENT,,,,,,,0.11660865694284439,DAY_DISCUSS,0,random_voting,Worker,,1,run_1785019504_d1c8fa,,1337023958,disabled,,,
Agent_7,2,TALK_INTENT,,,,,,,0.22779437899589539,DAY_DISCUSS,0,random_voting,Werewolf,,1,run_1785019504_d1c8fa,,1337023958,disabled,,,
Agent_8,4,TALK_INTENT,,,,,,,0.19525566697120667,DAY_DISCUSS,0,random_voting,Worker,,1,run_1785019504_d1c8fa,,1337023958,disabled,,,
Agent_0,4,TALK_INTENT,,,,,,,0.39172276854515076,DAY_DISCUSS,0,random_voting,Worker,,1,run_1785019504_d1c8fa,,1337023958,disabled,,,
Agent_1,4,TALK_INTENT,,,,,,,0.21732454001903534,DAY_DISCUSS,0,random_voting,Werewolf,,1,run_1785019504_d1c8fa,,1337023958,disabled,,,
Agent_2,3,TALK_INTENT,,,,,,,0.4317970275878906,DAY_DISCUSS,0,random_voting,Worker,,1,run_1785019504_d1c8fa,,1337023958,disabled,,,
Agent_3,2,TALK_INTENT,,,,,,,0.1720457375049591,DAY_DISCUSS,0,random_voting,Worker,,1,run_1785019504_d1c8fa,,1337023958,disabled,,,
Agent_4,1,TALK_INTENT,,,,,,,0.2702183127403259,DAY_DISCUSS,0,random_voting,Worker,,1,run_1785019504_d1c8fa,,1337023958,disabled,,,
Agent_5,4,TALK_INTENT,,,,,,,0.35103756189346313,DAY_DISCUSS,0,random_voting,Worker,,1,run_1785019504_d1c8fa,,1337023958,disabled,,,
Agent_6,4,TALK_INTENT,,,,,,,0.11660865694284439,DAY_DISCUSS,0,random_voting,Worker,,1,run_1785019504_d1c8fa,,1337023958,disabled,,,
Agent_7,1,TALK_INTENT,,,,,,,0.22779437899589539,DAY_DISCUSS,0,random_voting,Werewolf,,1,run_1785019504_d1c8fa,,1337023958,disabled,,,
Agent_8,2,TALK_INTENT,,,,,,,0.19525566697120667,DAY_DISCUSS,0,random_voting,Worker,,1,run_1785019504_d1c8fa,,1337023958,disabled,,,
Agent_0,6,VOTE_TARGET,,0.000009,0.002387,,,8,0.39172276854515076,DAY_VOTE,1,random_voting,Worker,,1,run_1785019504_d1c8fa,,1337023958,disabled,Agent_6,0,
Agent_1,0,VOTE_TARGET,,0.000009,0.002398,,,8,0.21732454001903534,DAY_VOTE,1,random_voting,Werewolf,,1,run_1785019504_d1c8fa,,1337023958,disabled,Agent_0,0,
Agent_2,5,VOTE_TARGET,,0.000009,0.002387,,,8,0.4317970275878906,DAY_VOTE,1,random_voting,Worker,,1,run_1785019504_d1c8fa,,1337023958,disabled,Agent_5,0,
Agent_3,7,VOTE_TARGET,,0.000009,0.002387,,,8,0.1720457375049591,DAY_VOTE,1,random_voting,Worker,,1,run_1785019504_d1c8fa,,1337023958,disabled,Agent_7,1,
Agent_4,5,VOTE_TARGET,,0.000009,0.002387,,,8,0.2702183127403259,DAY_VOTE,1,random_voting,Worker,,1,run_1785019504_d1c8fa,,1337023958,disabled,Agent_5,0,
Agent_5,6,VOTE_TARGET,,0.002248,0.047863,,,8,0.35103756189346313,DAY_VOTE,1,random_voting,Worker,,1,run_1785019504_d1c8fa,,1337023958,disabled,Agent_6,0,
Agent_6,7,VOTE_TARGET,,0.000009,0.002387,,,8,0.11660865694284439,DAY_VOTE,1,random_voting,Worker,,1,run_1785019504_d1c8fa,,1337023958,disabled,Agent_7,1,
Agent_7,8,VOTE_TARGET,,0.000009,0.002398,,,8,0.22779437899589539,DAY_VOTE,1,random_voting,Werewolf,,1,run_1785019504_d1c8fa,,1337023958,disabled,Agent_8,0,
Agent_8,1,VOTE_TARGET,,0.000009,0.002387,,,8,0.19525566697120667,DAY_VOTE,1,random_voting,Worker,,1,run_1785019504_d1c8fa,,1337023958,disabled,Agent_1,1,
Agent_1,5,KILL_TARGET,,,,,,7,0.21732454001903534,NIGHT_KILL,2,random_voting,Werewolf,,1,run_1785019504_d1c8fa,,1337023958,disabled,,,
Agent_0,3,TALK_INTENT,,,,,,,0.39172276854515076,DAY_DISCUSS,0,random_voting,Worker,,2,run_1785019504_d1c8fa,,1337023958,disabled,,,
Agent_1,1,TALK_INTENT,,,,,,,0.21732454001903534,DAY_DISCUSS,0,random_voting,Werewolf,,2,run_1785019504_d1c8fa,,1337023958,disabled,,,
Agent_2,0,TALK_INTENT,,,,,,,0.4317970275878906,DAY_DISCUSS,0,random_voting,Worker,,2,run_1785019504_d1c8fa,,1337023958,disabled,,,
Agent_3,1,TALK_INTENT,,,,,,,0.1720457375049591,DAY_DISCUSS,0,random_voting,Worker,,2,run_1785019504_d1c8fa,,1337023958,disabled,,,
Agent_4,2,TALK_INTENT,,,,,,,0.2702183127403259,DAY_DISCUSS,0,random_voting,Worker,,2,run_1785019504_d1c8fa,,1337023958,disabled,,,
Agent_6,2,TALK_INTENT,,,,,,,0.11660865694284439,DAY_DISCUSS,0,random_voting,Worker,,2,run_1785019504_d1c8fa,,1337023958,disabled,,,
Agent_7,4,TALK_INTENT,,,,,,,0.22779437899589539,DAY_DISCUSS,0,random_voting,Werewolf,,2,run_1785019504_d1c8fa,,1337023958,disabled,,,
Agent_8,1,TALK_INTENT,,,,,,,0.19525566697120667,DAY_DISCUSS,0,random_voting,Worker,,2,run_1785019504_d1c8fa,,1337023958,disabled,,,
Agent_0,2,TALK_INTENT,,,,,,,0.39172276854515076,DAY_DISCUSS,0,random_voting,Worker,,2,run_1785019504_d1c8fa,,1337023958,disabled,,,
Agent_1,4,TALK_INTENT,,,,,,,0.21732454001903534,DAY_DISCUSS,0,random_voting,Werewolf,,2,run_1785019504_d1c8fa,,1337023958,disabled,,,
Agent_2,0,TALK_INTENT,,,,,,,0.4317970275878906,DAY_DISCUSS,0,random_voting,Worker,,2,run_1785019504_d1c8fa,,1337023958,disabled,,,
Agent_3,4,TALK_INTENT,,,,,,,0.1720457375049591,DAY_DISCUSS,0,random_voting,Worker,,2,run_1785019504_d1c8fa,,1337023958,disabled,,,
Agent_4,0,TALK_INTENT,,,,,,,0.2702183127403259,DAY_DISCUSS,0,random_voting,Worker,,2,run_1785019504_d1c8fa,,1337023958,disabled,,,
Agent_6,2,TALK_INTENT,,,,,,,0.11660865694284439,DAY_DISCUSS,0,random_voting,Worker,,2,run_1785019504_d1c8fa,,1337023958,disabled,,,
Agent_7,0,TALK_INTENT,,,,,,,0.22779437899589539,DAY_DISCUSS,0,random_voting,Werewolf,,2,run_1785019504_d1c8fa,,1337023958,disabled,,,
Agent_8,2,TALK_INTENT,,,,,,,0.19525566697120667,DAY_DISCUSS,0,random_voting,Worker,,2,run_1785019504_d1c8fa,,1337023958,disabled,,,
Agent_0,7,VOTE_TARGET,,0.000009,0.002375,,,7,0.39172276854515076,DAY_VOTE,1,random_voting,Worker,,2,run_1785019504_d1c8fa,,1337023958,disabled,Agent_7,1,
Agent_1,0,VOTE_TARGET,,0.000009,0.002377,,,7,0.21732454001903534,DAY_VOTE,1,random_voting,Werewolf,,2,run_1785019504_d1c8fa,,1337023958,disabled,Agent_0,0,
Agent_2,1,VOTE_TARGET,,0.002274,0.048331,,,7,0.4317970275878906,DAY_VOTE,1,random_voting,Worker,,2,run_1785019504_d1c8fa,,1337023958,disabled,Agent_1,1,
Agent_3,1,VOTE_TARGET,,0.000009,0.002375,,,7,0.1720457375049591,DAY_VOTE,1,random_voting,Worker,,2,run_1785019504_d1c8fa,,1337023958,disabled,Agent_1,1,
Agent_4,3,VOTE_TARGET,,0.000009,0.002375,,,7,0.2702183127403259,DAY_VOTE,1,random_voting,Worker,,2,run_1785019504_d1c8fa,,1337023958,disabled,Agent_3,0,
Agent_6,8,VOTE_TARGET,,0.000009,0.002375,,,7,0.11660865694284439,DAY_VOTE,1,random_voting,Worker,,2,run_1785019504_d1c8fa,,1337023958,disabled,Agent_8,0,
Agent_7,2,VOTE_TARGET,,0.000009,0.002377,,,7,0.22779437899589539,DAY_VOTE,1,random_voting,Werewolf,,2,run_1785019504_d1c8fa,,1337023958,disabled,Agent_2,0,
Agent_8,7,VOTE_TARGET,,0.000009,0.002375,,,7,0.19525566697120667,DAY_VOTE,1,random_voting,Worker,,2,run_1785019504_d1c8fa,,1337023958,disabled,Agent_7,1,
Agent_1,2,KILL_TARGET,,,,,,6,0.21732454001903534,NIGHT_KILL,2,random_voting,Werewolf,,2,run_1785019504_d1c8fa,,1337023958,disabled,,,
Agent_0,0,TALK_INTENT,,,,,,,0.39172276854515076,DAY_DISCUSS,0,random_voting,Worker,,3,run_1785019504_d1c8fa,,1337023958,disabled,,,
Agent_1,2,TALK_INTENT,,,,,,,0.21732454001903534,DAY_DISCUSS,0,random_voting,Werewolf,,3,run_1785019504_d1c8fa,,1337023958,disabled,,,
Agent_3,0,TALK_INTENT,,,,,,,0.1720457375049591,DAY_DISCUSS,0,random_voting,Worker,,3,run_1785019504_d1c8fa,,1337023958,disabled,,,
Agent_4,2,TALK_INTENT,,,,,,,0.2702183127403259,DAY_DISCUSS,0,random_voting,Worker,,3,run_1785019504_d1c8fa,,1337023958,disabled,,,
Agent_6,4,TALK_INTENT,,,,,,,0.11660865694284439,DAY_DISCUSS,0,random_voting,Worker,,3,run_1785019504_d1c8fa,,1337023958,disabled,,,
Agent_7,2,TALK_INTENT,,,,,,,0.22779437899589539,DAY_DISCUSS,0,random_voting,Werewolf,,3,run_1785019504_d1c8fa,,1337023958,disabled,,,
Agent_8,1,TALK_INTENT,,,,,,,0.19525566697120667,DAY_DISCUSS,0,random_voting,Worker,,3,run_1785019504_d1c8fa,,1337023958,disabled,,,
Agent_0,4,TALK_INTENT,,,,,,,0.39172276854515076,DAY_DISCUSS,0,random_voting,Worker,,3,run_1785019504_d1c8fa,,1337023958,disabled,,,
Agent_1,4,TALK_INTENT,,,,,,,0.21732454001903534,DAY_DISCUSS,0,random_voting,Werewolf,,3,run_1785019504_d1c8fa,,1337023958,disabled,,,
Agent_3,0,TALK_INTENT,,,,,,,0.1720457375049591,DAY_DISCUSS,0,random_voting,Worker,,3,run_1785019504_d1c8fa,,1337023958,disabled,,,
Agent_4,0,TALK_INTENT,,,,,,,0.2702183127403259,DAY_DISCUSS,0,random_voting,Worker,,3,run_1785019504_d1c8fa,,1337023958,disabled,,,
Agent_6,0,TALK_INTENT,,,,,,,0.11660865694284439,DAY_DISCUSS,0,random_voting,Worker,,3,run_1785019504_d1c8fa,,1337023958,disabled,,,
Agent_7,1,TALK_INTENT,,,,,,,0.22779437899589539,DAY_DISCUSS,0,random_voting,Werewolf,,3,run_1785019504_d1c8fa,,1337023958,disabled,,,
Agent_8,3,TALK_INTENT,,,,,,,0.19525566697120667,DAY_DISCUSS,0,random_voting,Worker,,3,run_1785019504_d1c8fa,,1337023958,disabled,,,
Agent_0,7,VOTE_TARGET,,0.002311,0.048852,,,6,0.39172276854515076,DAY_VOTE,1,random_voting,Worker,,3,run_1785019504_d1c8fa,,1337023958,disabled,Agent_7,1,
Agent_1,8,VOTE_TARGET,,0.000009,0.002375,,,6,0.21732454001903534,DAY_VOTE,1,random_voting,Werewolf,,3,run_1785019504_d1c8fa,,1337023958,disabled,Agent_8,0,
Agent_3,0,VOTE_TARGET,,0.000009,0.002374,,,6,0.1720457375049591,DAY_VOTE,1,random_voting,Worker,,3,run_1785019504_d1c8fa,,1337023958,disabled,Agent_0,0,
Agent_4,0,VOTE_TARGET,,0.002311,0.048852,,,6,0.2702183127403259,DAY_VOTE,1,random_voting,Worker,,3,run_1785019504_d1c8fa,,1337023958,disabled,Agent_0,0,
Agent_6,4,VOTE_TARGET,,0.000009,0.002374,,,6,0.11660865694284439,DAY_VOTE,1,random_voting,Worker,,3,run_1785019504_d1c8fa,,1337023958,disabled,Agent_4,0,
Agent_7,1,VOTE_TARGET,,0.000009,0.002375,,,6,0.22779437899589539,DAY_VOTE,1,random_voting,Werewolf,,3,run_1785019504_d1c8fa,,1337023958,disabled,Agent_1,1,
Agent_8,0,VOTE_TARGET,,0.000009,0.002374,,,6,0.19525566697120667,DAY_VOTE,1,random_voting,Worker,,3,run_1785019504_d1c8fa,,1337023958,disabled,Agent_0,0,
Agent_1,4,KILL_TARGET,,,,,,4,0.21732454001903534,NIGHT_KILL,2,random_voting,Werewolf,,3,run_1785019504_d1c8fa,,1337023958,disabled,,,
Agent_1,4,TALK_INTENT,,,,,,,0.21732454001903534,DAY_DISCUSS,0,random_voting,Werewolf,,4,run_1785019504_d1c8fa,,1337023958,disabled,,,
Agent_3,2,TALK_INTENT,,,,,,,0.1720457375049591,DAY_DISCUSS,0,random_voting,Worker,,4,run_1785019504_d1c8fa,,1337023958,disabled,,,
Agent_6,2,TALK_INTENT,,,,,,,0.11660865694284439,DAY_DISCUSS,0,random_voting,Worker,,4,run_1785019504_d1c8fa,,1337023958,disabled,,,
Agent_7,3,TALK_INTENT,,,,,,,0.22779437899589539,DAY_DISCUSS,0,random_voting,Werewolf,,4,run_1785019504_d1c8fa,,1337023958,disabled,,,
Agent_8,1,TALK_INTENT,,,,,,,0.19525566697120667,DAY_DISCUSS,0,random_voting,Worker,,4,run_1785019504_d1c8fa,,1337023958,disabled,,,
Agent_1,1,TALK_INTENT,,,,,,,0.21732454001903534,DAY_DISCUSS,0,random_voting,Werewolf,,4,run_1785019504_d1c8fa,,1337023958,disabled,,,
Agent_3,0,TALK_INTENT,,,,,,,0.1720457375049591,DAY_DISCUSS,0,random_voting,Worker,,4,run_1785019504_d1c8fa,,1337023958,disabled,,,
Agent_6,4,TALK_INTENT,,,,,,,0.11660865694284439,DAY_DISCUSS,0,random_voting,Worker,,4,run_1785019504_d1c8fa,,1337023958,disabled,,,
Agent_7,2,TALK_INTENT,,,,,,,0.22779437899589539,DAY_DISCUSS,0,random_voting,Werewolf,,4,run_1785019504_d1c8fa,,1337023958,disabled,,,
Agent_8,2,TALK_INTENT,,,,,,,0.19525566697120667,DAY_DISCUSS,0,random_voting,Worker,,4,run_1785019504_d1c8fa,,1337023958,disabled,,,
Agent_1,3,VOTE_TARGET,,0.000010,0.002438,,,4,0.21732454001903534,DAY_VOTE,1,random_voting,Werewolf,,4,run_1785019504_d1c8fa,,1337023958,disabled,Agent_3,0,
Agent_3,6,VOTE_TARGET,,0.000009,0.002436,,,4,0.1720457375049591,DAY_VOTE,1,random_voting,Worker,,4,run_1785019504_d1c8fa,,1337023958,disabled,Agent_6,0,
Agent_6,3,VOTE_TARGET,,0.000009,0.002436,,,4,0.11660865694284439,DAY_VOTE,1,random_voting,Worker,,4,run_1785019504_d1c8fa,,1337023958,disabled,Agent_3,0,
Agent_7,1,VOTE_TARGET,,0.000010,0.002438,,,4,0.22779437899589539,DAY_VOTE,1,random_voting,Werewolf,,4,run_1785019504_d1c8fa,,1337023958,disabled,Agent_1,1,
Agent_8,6,VOTE_TARGET,,0.002360,0.049434,,,4,0.19525566697120667,DAY_VOTE,1,random_voting,Worker,,4,run_1785019504_d1c8fa,,1337023958,disabled,Agent_6,0,
Agent_1,8,KILL_TARGET,,,,,,3,0.21732454001903534,NIGHT_KILL,2,random_voting,Werewolf,,4,run_1785019504_d1c8fa,,1337023958,disabled,,,
Agent_0,1,TALK_INTENT,,,,,,,0.39172276854515076,DAY_DISCUSS,0,random_voting,Worker,,1,run_1785019510_dd4528,,1337033931,disabled,,,
Agent_1,2,TALK_INTENT,,,,,,,0.21732454001903534,DAY_DISCUSS,0,random_voting,Worker,,1,run_1785019510_dd4528,,1337033931,disabled,,,
Agent_2,0,TALK_INTENT,,,,,,,0.4317970275878906,DAY_DISCUSS,0,random_voting,Worker,,1,run_1785019510_dd4528,,1337033931,disabled,,,
Agent_3,4,TALK_INTENT,,,,,,,0.1720457375049591,DAY_DISCUSS,0,random_voting,Werewolf,,1,run_1785019510_dd4528,,1337033931,disabled,,,
Agent_4,3,TALK_INTENT,,,,,,,0.2702183127403259,DAY_DISCUSS,0,random_voting,Worker,,1,run_1785019510_dd4528,,1337033931,disabled,,,
Agent_5,3,TALK_INTENT,,,,,,,0.35103756189346313,DAY_DISCUSS,0,random_voting,Werewolf,,1,run_1785019510_dd4528,,1337033931,disabled,,,
Agent_6,3,TALK_INTENT,,,,,,,0.11660865694284439,DAY_DISCUSS,0,random_voting,Worker,,1,run_1785019510_dd4528,,1337033931,disabled,,,
Agent_7,1,TALK_INTENT,,,,,,,0.22779437899589539,DAY_DISCUSS,0,random_voting,Worker,,1,run_1785019510_dd4528,,1337033931,disabled,,,
Agent_8,0,TALK_INTENT,,,,,,,0.19525566697120667,DAY_DISCUSS,0,random_voting,Worker,,1,run_1785019510_dd4528,,1337033931,disabled,,,
Agent_0,1,TALK_INTENT,,,,,,,0.39172276854515076,DAY_DISCUSS,0,random_voting,Worker,,1,run_1785019510_dd4528,,1337033931,disabled,,,
Agent_1,0,TALK_INTENT,,,,,,,0.21732454001903534,DAY_DISCUSS,0,random_voting,Worker,,1,run_1785019510_dd4528,,1337033931,disabled,,,
Agent_2,4,TALK_INTENT,,,,,,,0.4317970275878906,DAY_DISCUSS,0,random_voting,Worker,,1,run_1785019510_dd4528,,1337033931,disabled,,,
Agent_3,0,TALK_INTENT,,,,,,,0.1720457375049591,DAY_DISCUSS,0,random_voting,Werewolf,,1,run_1785019510_dd4528,,1337033931,disabled,,,
Agent_4,2,TALK_INTENT,,,,,,,0.2702183127403259,DAY_DISCUSS,0,random_voting,Worker,,1,run_1785019510_dd4528,,1337033931,disabled,,,
Agent_5,0,TALK_INTENT,,,,,,,0.35103756189346313,DAY_DISCUSS,0,random_voting,Werewolf,,1,run_1785019510_dd4528,,1337033931,disabled,,,
Agent_6,2,TALK_INTENT,,,,,,,0.11660865694284439,DAY_DISCUSS,0,random_voting,Worker,,1,run_1785019510_dd4528,,1337033931,disabled,,,
Agent_7,0,TALK_INTENT,,,,,,,0.22779437899589539,DAY_DISCUSS,0,random_voting,Worker,,1,run_1785019510_dd4528,,1337033931,disabled,,,
Agent_8,3,TALK_INTENT,,,,,,,0.19525566697120667,DAY_DISCUSS,0,random_voting,Worker,,1,run_1785019510_dd4528,,1337033931,disabled,,,
Agent_0,4,VOTE_TARGET,,0.002248,0.047863,,,8,0.39172276854515076,DAY_VOTE,1,random_voting,Worker,,1,run_1785019510_dd4528,,1337033931,disabled,Agent_4,0,
Agent_1,7,VOTE_TARGET,,0.000009,0.002387,,,8,0.21732454001903534,DAY_VOTE,1,random_voting,Worker,,1,run_1785019510_dd4528,,1337033931,disabled,Agent_7,0,
Agent_2,5,VOTE_TARGET,,0.000009,0.002387,,,8,0.4317970275878906,DAY_VOTE,1,random_voting,Worker,,1,run_1785019510_dd4528,,1337033931,disabled,Agent_5,1,
Agent_3,1,VOTE_TARGET,,0.000009,0.002398,,,8,0.1720457375049591,DAY_VOTE,1,random_voting,Werewolf,,1,run_1785019510_dd4528,,1337033931,disabled,Agent_1,0,
Agent_4,0,VOTE_TARGET,,0.000009,0.002387,,,8,0.2702183127403259,DAY_VOTE,1,random_voting,Worker,,1,run_1785019510_dd4528,,1337033931,disabled,Agent_0,0,
Agent_5,3,VOTE_TARGET,,0.000009,0.002398,,,8,0.35103756189346313,DAY_VOTE,1,random_voting,Werewolf,,1,run_1785019510_dd4528,,1337033931,disabled,Agent_3,1,
Agent_6,5,VOTE_TARGET,,0.000009,0.002387,,,8,0.11660865694284439,DAY_VOTE,1,random_voting,Worker,,1,run_1785019510_dd4528,,1337033931,disabled,Agent_5,1,
Agent_7,4,VOTE_TARGET,,0.000009,0.002387,,,8,0.22779437899589539,DAY_VOTE,1,random_voting,Worker,,1,run_1785019510_dd4528,,1337033931,disabled,Agent_4,0,
Agent_8,3,VOTE_TARGET,,0.000009,0.002387,,,8,0.19525566697120667,DAY_VOTE,1,random_voting,Worker,,1,run_1785019510_dd4528,,1337033931,disabled,Agent_3,1,
Agent_3,0,KILL_TARGET,,,,,,7,0.1720457375049591,NIGHT_KILL,2,random_voting,Werewolf,,1,run_1785019510_dd4528,,1337033931,disabled,,,
Agent_1,1,TALK_INTENT,,,,,,,0.21732454001903534,DAY_DISCUSS,0,random_voting,Worker,,2,run_1785019510_dd4528,,1337033931,disabled,,,
Agent_2,2,TALK_INTENT,,,,,,,0.4317970275878906,DAY_DISCUSS,0,random_voting,Worker,,2,run_1785019510_dd4528,,1337033931,disabled,,,
Agent_3,2,TALK_INTENT,,,,,,,0.1720457375049591,DAY_DISCUSS,0,random_voting,Werewolf,,2,run_1785019510_dd4528,,1337033931,disabled,,,
Agent_4,3,TALK_INTENT,,,,,,,0.2702183127403259,DAY_DISCUSS,0,random_voting,Worker,,2,run_1785019510_dd4528,,1337033931,disabled,,,
Agent_5,0,TALK_INTENT,,,,,,,0.35103756189346313,DAY_DISCUSS,0,random_voting,Werewolf,,2,run_1785019510_dd4528,,1337033931,disabled,,,
Agent_6,2,TALK_INTENT,,,,,,,0.11660865694284439,DAY_DISCUSS,0,random_voting,Worker,,2,run_1785019510_dd4528,,1337033931,disabled,,,
Agent_7,1,TALK_INTENT,,,,,,,0.22779437899589539,DAY_DISCUSS,0,random_voting,Worker,,2,run_1785019510_dd4528,,1337033931,disabled,,,
Agent_8,2,TALK_INTENT,,,,,,,0.19525566697120667,DAY_DISCUSS,0,random_voting,Worker,,2,run_1785019510_dd4528,,1337033931,disabled,,,
Agent_1,3,TALK_INTENT,,,,,,,0.21732454001903534,DAY_DISCUSS,0,random_voting,Worker,,2,run_1785019510_dd4528,,1337033931,disabled,,,
Agent_2,1,TALK_INTENT,,,,,,,0.4317970275878906,DAY_DISCUSS,0,random_voting,Worker,,2,run_1785019510_dd4528,,1337033931,disabled,,,
Agent_3,3,TALK_INTENT,,,,,,,0.1720457375049591,DAY_DISCUSS,0,random_voting,Werewolf,,2,run_1785019510_dd4528,,1337033931,disabled,,,
Agent_4,3,TALK_INTENT,,,,,,,0.2702183127403259,DAY_DISCUSS,0,random_voting,Worker,,2,run_1785019510_dd4528,,1337033931,disabled,,,
Agent_5,1,TALK_INTENT,,,,,,,0.35103756189346313,DAY_DISCUSS,0,random_voting,Werewolf,,2,run_1785019510_dd4528,,1337033931,disabled,,,
Agent_6,0,TALK_INTENT,,,,,,,0.11660865694284439,DAY_DISCUSS,0,random_voting,Worker,,2,run_1785019510_dd4528,,1337033931,disabled,,,
Agent_7,2,TALK_INTENT,,,,,,,0.22779437899589539,DAY_DISCUSS,0,random_voting,Worker,,2,run_1785019510_dd4528,,1337033931,disabled,,,
Agent_8,2,TALK_INTENT,,,,,,,0.19525566697120667,DAY_DISCUSS,0,random_voting,Worker,,2,run_1785019510_dd4528,,1337033931,disabled,,,
Agent_1,7,VOTE_TARGET,,0.000009,0.002375,,,7,0.21732454001903534,DAY_VOTE,1,random_voting,Worker,,2,run_1785019510_dd4528,,1337033931,disabled,Agent_7,0,
Agent_2,8,VOTE_TARGET,,0.002274,0.048331,,,7,0.4317970275878906,DAY_VOTE,1,random_voting,Worker,,2,run_1785019510_dd4528,,1337033931,disabled,Agent_8,0,
Agent_3,1,VOTE_TARGET,,0.000009,0.002377,,,7,0.1720457375049591,DAY_VOTE,1,random_voting,Werewolf,,2,run_1785019510_dd4528,,1337033931,disabled,Agent_1,0,
Agent_4,7,VOTE_TARGET,,0.000009,0.002375,,,7,0.2702183127403259,DAY_VOTE,1,random_voting,Worker,,2,run_1785019510_dd4528,,1337033931,disabled,Agent_7,0,
Agent_5,1,VOTE_TARGET,,0.000009,0.002377,,,7,0.35103756189346313,DAY_VOTE,1,random_voting,Werewolf,,2,run_1785019510_dd4528,,1337033931,disabled,Agent_1,0,
Agent_6,4,VOTE_TARGET,,0.000009,0.002375,,,7,0.11660865694284439,DAY_VOTE,1,random_voting,Worker,,2,run_1785019510_dd4528,,1337033931,disabled,Agent_4,0,
Agent_7,6,VOTE_TARGET,,0.000009,0.002375,,,7,0.22779437899589539,DAY_VOTE,1,random_voting,Worker,,2,run_1785019510_dd4528,,1337033931,disabled,Agent_6,0,
Agent_8,6,VOTE_TARGET,,0.000009,0.002375,,,7,0.19525566697120667,DAY_VOTE,1,random_voting,Worker,,2,run_1785019510_dd4528,,1337033931,disabled,Agent_6,0,
Agent_3,2,KILL_TARGET,,,,,,6,0.1720457375049591,NIGHT_KILL,2,random_voting,Werewolf,,2,run_1785019510_dd4528,,1337033931,disabled,,,
Agent_1,4,TALK_INTENT,,,,,,,0.21732454001903534,DAY_DISCUSS,0,random_voting,Worker,,3,run_1785019510_dd4528,,1337033931,disabled,,,
Agent_3,0,TALK_INTENT,,,,,,,0.1720457375049591,DAY_DISCUSS,0,random_voting,Werewolf,,3,run_1785019510_dd4528,,1337033931,disabled,,,
Agent_4,0,TALK_INTENT,,,,,,,0.2702183127403259,DAY_DISCUSS,0,random_voting,Worker,,3,run_1785019510_dd4528,,1337033931,disabled,,,
Agent_5,0,TALK_INTENT,,,,,,,0.35103756189346313,DAY_DISCUSS,0,random_voting,Werewolf,,3,run_1785019510_dd4528,,1337033931,disabled,,,
Agent_6,1,TALK_INTENT,,,,,,,0.11660865694284439,DAY_DISCUSS,0,random_voting,Worker,,3,run_1785019510_dd4528,,1337033931,disabled,,,
Agent_7,2,TALK_INTENT,,,,,,,0.22779437899589539,DAY_DISCUSS,0,random_voting,Worker,,3,run_1785019510_dd4528,,1337033931,disabled,,,
Agent_8,3,TALK_INTENT,,,,,,,0.19525566697120667,DAY_DISCUSS,0,random_voting,Worker,,3,run_1785019510_dd4528,,1337033931,disabled,,,
Agent_1,3,TALK_INTENT,,,,,,,0.21732454001903534,DAY_DISCUSS,0,random_voting,Worker,,3,run_1785019510_dd4528,,1337033931,disabled,,,
Agent_3,0,TALK_INTENT,,,,,,,0.1720457375049591,DAY_DISCUSS,0,random_voting,Werewolf,,3,run_1785019510_dd4528,,1337033931,disabled,,,
Agent_4,4,TALK_INTENT,,,,,,,0.2702183127403259,DAY_DISCUSS,0,random_voting,Worker,,3,run_1785019510_dd4528,,1337033931,disabled,,,
Agent_5,4,TALK_INTENT,,,,,,,0.35103756189346313,DAY_DISCUSS,0,random_voting,Werewolf,,3,run_1785019510_dd4528,,1337033931,disabled,,,
Agent_6,3,TALK_INTENT,,,,,,,0.11660865694284439,DAY_DISCUSS,0,random_voting,Worker,,3,run_1785019510_dd4528,,1337033931,disabled,,,
Agent_7,1,TALK_INTENT,,,,,,,0.22779437899589539,DAY_DISCUSS,0,random_voting,Worker,,3,run_1785019510_dd4528,,1337033931,disabled,,,
Agent_8,3,TALK_INTENT,,,,,,,0.19525566697120667,DAY_DISCUSS,0,random_voting,Worker,,3,run_1785019510_dd4528,,1337033931,disabled,,,
Agent_1,7,VOTE_TARGET,,0.000009,0.002374,,,6,0.21732454001903534,DAY_VOTE,1,random_voting,Worker,,3,run_1785019510_dd4528,,1337033931,disabled,Agent_7,0,
Agent_3,5,VOTE_TARGET,,0.000009,0.002375,,,6,0.1720457375049591,DAY_VOTE,1,random_voting,Werewolf,,3,run_1785019510_dd4528,,1337033931,disabled,Agent_5,1,
Agent_4,5,VOTE_TARGET,,0.000009,0.002374,,,6,0.2702183127403259,DAY_VOTE,1,random_voting,Worker,,3,run_1785019510_dd4528,,1337033931,disabled,Agent_5,1,
Agent_5,8,VOTE_TARGET,,0.000009,0.002375,,,6,0.35103756189346313,DAY_VOTE,1,random_voting,Werewolf,,3,run_1785019510_dd4528,,1337033931,disabled,Agent_8,0,
Agent_6,8,VOTE_TARGET,,0.000009,0.002374,,,6,0.11660865694284439,DAY_VOTE,1,random_voting,Worker,,3,run_1785019510_dd4528,,1337033931,disabled,Agent_8,0,
Agent_7,1,VOTE_TARGET,,0.000009,0.002374,,,6,0.22779437899589539,DAY_VOTE,1,random_voting,Worker,,3,run_1785019510_dd4528,,1337033931,disabled,Agent_1,0,
Agent_8,3,VOTE_TARGET,,0.002311,0.048852,,,6,0.19525566697120667,DAY_VOTE,1,random_voting,Worker,,3,run_1785019510_dd4528,,1337033931,disabled,Agent_3,1,
Agent_3,8,KILL_TARGET,,,,,,5,0.1720457375049591,NIGHT_KILL,2,random_voting,Werewolf,,3,run_1785019510_dd4528,,1337033931,disabled,,,
Agent_1,2,TALK_INTENT,,,,,,,0.21732454001903534,DAY_DISCUSS,0,random_voting,Worker,,4,run_1785019510_dd4528,,1337033931,disabled,,,
Agent_3,0,TALK_INTENT,,,,,,,0.1720457375049591,DAY_DISCUSS,0,random_voting,Werewolf,,4,run_1785019510_dd4528,,1337033931,disabled,,,
Agent_4,4,TALK_INTENT,,,,,,,0.2702183127403259,DAY_DISCUSS,0,random_voting,Worker,,4,run_1785019510_dd4528,,1337033931,disabled,,,
Agent_5,1,TALK_INTENT,,,,,,,0.35103756189346313,DAY_DISCUSS,0,random_voting,Werewolf,,4,run_1785019510_dd4528,,1337033931,disabled,,,
Agent_6,0,TALK_INTENT,,,,,,,0.11660865694284439,DAY_DISCUSS,0,random_voting,Worker,,4,run_1785019510_dd4528,,1337033931,disabled,,,
Agent_7,3,TALK_INTENT,,,,,,,0.22779437899589539,DAY_DISCUSS,0,random_voting,Worker,,4,run_1785019510_dd4528,,1337033931,disabled,,,
Agent_1,0,TALK_INTENT,,,,,,,0.21732454001903534,DAY_DISCUSS,0,random_voting,Worker,,4,run_1785019510_dd4528,,1337033931,disabled,,,
Agent_3,2,TALK_INTENT,,,,,,,0.1720457375049591,DAY_DISCUSS,0,random_voting,Werewolf,,4,run_1785019510_dd4528,,1337033931,disabled,,,
Agent_4,0,TALK_INTENT,,,,,,,0.2702183127403259,DAY_DISCUSS,0,random_voting,Worker,,4,run_1785019510_dd4528,,1337033931,disabled,,,
Agent_5,0,TALK_INTENT,,,,,,,0.35103756189346313,DAY_DISCUSS,0,random_voting,Werewolf,,4,run_1785019510_dd4528,,1337033931,disabled,,,
Agent_6,0,TALK_INTENT,,,,,,,0.11660865694284439,DAY_DISCUSS,0,random_voting,Worker,,4,run_1785019510_dd4528,,1337033931,disabled,,,
Agent_7,0,TALK_INTENT,,,,,,,0.22779437899589539,DAY_DISCUSS,0,random_voting,Worker,,4,run_1785019510_dd4528,,1337033931,disabled,,,
Agent_1,3,VOTE_TARGET,,0.002360,0.049434,,,5,0.21732454001903534,DAY_VOTE,1,random_voting,Worker,,4,run_1785019510_dd4528,,1337033931,disabled,Agent_3,1,
Agent_3,5,VOTE_TARGET,,0.000010,0.002438,,,5,0.1720457375049591,DAY_VOTE,1,random_voting,Werewolf,,4,run_1785019510_dd4528,,1337033931,disabled,Agent_5,1,
Agent_4,7,VOTE_TARGET,,0.000009,0.002436,,,5,0.2702183127403259,DAY_VOTE,1,random_voting,Worker,,4,run_1785019510_dd4528,,1337033931,disabled,Agent_7,0,
Agent_5,3,VOTE_TARGET,,0.000010,0.002438,,,5,0.35103756189346313,DAY_VOTE,1,random_voting,Werewolf,,4,run_1785019510_dd4528,,1337033931,disabled,Agent_3,1,
Agent_6,7,VOTE_TARGET,,0.000009,0.002436,,,5,0.11660865694284439,DAY_VOTE,1,random_voting,Worker,,4,run_1785019510_dd4528,,1337033931,disabled,Agent_7,0,
Agent_7,6,VOTE_TARGET,,0.000009,0.002436,,,5,0.22779437899589539,DAY_VOTE,1,random_voting,Worker,,4,run_1785019510_dd4528,,1337033931,disabled,Agent_6,0,
Agent_3,1,KILL_TARGET,,,,,,4,0.1720457375049591,NIGHT_KILL,2,random_voting,Werewolf,,4,run_1785019510_dd4528,,1337033931,disabled,,,
Agent_3,2,TALK_INTENT,,,,,,,0.1720457375049591,DAY_DISCUSS,0,random_voting,Werewolf,,5,run_1785019510_dd4528,,1337033931,disabled,,,
Agent_4,4,TALK_INTENT,,,,,,,0.2702183127403259,DAY_DISCUSS,0,random_voting,Worker,,5,run_1785019510_dd4528,,1337033931,disabled,,,
Agent_5,1,TALK_INTENT,,,,,,,0.35103756189346313,DAY_DISCUSS,0,random_voting,Werewolf,,5,run_1785019510_dd4528,,1337033931,disabled,,,
Agent_6,2,TALK_INTENT,,,,,,,0.11660865694284439,DAY_DISCUSS,0,random_voting,Worker,,5,run_1785019510_dd4528,,1337033931,disabled,,,
Agent_7,0,TALK_INTENT,,,,,,,0.22779437899589539,DAY_DISCUSS,0,random_voting,Worker,,5,run_1785019510_dd4528,,1337033931,disabled,,,
Agent_3,0,TALK_INTENT,,,,,,,0.1720457375049591,DAY_DISCUSS,0,random_voting,Werewolf,,5,run_1785019510_dd4528,,1337033931,disabled,,,
Agent_4,4,TALK_INTENT,,,,,,,0.2702183127403259,DAY_DISCUSS,0,random_voting,Worker,,5,run_1785019510_dd4528,,1337033931,disabled,,,
Agent_5,2,TALK_INTENT,,,,,,,0.35103756189346313,DAY_DISCUSS,0,random_voting,Werewolf,,5,run_1785019510_dd4528,,1337033931,disabled,,,
Agent_6,4,TALK_INTENT,,,,,,,0.11660865694284439,DAY_DISCUSS,0,random_voting,Worker,,5,run_1785019510_dd4528,,1337033931,disabled,,,
Agent_7,0,TALK_INTENT,,,,,,,0.22779437899589539,DAY_DISCUSS,0,random_voting,Worker,,5,run_1785019510_dd4528,,1337033931,disabled,,,
Agent_3,6,VOTE_TARGET,,0.002431,0.050057,,,4,0.1720457375049591,DAY_VOTE,1,random_voting,Werewolf,,5,run_1785019510_dd4528,,1337033931,disabled,Agent_6,0,
Agent_4,3,VOTE_TARGET,,0.002431,0.050056,,,4,0.2702183127403259,DAY_VOTE,1,random_voting,Worker,,5,run_1785019510_dd4528,,1337033931,disabled,Agent_3,1,
Agent_5,7,VOTE_TARGET,,0.000009,0.002439,,,4,0.35103756189346313,DAY_VOTE,1,random_voting,Werewolf,,5,run_1785019510_dd4528,,1337033931,disabled,Agent_7,0,
Agent_6,3,VOTE_TARGET,,0.000009,0.002438,,,4,0.11660865694284439,DAY_VOTE,1,random_voting,Worker,,5,run_1785019510_dd4528,,1337033931,disabled,Agent_3,1,
Agent_7,5,VOTE_TARGET,,0.000009,0.002438,,,4,0.22779437899589539,DAY_VOTE,1,random_voting,Worker,,5,run_1785019510_dd4528,,1337033931,disabled,Agent_5,1,
Agent_5,4,KILL_TARGET,,,,,,3,0.35103756189346313,NIGHT_KILL,2,random_voting,Werewolf,,5,run_1785019510_dd4528,,1337033931,disabled,,,
Agent_5,1,TALK_INTENT,,,,,,,0.35103756189346313,DAY_DISCUSS,0,random_voting,Werewolf,,6,run_1785019510_dd4528,,1337033931,disabled,,,
Agent_6,0,TALK_INTENT,,,,,,,0.11660865694284439,DAY_DISCUSS,0,random_voting,Worker,,6,run_1785019510_dd4528,,1337033931,disabled,,,
Agent_7,2,TALK_INTENT,,,,,,,0.22779437899589539,DAY_DISCUSS,0,random_voting,Worker,,6,run_1785019510_dd4528,,1337033931,disabled,,,
Agent_5,1,TALK_INTENT,,,,,,,0.35103756189346313,DAY_DISCUSS,0,random_voting,Werewolf,,6,run_1785019510_dd4528,,1337033931,disabled,,,
Agent_6,3,TALK_INTENT,,,,,,,0.11660865694284439,DAY_DISCUSS,0,random_voting,Worker,,6,run_1785019510_dd4528,,1337033931,disabled,,,
Agent_7,2,TALK_INTENT,,,,,,,0.22779437899589539,DAY_DISCUSS,0,random_voting,Worker,,6,run_1785019510_dd4528,,1337033931,disabled,,,
Agent_5,7,VOTE_TARGET,,0.000012,0.002769,,,2,0.35103756189346313,DAY_VOTE,1,random_voting,Werewolf,,6,run_1785019510_dd4528,,1337033931,disabled,Agent_7,0,
Agent_6,5,VOTE_TARGET,,0.000012,0.002770,,,2,0.11660865694284439,DAY_VOTE,1,random_voting,Worker,,6,run_1785019510_dd4528,,1337033931,disabled,Agent_5,1,
Agent_7,6,VOTE_TARGET,,0.002543,0.050994,,,2,0.22779437899589539,DAY_VOTE,1,random_voting,Worker,,6,run_1785019510_dd4528,,1337033931,disabled,Agent_6,0,
Agent_5,7,KILL_TARGET,,,,,,2,0.35103756189346313,NIGHT_KILL,2,random_voting,Werewolf,,6,run_1785019510_dd4528,,1337033931,disabled,,,
Agent_0,3,TALK_INTENT,,,,,,,0.39172276854515076,DAY_DISCUSS,0,jepa_only,Worker,,1,run_1785019538_28b5b9,,1337004012,disabled,,,
Agent_1,3,TALK_INTENT,,,,,,,0.21732454001903534,DAY_DISCUSS,0,jepa_only,Worker,,1,run_1785019538_28b5b9,,1337004012,disabled,,,
Agent_2,2,TALK_INTENT,,,,,,,0.4317970275878906,DAY_DISCUSS,0,jepa_only,Werewolf,,1,run_1785019538_28b5b9,,1337004012,disabled,,,
Agent_3,2,TALK_INTENT,,,,,,,0.1720457375049591,DAY_DISCUSS,0,jepa_only,Worker,,1,run_1785019538_28b5b9,,1337004012,disabled,,,
Agent_4,4,TALK_INTENT,,,,,,,0.2702183127403259,DAY_DISCUSS,0,jepa_only,Werewolf,,1,run_1785019538_28b5b9,,1337004012,disabled,,,
Agent_5,3,TALK_INTENT,,,,,,,0.35103756189346313,DAY_DISCUSS,0,jepa_only,Worker,,1,run_1785019538_28b5b9,,1337004012,disabled,,,
Agent_6,1,TALK_INTENT,,,,,,,0.11660865694284439,DAY_DISCUSS,0,jepa_only,Worker,,1,run_1785019538_28b5b9,,1337004012,disabled,,,
Agent_7,4,TALK_INTENT,,,,,,,0.22779437899589539,DAY_DISCUSS,0,jepa_only,Worker,,1,run_1785019538_28b5b9,,1337004012,disabled,,,
Agent_8,2,TALK_INTENT,,,,,,,0.19525566697120667,DAY_DISCUSS,0,jepa_only,Worker,,1,run_1785019538_28b5b9,,1337004012,disabled,,,
Agent_0,2,TALK_INTENT,,,,,,,0.39172276854515076,DAY_DISCUSS,0,jepa_only,Worker,,1,run_1785019538_28b5b9,,1337004012,disabled,,,
Agent_1,3,TALK_INTENT,,,,,,,0.21732454001903534,DAY_DISCUSS,0,jepa_only,Worker,,1,run_1785019538_28b5b9,,1337004012,disabled,,,
Agent_2,2,TALK_INTENT,,,,,,,0.4317970275878906,DAY_DISCUSS,0,jepa_only,Werewolf,,1,run_1785019538_28b5b9,,1337004012,disabled,,,
Agent_3,3,TALK_INTENT,,,,,,,0.1720457375049591,DAY_DISCUSS,0,jepa_only,Worker,,1,run_1785019538_28b5b9,,1337004012,disabled,,,
Agent_4,4,TALK_INTENT,,,,,,,0.2702183127403259,DAY_DISCUSS,0,jepa_only,Werewolf,,1,run_1785019538_28b5b9,,1337004012,disabled,,,
Agent_5,0,TALK_INTENT,,,,,,,0.35103756189346313,DAY_DISCUSS,0,jepa_only,Worker,,1,run_1785019538_28b5b9,,1337004012,disabled,,,
Agent_6,2,TALK_INTENT,,,,,,,0.11660865694284439,DAY_DISCUSS,0,jepa_only,Worker,,1,run_1785019538_28b5b9,,1337004012,disabled,,,
Agent_7,3,TALK_INTENT,,,,,,,0.22779437899589539,DAY_DISCUSS,0,jepa_only,Worker,,1,run_1785019538_28b5b9,,1337004012,disabled,,,
Agent_8,2,TALK_INTENT,,,,,,,0.19525566697120667,DAY_DISCUSS,0,jepa_only,Worker,,1,run_1785019538_28b5b9,,1337004012,disabled,,,
Agent_0,5,VOTE_TARGET,,0.000009,0.002387,,,8,0.39172276854515076,DAY_VOTE,1,jepa_only,Worker,,1,run_1785019538_28b5b9,,1337004012,disabled,Agent_5,0,
Agent_1,5,VOTE_TARGET,,0.002248,0.047863,,,8,0.21732454001903534,DAY_VOTE,1,jepa_only,Worker,,1,run_1785019538_28b5b9,,1337004012,disabled,Agent_5,0,
Agent_2,6,VOTE_TARGET,,0.000009,0.002406,,,8,0.4317970275878906,DAY_VOTE,1,jepa_only,Werewolf,,1,run_1785019538_28b5b9,,1337004012,disabled,Agent_6,0,
Agent_3,5,VOTE_TARGET,,0.000009,0.002387,,,8,0.1720457375049591,DAY_VOTE,1,jepa_only,Worker,,1,run_1785019538_28b5b9,,1337004012,disabled,Agent_5,0,
Agent_4,6,VOTE_TARGET,,0.000009,0.002406,,,8,0.2702183127403259,DAY_VOTE,1,jepa_only,Werewolf,,1,run_1785019538_28b5b9,,1337004012,disabled,Agent_6,0,
Agent_5,0,VOTE_TARGET,,0.002248,0.047863,,,8,0.35103756189346313,DAY_VOTE,1,jepa_only,Worker,,1,run_1785019538_28b5b9,,1337004012,disabled,Agent_0,0,
Agent_6,5,VOTE_TARGET,,0.000009,0.002387,,,8,0.11660865694284439,DAY_VOTE,1,jepa_only,Worker,,1,run_1785019538_28b5b9,,1337004012,disabled,Agent_5,0,
Agent_7,5,VOTE_TARGET,,0.000009,0.002387,,,8,0.22779437899589539,DAY_VOTE,1,jepa_only,Worker,,1,run_1785019538_28b5b9,,1337004012,disabled,Agent_5,0,
Agent_8,5,VOTE_TARGET,,0.000009,0.002387,,,8,0.19525566697120667,DAY_VOTE,1,jepa_only,Worker,,1,run_1785019538_28b5b9,,1337004012,disabled,Agent_5,0,
Agent_2,1,KILL_TARGET,,,,,,6,0.4317970275878906,NIGHT_KILL,2,jepa_only,Werewolf,,1,run_1785019538_28b5b9,,1337004012,disabled,,,
Agent_0,0,TALK_INTENT,,,,,,,0.39172276854515076,DAY_DISCUSS,0,jepa_only,Worker,,2,run_1785019538_28b5b9,,1337004012,disabled,,,
Agent_2,2,TALK_INTENT,,,,,,,0.4317970275878906,DAY_DISCUSS,0,jepa_only,Werewolf,,2,run_1785019538_28b5b9,,1337004012,disabled,,,
Agent_3,2,TALK_INTENT,,,,,,,0.1720457375049591,DAY_DISCUSS,0,jepa_only,Worker,,2,run_1785019538_28b5b9,,1337004012,disabled,,,
Agent_4,0,TALK_INTENT,,,,,,,0.2702183127403259,DAY_DISCUSS,0,jepa_only,Werewolf,,2,run_1785019538_28b5b9,,1337004012,disabled,,,
Agent_6,3,TALK_INTENT,,,,,,,0.11660865694284439,DAY_DISCUSS,0,jepa_only,Worker,,2,run_1785019538_28b5b9,,1337004012,disabled,,,
Agent_7,0,TALK_INTENT,,,,,,,0.22779437899589539,DAY_DISCUSS,0,jepa_only,Worker,,2,run_1785019538_28b5b9,,1337004012,disabled,,,
Agent_8,2,TALK_INTENT,,,,,,,0.19525566697120667,DAY_DISCUSS,0,jepa_only,Worker,,2,run_1785019538_28b5b9,,1337004012,disabled,,,
Agent_0,0,TALK_INTENT,,,,,,,0.39172276854515076,DAY_DISCUSS,0,jepa_only,Worker,,2,run_1785019538_28b5b9,,1337004012,disabled,,,
Agent_2,1,TALK_INTENT,,,,,,,0.4317970275878906,DAY_DISCUSS,0,jepa_only,Werewolf,,2,run_1785019538_28b5b9,,1337004012,disabled,,,
Agent_3,3,TALK_INTENT,,,,,,,0.1720457375049591,DAY_DISCUSS,0,jepa_only,Worker,,2,run_1785019538_28b5b9,,1337004012,disabled,,,
Agent_4,2,TALK_INTENT,,,,,,,0.2702183127403259,DAY_DISCUSS,0,jepa_only,Werewolf,,2,run_1785019538_28b5b9,,1337004012,disabled,,,
Agent_6,1,TALK_INTENT,,,,,,,0.11660865694284439,DAY_DISCUSS,0,jepa_only,Worker,,2,run_1785019538_28b5b9,,1337004012,disabled,,,
Agent_7,2,TALK_INTENT,,,,,,,0.22779437899589539,DAY_DISCUSS,0,jepa_only,Worker,,2,run_1785019538_28b5b9,,1337004012,disabled,,,
Agent_8,2,TALK_INTENT,,,,,,,0.19525566697120667,DAY_DISCUSS,0,jepa_only,Worker,,2,run_1785019538_28b5b9,,1337004012,disabled,,,
Agent_0,7,VOTE_TARGET,,0.002274,0.048331,,,6,0.39172276854515076,DAY_VOTE,1,jepa_only,Worker,,2,run_1785019538_28b5b9,,1337004012,disabled,Agent_7,0,
Agent_2,6,VOTE_TARGET,,0.000009,0.002378,,,6,0.4317970275878906,DAY_VOTE,1,jepa_only,Werewolf,,2,run_1785019538_28b5b9,,1337004012,disabled,Agent_6,0,
Agent_3,0,VOTE_TARGET,,0.000009,0.002375,,,6,0.1720457375049591,DAY_VOTE,1,jepa_only,Worker,,2,run_1785019538_28b5b9,,1337004012,disabled,Agent_0,0,
Agent_4,6,VOTE_TARGET,,0.000009,0.002378,,,6,0.2702183127403259,DAY_VOTE,1,jepa_only,Werewolf,,2,run_1785019538_28b5b9,,1337004012,disabled,Agent_6,0,
Agent_6,0,VOTE_TARGET,,0.000009,0.002375,,,6,0.11660865694284439,DAY_VOTE,1,jepa_only,Worker,,2,run_1785019538_28b5b9,,1337004012,disabled,Agent_0,0,
Agent_7,0,VOTE_TARGET,,0.000009,0.002375,,,6,0.22779437899589539,DAY_VOTE,1,jepa_only,Worker,,2,run_1785019538_28b5b9,,1337004012,disabled,Agent_0,0,
Agent_8,0,VOTE_TARGET,,0.002274,0.048331,,,6,0.19525566697120667,DAY_VOTE,1,jepa_only,Worker,,2,run_1785019538_28b5b9,,1337004012,disabled,Agent_0,0,
Agent_2,8,KILL_TARGET,,,,,,4,0.4317970275878906,NIGHT_KILL,2,jepa_only,Werewolf,,2,run_1785019538_28b5b9,,1337004012,disabled,,,
Agent_2,0,TALK_INTENT,,,,,,,0.4317970275878906,DAY_DISCUSS,0,jepa_only,Werewolf,,3,run_1785019538_28b5b9,,1337004012,disabled,,,
Agent_3,2,TALK_INTENT,,,,,,,0.1720457375049591,DAY_DISCUSS,0,jepa_only,Worker,,3,run_1785019538_28b5b9,,1337004012,disabled,,,
Agent_4,2,TALK_INTENT,,,,,,,0.2702183127403259,DAY_DISCUSS,0,jepa_only,Werewolf,,3,run_1785019538_28b5b9,,1337004012,disabled,,,
Agent_6,2,TALK_INTENT,,,,,,,0.11660865694284439,DAY_DISCUSS,0,jepa_only,Worker,,3,run_1785019538_28b5b9,,1337004012,disabled,,,
Agent_7,3,TALK_INTENT,,,,,,,0.22779437899589539,DAY_DISCUSS,0,jepa_only,Worker,,3,run_1785019538_28b5b9,,1337004012,disabled,,,
Agent_2,1,TALK_INTENT,,,,,,,0.4317970275878906,DAY_DISCUSS,0,jepa_only,Werewolf,,3,run_1785019538_28b5b9,,1337004012,disabled,,,
Agent_3,0,TALK_INTENT,,,,,,,0.1720457375049591,DAY_DISCUSS,0,jepa_only,Worker,,3,run_1785019538_28b5b9,,1337004012,disabled,,,
Agent_4,4,TALK_INTENT,,,,,,,0.2702183127403259,DAY_DISCUSS,0,jepa_only,Werewolf,,3,run_1785019538_28b5b9,,1337004012,disabled,,,
Agent_6,3,TALK_INTENT,,,,,,,0.11660865694284439,DAY_DISCUSS,0,jepa_only,Worker,,3,run_1785019538_28b5b9,,1337004012,disabled,,,
Agent_7,3,TALK_INTENT,,,,,,,0.22779437899589539,DAY_DISCUSS,0,jepa_only,Worker,,3,run_1785019538_28b5b9,,1337004012,disabled,,,
Agent_2,6,VOTE_TARGET,,0.000009,0.002390,,,4,0.4317970275878906,DAY_VOTE,1,jepa_only,Werewolf,,3,run_1785019538_28b5b9,,1337004012,disabled,Agent_6,0,
Agent_3,7,VOTE_TARGET,,0.000009,0.002374,,,4,0.1720457375049591,DAY_VOTE,1,jepa_only,Worker,,3,run_1785019538_28b5b9,,1337004012,disabled,Agent_7,0,
Agent_4,6,VOTE_TARGET,,0.000009,0.002390,,,4,0.2702183127403259,DAY_VOTE,1,jepa_only,Werewolf,,3,run_1785019538_28b5b9,,1337004012,disabled,Agent_6,0,
Agent_6,7,VOTE_TARGET,,0.000009,0.002374,,,4,0.11660865694284439,DAY_VOTE,1,jepa_only,Worker,,3,run_1785019538_28b5b9,,1337004012,disabled,Agent_7,0,
Agent_7,4,VOTE_TARGET,,0.002311,0.048852,,,4,0.22779437899589539,DAY_VOTE,1,jepa_only,Worker,,3,run_1785019538_28b5b9,,1337004012,disabled,Agent_4,1,
Agent_2,7,KILL_TARGET,,,,,,3,0.4317970275878906,NIGHT_KILL,2,jepa_only,Werewolf,,3,run_1785019538_28b5b9,,1337004012,disabled,,,
Agent_0,1,TALK_INTENT,,,,,,,0.39172276854515076,DAY_DISCUSS,0,jepa_only,Worker,,1,run_1785019544_096d71,,1337013985,disabled,,,
Agent_1,2,TALK_INTENT,,,,,,,0.21732454001903534,DAY_DISCUSS,0,jepa_only,Worker,,1,run_1785019544_096d71,,1337013985,disabled,,,
Agent_2,4,TALK_INTENT,,,,,,,0.4317970275878906,DAY_DISCUSS,0,jepa_only,Worker,,1,run_1785019544_096d71,,1337013985,disabled,,,
Agent_3,3,TALK_INTENT,,,,,,,0.1720457375049591,DAY_DISCUSS,0,jepa_only,Worker,,1,run_1785019544_096d71,,1337013985,disabled,,,
Agent_4,4,TALK_INTENT,,,,,,,0.2702183127403259,DAY_DISCUSS,0,jepa_only,Werewolf,,1,run_1785019544_096d71,,1337013985,disabled,,,
Agent_5,2,TALK_INTENT,,,,,,,0.35103756189346313,DAY_DISCUSS,0,jepa_only,Werewolf,,1,run_1785019544_096d71,,1337013985,disabled,,,
Agent_6,0,TALK_INTENT,,,,,,,0.11660865694284439,DAY_DISCUSS,0,jepa_only,Worker,,1,run_1785019544_096d71,,1337013985,disabled,,,
Agent_7,0,TALK_INTENT,,,,,,,0.22779437899589539,DAY_DISCUSS,0,jepa_only,Worker,,1,run_1785019544_096d71,,1337013985,disabled,,,
Agent_8,1,TALK_INTENT,,,,,,,0.19525566697120667,DAY_DISCUSS,0,jepa_only,Worker,,1,run_1785019544_096d71,,1337013985,disabled,,,
Agent_0,3,TALK_INTENT,,,,,,,0.39172276854515076,DAY_DISCUSS,0,jepa_only,Worker,,1,run_1785019544_096d71,,1337013985,disabled,,,
Agent_1,3,TALK_INTENT,,,,,,,0.21732454001903534,DAY_DISCUSS,0,jepa_only,Worker,,1,run_1785019544_096d71,,1337013985,disabled,,,
Agent_2,4,TALK_INTENT,,,,,,,0.4317970275878906,DAY_DISCUSS,0,jepa_only,Worker,,1,run_1785019544_096d71,,1337013985,disabled,,,
Agent_3,2,TALK_INTENT,,,,,,,0.1720457375049591,DAY_DISCUSS,0,jepa_only,Worker,,1,run_1785019544_096d71,,1337013985,disabled,,,
Agent_4,1,TALK_INTENT,,,,,,,0.2702183127403259,DAY_DISCUSS,0,jepa_only,Werewolf,,1,run_1785019544_096d71,,1337013985,disabled,,,
Agent_5,1,TALK_INTENT,,,,,,,0.35103756189346313,DAY_DISCUSS,0,jepa_only,Werewolf,,1,run_1785019544_096d71,,1337013985,disabled,,,
Agent_6,2,TALK_INTENT,,,,,,,0.11660865694284439,DAY_DISCUSS,0,jepa_only,Worker,,1,run_1785019544_096d71,,1337013985,disabled,,,
Agent_7,0,TALK_INTENT,,,,,,,0.22779437899589539,DAY_DISCUSS,0,jepa_only,Worker,,1,run_1785019544_096d71,,1337013985,disabled,,,
Agent_8,2,TALK_INTENT,,,,,,,0.19525566697120667,DAY_DISCUSS,0,jepa_only,Worker,,1,run_1785019544_096d71,,1337013985,disabled,,,
Agent_0,5,VOTE_TARGET,,0.000009,0.002387,,,8,0.39172276854515076,DAY_VOTE,1,jepa_only,Worker,,1,run_1785019544_096d71,,1337013985,disabled,Agent_5,1,
Agent_1,5,VOTE_TARGET,,0.002248,0.047863,,,8,0.21732454001903534,DAY_VOTE,1,jepa_only,Worker,,1,run_1785019544_096d71,,1337013985,disabled,Agent_5,1,
Agent_2,5,VOTE_TARGET,,0.000009,0.002387,,,8,0.4317970275878906,DAY_VOTE,1,jepa_only,Worker,,1,run_1785019544_096d71,,1337013985,disabled,Agent_5,1,
Agent_3,5,VOTE_TARGET,,0.000009,0.002387,,,8,0.1720457375049591,DAY_VOTE,1,jepa_only,Worker,,1,run_1785019544_096d71,,1337013985,disabled,Agent_5,1,
Agent_4,6,VOTE_TARGET,,0.000009,0.002406,,,8,0.2702183127403259,DAY_VOTE,1,jepa_only,Werewolf,,1,run_1785019544_096d71,,1337013985,disabled,Agent_6,0,
Agent_5,6,VOTE_TARGET,,0.002248,0.047863,,,8,0.35103756189346313,DAY_VOTE,1,jepa_only,Werewolf,,1,run_1785019544_096d71,,1337013985,disabled,Agent_6,0,
Agent_6,5,VOTE_TARGET,,0.000009,0.002387,,,8,0.11660865694284439,DAY_VOTE,1,jepa_only,Worker,,1,run_1785019544_096d71,,1337013985,disabled,Agent_5,1,
Agent_7,5,VOTE_TARGET,,0.000009,0.002387,,,8,0.22779437899589539,DAY_VOTE,1,jepa_only,Worker,,1,run_1785019544_096d71,,1337013985,disabled,Agent_5,1,
Agent_8,5,VOTE_TARGET,,0.000009,0.002387,,,8,0.19525566697120667,DAY_VOTE,1,jepa_only,Worker,,1,run_1785019544_096d71,,1337013985,disabled,Agent_5,1,
Agent_4,1,KILL_TARGET,,,,,,7,0.2702183127403259,NIGHT_KILL,2,jepa_only,Werewolf,,1,run_1785019544_096d71,,1337013985,disabled,,,
Agent_0,1,TALK_INTENT,,,,,,,0.39172276854515076,DAY_DISCUSS,0,jepa_only,Worker,,2,run_1785019544_096d71,,1337013985,disabled,,,
Agent_2,2,TALK_INTENT,,,,,,,0.4317970275878906,DAY_DISCUSS,0,jepa_only,Worker,,2,run_1785019544_096d71,,1337013985,disabled,,,
Agent_3,0,TALK_INTENT,,,,,,,0.1720457375049591,DAY_DISCUSS,0,jepa_only,Worker,,2,run_1785019544_096d71,,1337013985,disabled,,,
Agent_4,3,TALK_INTENT,,,,,,,0.2702183127403259,DAY_DISCUSS,0,jepa_only,Werewolf,,2,run_1785019544_096d71,,1337013985,disabled,,,
Agent_6,2,TALK_INTENT,,,,,,,0.11660865694284439,DAY_DISCUSS,0,jepa_only,Worker,,2,run_1785019544_096d71,,1337013985,disabled,,,
Agent_7,1,TALK_INTENT,,,,,,,0.22779437899589539,DAY_DISCUSS,0,jepa_only,Worker,,2,run_1785019544_096d71,,1337013985,disabled,,,
Agent_8,1,TALK_INTENT,,,,,,,0.19525566697120667,DAY_DISCUSS,0,jepa_only,Worker,,2,run_1785019544_096d71,,1337013985,disabled,,,
Agent_0,0,TALK_INTENT,,,,,,,0.39172276854515076,DAY_DISCUSS,0,jepa_only,Worker,,2,run_1785019544_096d71,,1337013985,disabled,,,
Agent_2,3,TALK_INTENT,,,,,,,0.4317970275878906,DAY_DISCUSS,0,jepa_only,Worker,,2,run_1785019544_096d71,,1337013985,disabled,,,
Agent_3,4,TALK_INTENT,,,,,,,0.1720457375049591,DAY_DISCUSS,0,jepa_only,Worker,,2,run_1785019544_096d71,,1337013985,disabled,,,
Agent_4,1,TALK_INTENT,,,,,,,0.2702183127403259,DAY_DISCUSS,0,jepa_only,Werewolf,,2,run_1785019544_096d71,,1337013985,disabled,,,
Agent_6,3,TALK_INTENT,,,,,,,0.11660865694284439,DAY_DISCUSS,0,jepa_only,Worker,,2,run_1785019544_096d71,,1337013985,disabled,,,
Agent_7,2,TALK_INTENT,,,,,,,0.22779437899589539,DAY_DISCUSS,0,jepa_only,Worker,,2,run_1785019544_096d71,,1337013985,disabled,,,
Agent_8,1,TALK_INTENT,,,,,,,0.19525566697120667,DAY_DISCUSS,0,jepa_only,Worker,,2,run_1785019544_096d71,,1337013985,disabled,,,
Agent_0,7,VOTE_TARGET,,0.002274,0.048331,,,6,0.39172276854515076,DAY_VOTE,1,jepa_only,Worker,,2,run_1785019544_096d71,,1337013985,disabled,Agent_7,0,
Agent_2,0,VOTE_TARGET,,0.002274,0.048331,,,6,0.4317970275878906,DAY_VOTE,1,jepa_only,Worker,,2,run_1785019544_096d71,,1337013985,disabled,Agent_0,0,
Agent_3,0,VOTE_TARGET,,0.000009,0.002375,,,6,0.1720457375049591,DAY_VOTE,1,jepa_only,Worker,,2,run_1785019544_096d71,,1337013985,disabled,Agent_0,0,
Agent_4,6,VOTE_TARGET,,0.000009,0.002378,,,6,0.2702183127403259,DAY_VOTE,1,jepa_only,Werewolf,,2,run_1785019544_096d71,,1337013985,disabled,Agent_6,0,
Agent_6,0,VOTE_TARGET,,0.000009,0.002375,,,6,0.11660865694284439,DAY_VOTE,1,jepa_only,Worker,,2,run_1785019544_096d71,,1337013985,disabled,Agent_0,0,
Agent_7,0,VOTE_TARGET,,0.000009,0.002375,,,6,0.22779437899589539,DAY_VOTE,1,jepa_only,Worker,,2,run_1785019544_096d71,,1337013985,disabled,Agent_0,0,
Agent_8,0,VOTE_TARGET,,0.000009,0.002375,,,6,0.19525566697120667,DAY_VOTE,1,jepa_only,Worker,,2,run_1785019544_096d71,,1337013985,disabled,Agent_0,0,
Agent_4,2,KILL_TARGET,,,,,,5,0.2702183127403259,NIGHT_KILL,2,jepa_only,Werewolf,,2,run_1785019544_096d71,,1337013985,disabled,,,
Agent_3,2,TALK_INTENT,,,,,,,0.1720457375049591,DAY_DISCUSS,0,jepa_only,Worker,,3,run_1785019544_096d71,,1337013985,disabled,,,
Agent_4,0,TALK_INTENT,,,,,,,0.2702183127403259,DAY_DISCUSS,0,jepa_only,Werewolf,,3,run_1785019544_096d71,,1337013985,disabled,,,
Agent_6,2,TALK_INTENT,,,,,,,0.11660865694284439,DAY_DISCUSS,0,jepa_only,Worker,,3,run_1785019544_096d71,,1337013985,disabled,,,
Agent_7,3,TALK_INTENT,,,,,,,0.22779437899589539,DAY_DISCUSS,0,jepa_only,Worker,,3,run_1785019544_096d71,,1337013985,disabled,,,
Agent_8,1,TALK_INTENT,,,,,,,0.19525566697120667,DAY_DISCUSS,0,jepa_only,Worker,,3,run_1785019544_096d71,,1337013985,disabled,,,
Agent_3,2,TALK_INTENT,,,,,,,0.1720457375049591,DAY_DISCUSS,0,jepa_only,Worker,,3,run_1785019544_096d71,,1337013985,disabled,,,
Agent_4,3,TALK_INTENT,,,,,,,0.2702183127403259,DAY_DISCUSS,0,jepa_only,Werewolf,,3,run_1785019544_096d71,,1337013985,disabled,,,
Agent_6,3,TALK_INTENT,,,,,,,0.11660865694284439,DAY_DISCUSS,0,jepa_only,Worker,,3,run_1785019544_096d71,,1337013985,disabled,,,
Agent_7,3,TALK_INTENT,,,,,,,0.22779437899589539,DAY_DISCUSS,0,jepa_only,Worker,,3,run_1785019544_096d71,,1337013985,disabled,,,
Agent_8,3,TALK_INTENT,,,,,,,0.19525566697120667,DAY_DISCUSS,0,jepa_only,Worker,,3,run_1785019544_096d71,,1337013985,disabled,,,
Agent_3,7,VOTE_TARGET,,0.000009,0.002374,,,4,0.1720457375049591,DAY_VOTE,1,jepa_only,Worker,,3,run_1785019544_096d71,,1337013985,disabled,Agent_7,0,
Agent_4,6,VOTE_TARGET,,0.000009,0.002390,,,4,0.2702183127403259,DAY_VOTE,1,jepa_only,Werewolf,,3,run_1785019544_096d71,,1337013985,disabled,Agent_6,0,
Agent_6,7,VOTE_TARGET,,0.000009,0.002374,,,4,0.11660865694284439,DAY_VOTE,1,jepa_only,Worker,,3,run_1785019544_096d71,,1337013985,disabled,Agent_7,0,
Agent_7,8,VOTE_TARGET,,0.002311,0.048852,,,4,0.22779437899589539,DAY_VOTE,1,jepa_only,Worker,,3,run_1785019544_096d71,,1337013985,disabled,Agent_8,0,
Agent_8,7,VOTE_TARGET,,0.002311,0.048852,,,4,0.19525566697120667,DAY_VOTE,1,jepa_only,Worker,,3,run_1785019544_096d71,,1337013985,disabled,Agent_7,0,
Agent_4,8,KILL_TARGET,,,,,,3,0.2702183127403259,NIGHT_KILL,2,jepa_only,Werewolf,,3,run_1785019544_096d71,,1337013985,disabled,,,
Agent_3,4,TALK_INTENT,,,,,,,0.1720457375049591,DAY_DISCUSS,0,jepa_only,Worker,,4,run_1785019544_096d71,,1337013985,disabled,,,
Agent_4,0,TALK_INTENT,,,,,,,0.2702183127403259,DAY_DISCUSS,0,jepa_only,Werewolf,,4,run_1785019544_096d71,,1337013985,disabled,,,
Agent_6,4,TALK_INTENT,,,,,,,0.11660865694284439,DAY_DISCUSS,0,jepa_only,Worker,,4,run_1785019544_096d71,,1337013985,disabled,,,
Agent_3,4,TALK_INTENT,,,,,,,0.1720457375049591,DAY_DISCUSS,0,jepa_only,Worker,,4,run_1785019544_096d71,,1337013985,disabled,,,
Agent_4,3,TALK_INTENT,,,,,,,0.2702183127403259,DAY_DISCUSS,0,jepa_only,Werewolf,,4,run_1785019544_096d71,,1337013985,disabled,,,
Agent_6,2,TALK_INTENT,,,,,,,0.11660865694284439,DAY_DISCUSS,0,jepa_only,Worker,,4,run_1785019544_096d71,,1337013985,disabled,,,
Agent_3,4,VOTE_TARGET,,0.000009,0.002436,,,2,0.1720457375049591,DAY_VOTE,1,jepa_only,Worker,,4,run_1785019544_096d71,,1337013985,disabled,Agent_4,1,
Agent_4,6,VOTE_TARGET,,0.002360,0.049435,,,2,0.2702183127403259,DAY_VOTE,1,jepa_only,Werewolf,,4,run_1785019544_096d71,,1337013985,disabled,Agent_6,0,
Agent_6,4,VOTE_TARGET,,0.000009,0.002436,,,2,0.11660865694284439,DAY_VOTE,1,jepa_only,Worker,,4,run_1785019544_096d71,,1337013985,disabled,Agent_4,1,
Agent_0,1,TALK_INTENT,,,,,,,0.39172276854515076,DAY_DISCUSS,0,jepa_only,Worker,,1,run_1785019549_e89e8d,,1337023958,disabled,,,
Agent_1,4,TALK_INTENT,,,,,,,0.21732454001903534,DAY_DISCUSS,0,jepa_only,Werewolf,,1,run_1785019549_e89e8d,,1337023958,disabled,,,
Agent_2,0,TALK_INTENT,,,,,,,0.4317970275878906,DAY_DISCUSS,0,jepa_only,Worker,,1,run_1785019549_e89e8d,,1337023958,disabled,,,
Agent_3,4,TALK_INTENT,,,,,,,0.1720457375049591,DAY_DISCUSS,0,jepa_only,Worker,,1,run_1785019549_e89e8d,,1337023958,disabled,,,
Agent_4,2,TALK_INTENT,,,,,,,0.2702183127403259,DAY_DISCUSS,0,jepa_only,Worker,,1,run_1785019549_e89e8d,,1337023958,disabled,,,
Agent_5,3,TALK_INTENT,,,,,,,0.35103756189346313,DAY_DISCUSS,0,jepa_only,Worker,,1,run_1785019549_e89e8d,,1337023958,disabled,,,
Agent_6,1,TALK_INTENT,,,,,,,0.11660865694284439,DAY_DISCUSS,0,jepa_only,Worker,,1,run_1785019549_e89e8d,,1337023958,disabled,,,
Agent_7,2,TALK_INTENT,,,,,,,0.22779437899589539,DAY_DISCUSS,0,jepa_only,Werewolf,,1,run_1785019549_e89e8d,,1337023958,disabled,,,
Agent_8,4,TALK_INTENT,,,,,,,0.19525566697120667,DAY_DISCUSS,0,jepa_only,Worker,,1,run_1785019549_e89e8d,,1337023958,disabled,,,
Agent_0,4,TALK_INTENT,,,,,,,0.39172276854515076,DAY_DISCUSS,0,jepa_only,Worker,,1,run_1785019549_e89e8d,,1337023958,disabled,,,
Agent_1,4,TALK_INTENT,,,,,,,0.21732454001903534,DAY_DISCUSS,0,jepa_only,Werewolf,,1,run_1785019549_e89e8d,,1337023958,disabled,,,
Agent_2,3,TALK_INTENT,,,,,,,0.4317970275878906,DAY_DISCUSS,0,jepa_only,Worker,,1,run_1785019549_e89e8d,,1337023958,disabled,,,
Agent_3,2,TALK_INTENT,,,,,,,0.1720457375049591,DAY_DISCUSS,0,jepa_only,Worker,,1,run_1785019549_e89e8d,,1337023958,disabled,,,
Agent_4,1,TALK_INTENT,,,,,,,0.2702183127403259,DAY_DISCUSS,0,jepa_only,Worker,,1,run_1785019549_e89e8d,,1337023958,disabled,,,
Agent_5,4,TALK_INTENT,,,,,,,0.35103756189346313,DAY_DISCUSS,0,jepa_only,Worker,,1,run_1785019549_e89e8d,,1337023958,disabled,,,
Agent_6,4,TALK_INTENT,,,,,,,0.11660865694284439,DAY_DISCUSS,0,jepa_only,Worker,,1,run_1785019549_e89e8d,,1337023958,disabled,,,
Agent_7,1,TALK_INTENT,,,,,,,0.22779437899589539,DAY_DISCUSS,0,jepa_only,Werewolf,,1,run_1785019549_e89e8d,,1337023958,disabled,,,
Agent_8,2,TALK_INTENT,,,,,,,0.19525566697120667,DAY_DISCUSS,0,jepa_only,Worker,,1,run_1785019549_e89e8d,,1337023958,disabled,,,
Agent_0,5,VOTE_TARGET,,0.000009,0.002387,,,8,0.39172276854515076,DAY_VOTE,1,jepa_only,Worker,,1,run_1785019549_e89e8d,,1337023958,disabled,Agent_5,0,
Agent_1,6,VOTE_TARGET,,0.000009,0.002406,,,8,0.21732454001903534,DAY_VOTE,1,jepa_only,Werewolf,,1,run_1785019549_e89e8d,,1337023958,disabled,Agent_6,0,
Agent_2,5,VOTE_TARGET,,0.002248,0.047863,,,8,0.4317970275878906,DAY_VOTE,1,jepa_only,Worker,,1,run_1785019549_e89e8d,,1337023958,disabled,Agent_5,0,
Agent_3,5,VOTE_TARGET,,0.000009,0.002387,,,8,0.1720457375049591,DAY_VOTE,1,jepa_only,Worker,,1,run_1785019549_e89e8d,,1337023958,disabled,Agent_5,0,
Agent_4,5,VOTE_TARGET,,0.000009,0.002387,,,8,0.2702183127403259,DAY_VOTE,1,jepa_only,Worker,,1,run_1785019549_e89e8d,,1337023958,disabled,Agent_5,0,
Agent_5,0,VOTE_TARGET,,0.002248,0.047863,,,8,0.35103756189346313,DAY_VOTE,1,jepa_only,Worker,,1,run_1785019549_e89e8d,,1337023958,disabled,Agent_0,0,
Agent_6,5,VOTE_TARGET,,0.000009,0.002387,,,8,0.11660865694284439,DAY_VOTE,1,jepa_only,Worker,,1,run_1785019549_e89e8d,,1337023958,disabled,Agent_5,0,
Agent_7,6,VOTE_TARGET,,0.000009,0.002406,,,8,0.22779437899589539,DAY_VOTE,1,jepa_only,Werewolf,,1,run_1785019549_e89e8d,,1337023958,disabled,Agent_6,0,
Agent_8,5,VOTE_TARGET,,0.000009,0.002387,,,8,0.19525566697120667,DAY_VOTE,1,jepa_only,Worker,,1,run_1785019549_e89e8d,,1337023958,disabled,Agent_5,0,
Agent_1,2,KILL_TARGET,,,,,,6,0.21732454001903534,NIGHT_KILL,2,jepa_only,Werewolf,,1,run_1785019549_e89e8d,,1337023958,disabled,,,
Agent_0,3,TALK_INTENT,,,,,,,0.39172276854515076,DAY_DISCUSS,0,jepa_only,Worker,,2,run_1785019549_e89e8d,,1337023958,disabled,,,
Agent_1,1,TALK_INTENT,,,,,,,0.21732454001903534,DAY_DISCUSS,0,jepa_only,Werewolf,,2,run_1785019549_e89e8d,,1337023958,disabled,,,
Agent_3,0,TALK_INTENT,,,,,,,0.1720457375049591,DAY_DISCUSS,0,jepa_only,Worker,,2,run_1785019549_e89e8d,,1337023958,disabled,,,
Agent_4,1,TALK_INTENT,,,,,,,0.2702183127403259,DAY_DISCUSS,0,jepa_only,Worker,,2,run_1785019549_e89e8d,,1337023958,disabled,,,
Agent_6,2,TALK_INTENT,,,,,,,0.11660865694284439,DAY_DISCUSS,0,jepa_only,Worker,,2,run_1785019549_e89e8d,,1337023958,disabled,,,
Agent_7,2,TALK_INTENT,,,,,,,0.22779437899589539,DAY_DISCUSS,0,jepa_only,Werewolf,,2,run_1785019549_e89e8d,,1337023958,disabled,,,
Agent_8,4,TALK_INTENT,,,,,,,0.19525566697120667,DAY_DISCUSS,0,jepa_only,Worker,,2,run_1785019549_e89e8d,,1337023958,disabled,,,
Agent_0,1,TALK_INTENT,,,,,,,0.39172276854515076,DAY_DISCUSS,0,jepa_only,Worker,,2,run_1785019549_e89e8d,,1337023958,disabled,,,
Agent_1,2,TALK_INTENT,,,,,,,0.21732454001903534,DAY_DISCUSS,0,jepa_only,Werewolf,,2,run_1785019549_e89e8d,,1337023958,disabled,,,
Agent_3,4,TALK_INTENT,,,,,,,0.1720457375049591,DAY_DISCUSS,0,jepa_only,Worker,,2,run_1785019549_e89e8d,,1337023958,disabled,,,
Agent_4,0,TALK_INTENT,,,,,,,0.2702183127403259,DAY_DISCUSS,0,jepa_only,Worker,,2,run_1785019549_e89e8d,,1337023958,disabled,,,
Agent_6,4,TALK_INTENT,,,,,,,0.11660865694284439,DAY_DISCUSS,0,jepa_only,Worker,,2,run_1785019549_e89e8d,,1337023958,disabled,,,
Agent_7,1,TALK_INTENT,,,,,,,0.22779437899589539,DAY_DISCUSS,0,jepa_only,Werewolf,,2,run_1785019549_e89e8d,,1337023958,disabled,,,
Agent_8,2,TALK_INTENT,,,,,,,0.19525566697120667,DAY_DISCUSS,0,jepa_only,Worker,,2,run_1785019549_e89e8d,,1337023958,disabled,,,
Agent_0,7,VOTE_TARGET,,0.002274,0.048331,,,6,0.39172276854515076,DAY_VOTE,1,jepa_only,Worker,,2,run_1785019549_e89e8d,,1337023958,disabled,Agent_7,1,
Agent_1,6,VOTE_TARGET,,0.000009,0.002378,,,6,0.21732454001903534,DAY_VOTE,1,jepa_only,Werewolf,,2,run_1785019549_e89e8d,,1337023958,disabled,Agent_6,0,
Agent_3,0,VOTE_TARGET,,0.000009,0.002375,,,6,0.1720457375049591,DAY_VOTE,1,jepa_only,Worker,,2,run_1785019549_e89e8d,,1337023958,disabled,Agent_0,0,
Agent_4,0,VOTE_TARGET,,0.000009,0.002375,,,6,0.2702183127403259,DAY_VOTE,1,jepa_only,Worker,,2,run_1785019549_e89e8d,,1337023958,disabled,Agent_0,0,
Agent_6,0,VOTE_TARGET,,0.000009,0.002375,,,6,0.11660865694284439,DAY_VOTE,1,jepa_only,Worker,,2,run_1785019549_e89e8d,,1337023958,disabled,Agent_0,0,
Agent_7,6,VOTE_TARGET,,0.000009,0.002378,,,6,0.22779437899589539,DAY_VOTE,1,jepa_only,Werewolf,,2,run_1785019549_e89e8d,,1337023958,disabled,Agent_6,0,
Agent_8,0,VOTE_TARGET,,0.002274,0.048331,,,6,0.19525566697120667,DAY_VOTE,1,jepa_only,Worker,,2,run_1785019549_e89e8d,,1337023958,disabled,Agent_0,0,
Agent_1,8,KILL_TARGET,,,,,,4,0.21732454001903534,NIGHT_KILL,2,jepa_only,Werewolf,,2,run_1785019549_e89e8d,,1337023958,disabled,,,
Agent_1,2,TALK_INTENT,,,,,,,0.21732454001903534,DAY_DISCUSS,0,jepa_only,Werewolf,,3,run_1785019549_e89e8d,,1337023958,disabled,,,
Agent_3,2,TALK_INTENT,,,,,,,0.1720457375049591,DAY_DISCUSS,0,jepa_only,Worker,,3,run_1785019549_e89e8d,,1337023958,disabled,,,
Agent_4,2,TALK_INTENT,,,,,,,0.2702183127403259,DAY_DISCUSS,0,jepa_only,Worker,,3,run_1785019549_e89e8d,,1337023958,disabled,,,
Agent_6,2,TALK_INTENT,,,,,,,0.11660865694284439,DAY_DISCUSS,0,jepa_only,Worker,,3,run_1785019549_e89e8d,,1337023958,disabled,,,
Agent_7,2,TALK_INTENT,,,,,,,0.22779437899589539,DAY_DISCUSS,0,jepa_only,Werewolf,,3,run_1785019549_e89e8d,,1337023958,disabled,,,
Agent_1,0,TALK_INTENT,,,,,,,0.21732454001903534,DAY_DISCUSS,0,jepa_only,Werewolf,,3,run_1785019549_e89e8d,,1337023958,disabled,,,
Agent_3,4,TALK_INTENT,,,,,,,0.1720457375049591,DAY_DISCUSS,0,jepa_only,Worker,,3,run_1785019549_e89e8d,,1337023958,disabled,,,
Agent_4,4,TALK_INTENT,,,,,,,0.2702183127403259,DAY_DISCUSS,0,jepa_only,Worker,,3,run_1785019549_e89e8d,,1337023958,disabled,,,
Agent_6,2,TALK_INTENT,,,,,,,0.11660865694284439,DAY_DISCUSS,0,jepa_only,Worker,,3,run_1785019549_e89e8d,,1337023958,disabled,,,
Agent_7,4,TALK_INTENT,,,,,,,0.22779437899589539,DAY_DISCUSS,0,jepa_only,Werewolf,,3,run_1785019549_e89e8d,,1337023958,disabled,,,
Agent_1,6,VOTE_TARGET,,0.000009,0.002390,,,4,0.21732454001903534,DAY_VOTE,1,jepa_only,Werewolf,,3,run_1785019549_e89e8d,,1337023958,disabled,Agent_6,0,
Agent_3,7,VOTE_TARGET,,0.002311,0.048852,,,4,0.1720457375049591,DAY_VOTE,1,jepa_only,Worker,,3,run_1785019549_e89e8d,,1337023958,disabled,Agent_7,1,
Agent_4,7,VOTE_TARGET,,0.000009,0.002374,,,4,0.2702183127403259,DAY_VOTE,1,jepa_only,Worker,,3,run_1785019549_e89e8d,,1337023958,disabled,Agent_7,1,
Agent_6,7,VOTE_TARGET,,0.000009,0.002374,,,4,0.11660865694284439,DAY_VOTE,1,jepa_only,Worker,,3,run_1785019549_e89e8d,,1337023958,disabled,Agent_7,1,
Agent_7,6,VOTE_TARGET,,0.002306,0.048805,,,4,0.22779437899589539,DAY_VOTE,1,jepa_only,Werewolf,,3,run_1785019549_e89e8d,,1337023958,disabled,Agent_6,0,
Agent_1,3,KILL_TARGET,,,,,,3,0.21732454001903534,NIGHT_KILL,2,jepa_only,Werewolf,,3,run_1785019549_e89e8d,,1337023958,disabled,,,
Agent_1,0,TALK_INTENT,,,,,,,0.21732454001903534,DAY_DISCUSS,0,jepa_only,Werewolf,,4,run_1785019549_e89e8d,,1337023958,disabled,,,
Agent_4,3,TALK_INTENT,,,,,,,0.2702183127403259,DAY_DISCUSS,0,jepa_only,Worker,,4,run_1785019549_e89e8d,,1337023958,disabled,,,
Agent_6,0,TALK_INTENT,,,,,,,0.11660865694284439,DAY_DISCUSS,0,jepa_only,Worker,,4,run_1785019549_e89e8d,,1337023958,disabled,,,
Agent_1,0,TALK_INTENT,,,,,,,0.21732454001903534,DAY_DISCUSS,0,jepa_only,Werewolf,,4,run_1785019549_e89e8d,,1337023958,disabled,,,
Agent_4,1,TALK_INTENT,,,,,,,0.2702183127403259,DAY_DISCUSS,0,jepa_only,Worker,,4,run_1785019549_e89e8d,,1337023958,disabled,,,
Agent_6,0,TALK_INTENT,,,,,,,0.11660865694284439,DAY_DISCUSS,0,jepa_only,Worker,,4,run_1785019549_e89e8d,,1337023958,disabled,,,
Agent_1,6,VOTE_TARGET,,0.002360,0.049435,,,2,0.21732454001903534,DAY_VOTE,1,jepa_only,Werewolf,,4,run_1785019549_e89e8d,,1337023958,disabled,Agent_6,0,
Agent_4,1,VOTE_TARGET,,0.000009,0.002436,,,2,0.2702183127403259,DAY_VOTE,1,jepa_only,Worker,,4,run_1785019549_e89e8d,,1337023958,disabled,Agent_1,1,
Agent_6,1,VOTE_TARGET,,0.000009,0.002436,,,2,0.11660865694284439,DAY_VOTE,1,jepa_only,Worker,,4,run_1785019549_e89e8d,,1337023958,disabled,Agent_1,1,
Agent_0,1,TALK_INTENT,,,,,,,0.39172276854515076,DAY_DISCUSS,0,jepa_only,Worker,,1,run_1785019554_6fc1c7,,1337033931,disabled,,,
Agent_1,2,TALK_INTENT,,,,,,,0.21732454001903534,DAY_DISCUSS,0,jepa_only,Worker,,1,run_1785019554_6fc1c7,,1337033931,disabled,,,
Agent_2,0,TALK_INTENT,,,,,,,0.4317970275878906,DAY_DISCUSS,0,jepa_only,Worker,,1,run_1785019554_6fc1c7,,1337033931,disabled,,,
Agent_3,4,TALK_INTENT,,,,,,,0.1720457375049591,DAY_DISCUSS,0,jepa_only,Werewolf,,1,run_1785019554_6fc1c7,,1337033931,disabled,,,
Agent_4,3,TALK_INTENT,,,,,,,0.2702183127403259,DAY_DISCUSS,0,jepa_only,Worker,,1,run_1785019554_6fc1c7,,1337033931,disabled,,,
Agent_5,3,TALK_INTENT,,,,,,,0.35103756189346313,DAY_DISCUSS,0,jepa_only,Werewolf,,1,run_1785019554_6fc1c7,,1337033931,disabled,,,
Agent_6,3,TALK_INTENT,,,,,,,0.11660865694284439,DAY_DISCUSS,0,jepa_only,Worker,,1,run_1785019554_6fc1c7,,1337033931,disabled,,,
Agent_7,1,TALK_INTENT,,,,,,,0.22779437899589539,DAY_DISCUSS,0,jepa_only,Worker,,1,run_1785019554_6fc1c7,,1337033931,disabled,,,
Agent_8,0,TALK_INTENT,,,,,,,0.19525566697120667,DAY_DISCUSS,0,jepa_only,Worker,,1,run_1785019554_6fc1c7,,1337033931,disabled,,,
Agent_0,1,TALK_INTENT,,,,,,,0.39172276854515076,DAY_DISCUSS,0,jepa_only,Worker,,1,run_1785019554_6fc1c7,,1337033931,disabled,,,
Agent_1,0,TALK_INTENT,,,,,,,0.21732454001903534,DAY_DISCUSS,0,jepa_only,Worker,,1,run_1785019554_6fc1c7,,1337033931,disabled,,,
Agent_2,4,TALK_INTENT,,,,,,,0.4317970275878906,DAY_DISCUSS,0,jepa_only,Worker,,1,run_1785019554_6fc1c7,,1337033931,disabled,,,
Agent_3,0,TALK_INTENT,,,,,,,0.1720457375049591,DAY_DISCUSS,0,jepa_only,Werewolf,,1,run_1785019554_6fc1c7,,1337033931,disabled,,,
Agent_4,2,TALK_INTENT,,,,,,,0.2702183127403259,DAY_DISCUSS,0,jepa_only,Worker,,1,run_1785019554_6fc1c7,,1337033931,disabled,,,
Agent_5,0,TALK_INTENT,,,,,,,0.35103756189346313,DAY_DISCUSS,0,jepa_only,Werewolf,,1,run_1785019554_6fc1c7,,1337033931,disabled,,,
Agent_6,2,TALK_INTENT,,,,,,,0.11660865694284439,DAY_DISCUSS,0,jepa_only,Worker,,1,run_1785019554_6fc1c7,,1337033931,disabled,,,
Agent_7,0,TALK_INTENT,,,,,,,0.22779437899589539,DAY_DISCUSS,0,jepa_only,Worker,,1,run_1785019554_6fc1c7,,1337033931,disabled,,,
Agent_8,3,TALK_INTENT,,,,,,,0.19525566697120667,DAY_DISCUSS,0,jepa_only,Worker,,1,run_1785019554_6fc1c7,,1337033931,disabled,,,
Agent_0,5,VOTE_TARGET,,0.000009,0.002387,,,8,0.39172276854515076,DAY_VOTE,1,jepa_only,Worker,,1,run_1785019554_6fc1c7,,1337033931,disabled,Agent_5,1,
Agent_1,5,VOTE_TARGET,,0.002248,0.047863,,,8,0.21732454001903534,DAY_VOTE,1,jepa_only,Worker,,1,run_1785019554_6fc1c7,,1337033931,disabled,Agent_5,1,
Agent_2,5,VOTE_TARGET,,0.000009,0.002387,,,8,0.4317970275878906,DAY_VOTE,1,jepa_only,Worker,,1,run_1785019554_6fc1c7,,1337033931,disabled,Agent_5,1,
Agent_3,6,VOTE_TARGET,,0.000009,0.002406,,,8,0.1720457375049591,DAY_VOTE,1,jepa_only,Werewolf,,1,run_1785019554_6fc1c7,,1337033931,disabled,Agent_6,0,
Agent_4,5,VOTE_TARGET,,0.000009,0.002387,,,8,0.2702183127403259,DAY_VOTE,1,jepa_only,Worker,,1,run_1785019554_6fc1c7,,1337033931,disabled,Agent_5,1,
Agent_5,6,VOTE_TARGET,,0.002248,0.047863,,,8,0.35103756189346313,DAY_VOTE,1,jepa_only,Werewolf,,1,run_1785019554_6fc1c7,,1337033931,disabled,Agent_6,0,
Agent_6,5,VOTE_TARGET,,0.000009,0.002387,,,8,0.11660865694284439,DAY_VOTE,1,jepa_only,Worker,,1,run_1785019554_6fc1c7,,1337033931,disabled,Agent_5,1,
Agent_7,5,VOTE_TARGET,,0.000009,0.002387,,,8,0.22779437899589539,DAY_VOTE,1,jepa_only,Worker,,1,run_1785019554_6fc1c7,,1337033931,disabled,Agent_5,1,
Agent_8,5,VOTE_TARGET,,0.000009,0.002387,,,8,0.19525566697120667,DAY_VOTE,1,jepa_only,Worker,,1,run_1785019554_6fc1c7,,1337033931,disabled,Agent_5,1,
Agent_3,1,KILL_TARGET,,,,,,7,0.1720457375049591,NIGHT_KILL,2,jepa_only,Werewolf,,1,run_1785019554_6fc1c7,,1337033931,disabled,,,
Agent_0,1,TALK_INTENT,,,,,,,0.39172276854515076,DAY_DISCUSS,0,jepa_only,Worker,,2,run_1785019554_6fc1c7,,1337033931,disabled,,,
Agent_2,2,TALK_INTENT,,,,,,,0.4317970275878906,DAY_DISCUSS,0,jepa_only,Worker,,2,run_1785019554_6fc1c7,,1337033931,disabled,,,
Agent_3,2,TALK_INTENT,,,,,,,0.1720457375049591,DAY_DISCUSS,0,jepa_only,Werewolf,,2,run_1785019554_6fc1c7,,1337033931,disabled,,,
Agent_4,3,TALK_INTENT,,,,,,,0.2702183127403259,DAY_DISCUSS,0,jepa_only,Worker,,2,run_1785019554_6fc1c7,,1337033931,disabled,,,
Agent_6,0,TALK_INTENT,,,,,,,0.11660865694284439,DAY_DISCUSS,0,jepa_only,Worker,,2,run_1785019554_6fc1c7,,1337033931,disabled,,,
Agent_7,2,TALK_INTENT,,,,,,,0.22779437899589539,DAY_DISCUSS,0,jepa_only,Worker,,2,run_1785019554_6fc1c7,,1337033931,disabled,,,
Agent_8,1,TALK_INTENT,,,,,,,0.19525566697120667,DAY_DISCUSS,0,jepa_only,Worker,,2,run_1785019554_6fc1c7,,1337033931,disabled,,,
Agent_0,2,TALK_INTENT,,,,,,,0.39172276854515076,DAY_DISCUSS,0,jepa_only,Worker,,2,run_1785019554_6fc1c7,,1337033931,disabled,,,
Agent_2,3,TALK_INTENT,,,,,,,0.4317970275878906,DAY_DISCUSS,0,jepa_only,Worker,,2,run_1785019554_6fc1c7,,1337033931,disabled,,,
Agent_3,1,TALK_INTENT,,,,,,,0.1720457375049591,DAY_DISCUSS,0,jepa_only,Werewolf,,2,run_1785019554_6fc1c7,,1337033931,disabled,,,
Agent_4,3,TALK_INTENT,,,,,,,0.2702183127403259,DAY_DISCUSS,0,jepa_only,Worker,,2,run_1785019554_6fc1c7,,1337033931,disabled,,,
Agent_6,3,TALK_INTENT,,,,,,,0.11660865694284439,DAY_DISCUSS,0,jepa_only,Worker,,2,run_1785019554_6fc1c7,,1337033931,disabled,,,
Agent_7,1,TALK_INTENT,,,,,,,0.22779437899589539,DAY_DISCUSS,0,jepa_only,Worker,,2,run_1785019554_6fc1c7,,1337033931,disabled,,,
Agent_8,0,TALK_INTENT,,,,,,,0.19525566697120667,DAY_DISCUSS,0,jepa_only,Worker,,2,run_1785019554_6fc1c7,,1337033931,disabled,,,
Agent_0,7,VOTE_TARGET,,0.002274,0.048331,,,6,0.39172276854515076,DAY_VOTE,1,jepa_only,Worker,,2,run_1785019554_6fc1c7,,1337033931,disabled,Agent_7,0,
Agent_2,0,VOTE_TARGET,,0.002274,0.048331,,,6,0.4317970275878906,DAY_VOTE,1,jepa_only,Worker,,2,run_1785019554_6fc1c7,,1337033931,disabled,Agent_0,0,
Agent_3,6,VOTE_TARGET,,0.000009,0.002378,,,6,0.1720457375049591,DAY_VOTE,1,jepa_only,Werewolf,,2,run_1785019554_6fc1c7,,1337033931,disabled,Agent_6,0,
Agent_4,0,VOTE_TARGET,,0.000009,0.002375,,,6,0.2702183127403259,DAY_VOTE,1,jepa_only,Worker,,2,run_1785019554_6fc1c7,,1337033931,disabled,Agent_0,0,
Agent_6,0,VOTE_TARGET,,0.000009,0.002375,,,6,0.11660865694284439,DAY_VOTE,1,jepa_only,Worker,,2,run_1785019554_6fc1c7,,1337033931,disabled,Agent_0,0,
Agent_7,0,VOTE_TARGET,,0.000009,0.002375,,,6,0.22779437899589539,DAY_VOTE,1,jepa_only,Worker,,2,run_1785019554_6fc1c7,,1337033931,disabled,Agent_0,0,
Agent_8,0,VOTE_TARGET,,0.000009,0.002375,,,6,0.19525566697120667,DAY_VOTE,1,jepa_only,Worker,,2,run_1785019554_6fc1c7,,1337033931,disabled,Agent_0,0,
Agent_3,2,KILL_TARGET,,,,,,5,0.1720457375049591,NIGHT_KILL,2,jepa_only,Werewolf,,2,run_1785019554_6fc1c7,,1337033931,disabled,,,
Agent_3,0,TALK_INTENT,,,,,,,0.1720457375049591,DAY_DISCUSS,0,jepa_only,Werewolf,,3,run_1785019554_6fc1c7,,1337033931,disabled,,,
Agent_4,1,TALK_INTENT,,,,,,,0.2702183127403259,DAY_DISCUSS,0,jepa_only,Worker,,3,run_1785019554_6fc1c7,,1337033931,disabled,,,
Agent_6,2,TALK_INTENT,,,,,,,0.11660865694284439,DAY_DISCUSS,0,jepa_only,Worker,,3,run_1785019554_6fc1c7,,1337033931,disabled,,,
Agent_7,1,TALK_INTENT,,,,,,,0.22779437899589539,DAY_DISCUSS,0,jepa_only,Worker,,3,run_1785019554_6fc1c7,,1337033931,disabled,,,
Agent_8,2,TALK_INTENT,,,,,,,0.19525566697120667,DAY_DISCUSS,0,jepa_only,Worker,,3,run_1785019554_6fc1c7,,1337033931,disabled,,,
Agent_3,1,TALK_INTENT,,,,,,,0.1720457375049591,DAY_DISCUSS,0,jepa_only,Werewolf,,3,run_1785019554_6fc1c7,,1337033931,disabled,,,
Agent_4,4,TALK_INTENT,,,,,,,0.2702183127403259,DAY_DISCUSS,0,jepa_only,Worker,,3,run_1785019554_6fc1c7,,1337033931,disabled,,,
Agent_6,4,TALK_INTENT,,,,,,,0.11660865694284439,DAY_DISCUSS,0,jepa_only,Worker,,3,run_1785019554_6fc1c7,,1337033931,disabled,,,
Agent_7,4,TALK_INTENT,,,,,,,0.22779437899589539,DAY_DISCUSS,0,jepa_only,Worker,,3,run_1785019554_6fc1c7,,1337033931,disabled,,,
Agent_8,2,TALK_INTENT,,,,,,,0.19525566697120667,DAY_DISCUSS,0,jepa_only,Worker,,3,run_1785019554_6fc1c7,,1337033931,disabled,,,
Agent_3,6,VOTE_TARGET,,0.000009,0.002390,,,4,0.1720457375049591,DAY_VOTE,1,jepa_only,Werewolf,,3,run_1785019554_6fc1c7,,1337033931,disabled,Agent_6,0,
Agent_4,7,VOTE_TARGET,,0.000009,0.002374,,,4,0.2702183127403259,DAY_VOTE,1,jepa_only,Worker,,3,run_1785019554_6fc1c7,,1337033931,disabled,Agent_7,0,
Agent_6,7,VOTE_TARGET,,0.000009,0.002374,,,4,0.11660865694284439,DAY_VOTE,1,jepa_only,Worker,,3,run_1785019554_6fc1c7,,1337033931,disabled,Agent_7,0,
Agent_7,8,VOTE_TARGET,,0.002311,0.048852,,,4,0.22779437899589539,DAY_VOTE,1,jepa_only,Worker,,3,run_1785019554_6fc1c7,,1337033931,disabled,Agent_8,0,
Agent_8,7,VOTE_TARGET,,0.002311,0.048852,,,4,0.19525566697120667,DAY_VOTE,1,jepa_only,Worker,,3,run_1785019554_6fc1c7,,1337033931,disabled,Agent_7,0,
Agent_3,8,KILL_TARGET,,,,,,3,0.1720457375049591,NIGHT_KILL,2,jepa_only,Werewolf,,3,run_1785019554_6fc1c7,,1337033931,disabled,,,
Agent_3,2,TALK_INTENT,,,,,,,0.1720457375049591,DAY_DISCUSS,0,jepa_only,Werewolf,,4,run_1785019554_6fc1c7,,1337033931,disabled,,,
Agent_4,4,TALK_INTENT,,,,,,,0.2702183127403259,DAY_DISCUSS,0,jepa_only,Worker,,4,run_1785019554_6fc1c7,,1337033931,disabled,,,
Agent_6,3,TALK_INTENT,,,,,,,0.11660865694284439,DAY_DISCUSS,0,jepa_only,Worker,,4,run_1785019554_6fc1c7,,1337033931,disabled,,,
Agent_3,3,TALK_INTENT,,,,,,,0.1720457375049591,DAY_DISCUSS,0,jepa_only,Werewolf,,4,run_1785019554_6fc1c7,,1337033931,disabled,,,
Agent_4,0,TALK_INTENT,,,,,,,0.2702183127403259,DAY_DISCUSS,0,jepa_only,Worker,,4,run_1785019554_6fc1c7,,1337033931,disabled,,,
Agent_6,0,TALK_INTENT,,,,,,,0.11660865694284439,DAY_DISCUSS,0,jepa_only,Worker,,4,run_1785019554_6fc1c7,,1337033931,disabled,,,
Agent_3,6,VOTE_TARGET,,0.000010,0.002439,,,2,0.1720457375049591,DAY_VOTE,1,jepa_only,Werewolf,,4,run_1785019554_6fc1c7,,1337033931,disabled,Agent_6,0,
Agent_4,6,VOTE_TARGET,,0.002360,0.049434,,,2,0.2702183127403259,DAY_VOTE,1,jepa_only,Worker,,4,run_1785019554_6fc1c7,,1337033931,disabled,Agent_6,0,
Agent_6,4,VOTE_TARGET,,0.002360,0.049434,,,2,0.11660865694284439,DAY_VOTE,1,jepa_only,Worker,,4,run_1785019554_6fc1c7,,1337033931,disabled,Agent_4,0,
Agent_3,4,KILL_TARGET,,,,,,1,0.1720457375049591,NIGHT_KILL,2,jepa_only,Werewolf,,4,run_1785019554_6fc1c7,,1337033931,disabled,,,
Agent_0,3,TALK_INTENT,,,,,,,0.39172276854515076,DAY_DISCUSS,0,,Worker,,1,run_1785019582_fa5122,,1337004012,disabled,,,
Agent_1,3,TALK_INTENT,,,,,,,0.21732454001903534,DAY_DISCUSS,0,,Worker,,1,run_1785019582_fa5122,,1337004012,disabled,,,
Agent_2,2,TALK_INTENT,,,,,,,0.4317970275878906,DAY_DISCUSS,0,,Werewolf,,1,run_1785019582_fa5122,,1337004012,disabled,,,
Agent_3,2,TALK_INTENT,,,,,,,0.1720457375049591,DAY_DISCUSS,0,,Worker,,1,run_1785019582_fa5122,,1337004012,disabled,,,
Agent_4,4,TALK_INTENT,,,,,,,0.2702183127403259,DAY_DISCUSS,0,,Werewolf,,1,run_1785019582_fa5122,,1337004012,disabled,,,
Agent_5,3,TALK_INTENT,,,,,,,0.35103756189346313,DAY_DISCUSS,0,,Worker,,1,run_1785019582_fa5122,,1337004012,disabled,,,
Agent_6,1,TALK_INTENT,,,,,,,0.11660865694284439,DAY_DISCUSS,0,,Worker,,1,run_1785019582_fa5122,,1337004012,disabled,,,
Agent_7,4,TALK_INTENT,,,,,,,0.22779437899589539,DAY_DISCUSS,0,,Worker,,1,run_1785019582_fa5122,,1337004012,disabled,,,
Agent_8,2,TALK_INTENT,,,,,,,0.19525566697120667,DAY_DISCUSS,0,,Worker,,1,run_1785019582_fa5122,,1337004012,disabled,,,
Agent_0,2,TALK_INTENT,,,,,,,0.39172276854515076,DAY_DISCUSS,0,,Worker,,1,run_1785019582_fa5122,,1337004012,disabled,,,
Agent_1,3,TALK_INTENT,,,,,,,0.21732454001903534,DAY_DISCUSS,0,,Worker,,1,run_1785019582_fa5122,,1337004012,disabled,,,
Agent_2,2,TALK_INTENT,,,,,,,0.4317970275878906,DAY_DISCUSS,0,,Werewolf,,1,run_1785019582_fa5122,,1337004012,disabled,,,
Agent_3,3,TALK_INTENT,,,,,,,0.1720457375049591,DAY_DISCUSS,0,,Worker,,1,run_1785019582_fa5122,,1337004012,disabled,,,
Agent_4,4,TALK_INTENT,,,,,,,0.2702183127403259,DAY_DISCUSS,0,,Werewolf,,1,run_1785019582_fa5122,,1337004012,disabled,,,
Agent_5,0,TALK_INTENT,,,,,,,0.35103756189346313,DAY_DISCUSS,0,,Worker,,1,run_1785019582_fa5122,,1337004012,disabled,,,
Agent_6,2,TALK_INTENT,,,,,,,0.11660865694284439,DAY_DISCUSS,0,,Worker,,1,run_1785019582_fa5122,,1337004012,disabled,,,
Agent_7,3,TALK_INTENT,,,,,,,0.22779437899589539,DAY_DISCUSS,0,,Worker,,1,run_1785019582_fa5122,,1337004012,disabled,,,
Agent_8,2,TALK_INTENT,,,,,,,0.19525566697120667,DAY_DISCUSS,0,,Worker,,1,run_1785019582_fa5122,,1337004012,disabled,,,
Agent_0,5,VOTE_TARGET,,0.000009,0.002387,judge_disabled,,8,0.39172276854515076,DAY_VOTE,1,,Worker,,1,run_1785019582_fa5122,,1337004012,disabled,Agent_5,0,
Agent_1,5,VOTE_TARGET,,0.002248,0.047863,judge_disabled,,8,0.21732454001903534,DAY_VOTE,1,,Worker,,1,run_1785019582_fa5122,,1337004012,disabled,Agent_5,0,
Agent_2,6,VOTE_TARGET,,0.000009,0.002406,judge_disabled,,8,0.4317970275878906,DAY_VOTE,1,,Werewolf,,1,run_1785019582_fa5122,,1337004012,disabled,Agent_6,0,
Agent_3,5,VOTE_TARGET,,0.000009,0.002387,judge_disabled,,8,0.1720457375049591,DAY_VOTE,1,,Worker,,1,run_1785019582_fa5122,,1337004012,disabled,Agent_5,0,
Agent_4,6,VOTE_TARGET,,0.000009,0.002406,judge_disabled,,8,0.2702183127403259,DAY_VOTE,1,,Werewolf,,1,run_1785019582_fa5122,,1337004012,disabled,Agent_6,0,
Agent_5,0,VOTE_TARGET,,0.002248,0.047863,judge_disabled,,8,0.35103756189346313,DAY_VOTE,1,,Worker,,1,run_1785019582_fa5122,,1337004012,disabled,Agent_0,0,
Agent_6,5,VOTE_TARGET,,0.000009,0.002387,judge_disabled,,8,0.11660865694284439,DAY_VOTE,1,,Worker,,1,run_1785019582_fa5122,,1337004012,disabled,Agent_5,0,
Agent_7,5,VOTE_TARGET,,0.000009,0.002387,judge_disabled,,8,0.22779437899589539,DAY_VOTE,1,,Worker,,1,run_1785019582_fa5122,,1337004012,disabled,Agent_5,0,
Agent_8,5,VOTE_TARGET,,0.000009,0.002387,judge_disabled,,8,0.19525566697120667,DAY_VOTE,1,,Worker,,1,run_1785019582_fa5122,,1337004012,disabled,Agent_5,0,
Agent_2,1,KILL_TARGET,,,,,,6,0.4317970275878906,NIGHT_KILL,2,,Werewolf,,1,run_1785019582_fa5122,,1337004012,disabled,,,
Agent_0,0,TALK_INTENT,,,,,,,0.39172276854515076,DAY_DISCUSS,0,,Worker,,2,run_1785019582_fa5122,,1337004012,disabled,,,
Agent_2,2,TALK_INTENT,,,,,,,0.4317970275878906,DAY_DISCUSS,0,,Werewolf,,2,run_1785019582_fa5122,,1337004012,disabled,,,
Agent_3,2,TALK_INTENT,,,,,,,0.1720457375049591,DAY_DISCUSS,0,,Worker,,2,run_1785019582_fa5122,,1337004012,disabled,,,
Agent_4,0,TALK_INTENT,,,,,,,0.2702183127403259,DAY_DISCUSS,0,,Werewolf,,2,run_1785019582_fa5122,,1337004012,disabled,,,
Agent_6,3,TALK_INTENT,,,,,,,0.11660865694284439,DAY_DISCUSS,0,,Worker,,2,run_1785019582_fa5122,,1337004012,disabled,,,
Agent_7,0,TALK_INTENT,,,,,,,0.22779437899589539,DAY_DISCUSS,0,,Worker,,2,run_1785019582_fa5122,,1337004012,disabled,,,
Agent_8,2,TALK_INTENT,,,,,,,0.19525566697120667,DAY_DISCUSS,0,,Worker,,2,run_1785019582_fa5122,,1337004012,disabled,,,
Agent_0,0,TALK_INTENT,,,,,,,0.39172276854515076,DAY_DISCUSS,0,,Worker,,2,run_1785019582_fa5122,,1337004012,disabled,,,
Agent_2,1,TALK_INTENT,,,,,,,0.4317970275878906,DAY_DISCUSS,0,,Werewolf,,2,run_1785019582_fa5122,,1337004012,disabled,,,
Agent_3,3,TALK_INTENT,,,,,,,0.1720457375049591,DAY_DISCUSS,0,,Worker,,2,run_1785019582_fa5122,,1337004012,disabled,,,
Agent_4,2,TALK_INTENT,,,,,,,0.2702183127403259,DAY_DISCUSS,0,,Werewolf,,2,run_1785019582_fa5122,,1337004012,disabled,,,
Agent_6,1,TALK_INTENT,,,,,,,0.11660865694284439,DAY_DISCUSS,0,,Worker,,2,run_1785019582_fa5122,,1337004012,disabled,,,
Agent_7,2,TALK_INTENT,,,,,,,0.22779437899589539,DAY_DISCUSS,0,,Worker,,2,run_1785019582_fa5122,,1337004012,disabled,,,
Agent_8,2,TALK_INTENT,,,,,,,0.19525566697120667,DAY_DISCUSS,0,,Worker,,2,run_1785019582_fa5122,,1337004012,disabled,,,
Agent_0,7,VOTE_TARGET,,0.002274,0.048331,judge_disabled,,6,0.39172276854515076,DAY_VOTE,1,,Worker,,2,run_1785019582_fa5122,,1337004012,disabled,Agent_7,0,
Agent_2,6,VOTE_TARGET,,0.000009,0.002378,judge_disabled,,6,0.4317970275878906,DAY_VOTE,1,,Werewolf,,2,run_1785019582_fa5122,,1337004012,disabled,Agent_6,0,
Agent_3,0,VOTE_TARGET,,0.000009,0.002375,judge_disabled,,6,0.1720457375049591,DAY_VOTE,1,,Worker,,2,run_1785019582_fa5122,,1337004012,disabled,Agent_0,0,
Agent_4,6,VOTE_TARGET,,0.000009,0.002378,judge_disabled,,6,0.2702183127403259,DAY_VOTE,1,,Werewolf,,2,run_1785019582_fa5122,,1337004012,disabled,Agent_6,0,
Agent_6,0,VOTE_TARGET,,0.000009,0.002375,judge_disabled,,6,0.11660865694284439,DAY_VOTE,1,,Worker,,2,run_1785019582_fa5122,,1337004012,disabled,Agent_0,0,
Agent_7,0,VOTE_TARGET,,0.000009,0.002375,judge_disabled,,6,0.22779437899589539,DAY_VOTE,1,,Worker,,2,run_1785019582_fa5122,,1337004012,disabled,Agent_0,0,
Agent_8,0,VOTE_TARGET,,0.002274,0.048331,judge_disabled,,6,0.19525566697120667,DAY_VOTE,1,,Worker,,2,run_1785019582_fa5122,,1337004012,disabled,Agent_0,0,
Agent_2,8,KILL_TARGET,,,,,,4,0.4317970275878906,NIGHT_KILL,2,,Werewolf,,2,run_1785019582_fa5122,,1337004012,disabled,,,
Agent_2,0,TALK_INTENT,,,,,,,0.4317970275878906,DAY_DISCUSS,0,,Werewolf,,3,run_1785019582_fa5122,,1337004012,disabled,,,
Agent_3,2,TALK_INTENT,,,,,,,0.1720457375049591,DAY_DISCUSS,0,,Worker,,3,run_1785019582_fa5122,,1337004012,disabled,,,
Agent_4,2,TALK_INTENT,,,,,,,0.2702183127403259,DAY_DISCUSS,0,,Werewolf,,3,run_1785019582_fa5122,,1337004012,disabled,,,
Agent_6,2,TALK_INTENT,,,,,,,0.11660865694284439,DAY_DISCUSS,0,,Worker,,3,run_1785019582_fa5122,,1337004012,disabled,,,
Agent_7,3,TALK_INTENT,,,,,,,0.22779437899589539,DAY_DISCUSS,0,,Worker,,3,run_1785019582_fa5122,,1337004012,disabled,,,
Agent_2,1,TALK_INTENT,,,,,,,0.4317970275878906,DAY_DISCUSS,0,,Werewolf,,3,run_1785019582_fa5122,,1337004012,disabled,,,
Agent_3,0,TALK_INTENT,,,,,,,0.1720457375049591,DAY_DISCUSS,0,,Worker,,3,run_1785019582_fa5122,,1337004012,disabled,,,
Agent_4,4,TALK_INTENT,,,,,,,0.2702183127403259,DAY_DISCUSS,0,,Werewolf,,3,run_1785019582_fa5122,,1337004012,disabled,,,
Agent_6,3,TALK_INTENT,,,,,,,0.11660865694284439,DAY_DISCUSS,0,,Worker,,3,run_1785019582_fa5122,,1337004012,disabled,,,
Agent_7,3,TALK_INTENT,,,,,,,0.22779437899589539,DAY_DISCUSS,0,,Worker,,3,run_1785019582_fa5122,,1337004012,disabled,,,
Agent_2,6,VOTE_TARGET,,0.000009,0.002390,judge_disabled,,4,0.4317970275878906,DAY_VOTE,1,,Werewolf,,3,run_1785019582_fa5122,,1337004012,disabled,Agent_6,0,
Agent_3,7,VOTE_TARGET,,0.000009,0.002374,judge_disabled,,4,0.1720457375049591,DAY_VOTE,1,,Worker,,3,run_1785019582_fa5122,,1337004012,disabled,Agent_7,0,
Agent_4,6,VOTE_TARGET,,0.000009,0.002390,judge_disabled,,4,0.2702183127403259,DAY_VOTE,1,,Werewolf,,3,run_1785019582_fa5122,,1337004012,disabled,Agent_6,0,
Agent_6,7,VOTE_TARGET,,0.000009,0.002374,judge_disabled,,4,0.11660865694284439,DAY_VOTE,1,,Worker,,3,run_1785019582_fa5122,,1337004012,disabled,Agent_7,0,
Agent_7,4,VOTE_TARGET,,0.002311,0.048852,judge_disabled,,4,0.22779437899589539,DAY_VOTE,1,,Worker,,3,run_1785019582_fa5122,,1337004012,disabled,Agent_4,1,
Agent_2,7,KILL_TARGET,,,,,,3,0.4317970275878906,NIGHT_KILL,2,,Werewolf,,3,run_1785019582_fa5122,,1337004012,disabled,,,
Agent_0,1,TALK_INTENT,,,,,,,0.39172276854515076,DAY_DISCUSS,0,,Worker,,1,run_1785019587_b90133,,1337013985,disabled,,,
Agent_1,2,TALK_INTENT,,,,,,,0.21732454001903534,DAY_DISCUSS,0,,Worker,,1,run_1785019587_b90133,,1337013985,disabled,,,
Agent_2,4,TALK_INTENT,,,,,,,0.4317970275878906,DAY_DISCUSS,0,,Worker,,1,run_1785019587_b90133,,1337013985,disabled,,,
Agent_3,3,TALK_INTENT,,,,,,,0.1720457375049591,DAY_DISCUSS,0,,Worker,,1,run_1785019587_b90133,,1337013985,disabled,,,
Agent_4,4,TALK_INTENT,,,,,,,0.2702183127403259,DAY_DISCUSS,0,,Werewolf,,1,run_1785019587_b90133,,1337013985,disabled,,,
Agent_5,2,TALK_INTENT,,,,,,,0.35103756189346313,DAY_DISCUSS,0,,Werewolf,,1,run_1785019587_b90133,,1337013985,disabled,,,
Agent_6,0,TALK_INTENT,,,,,,,0.11660865694284439,DAY_DISCUSS,0,,Worker,,1,run_1785019587_b90133,,1337013985,disabled,,,
Agent_7,0,TALK_INTENT,,,,,,,0.22779437899589539,DAY_DISCUSS,0,,Worker,,1,run_1785019587_b90133,,1337013985,disabled,,,
Agent_8,1,TALK_INTENT,,,,,,,0.19525566697120667,DAY_DISCUSS,0,,Worker,,1,run_1785019587_b90133,,1337013985,disabled,,,
Agent_0,3,TALK_INTENT,,,,,,,0.39172276854515076,DAY_DISCUSS,0,,Worker,,1,run_1785019587_b90133,,1337013985,disabled,,,
Agent_1,3,TALK_INTENT,,,,,,,0.21732454001903534,DAY_DISCUSS,0,,Worker,,1,run_1785019587_b90133,,1337013985,disabled,,,
Agent_2,4,TALK_INTENT,,,,,,,0.4317970275878906,DAY_DISCUSS,0,,Worker,,1,run_1785019587_b90133,,1337013985,disabled,,,
Agent_3,2,TALK_INTENT,,,,,,,0.1720457375049591,DAY_DISCUSS,0,,Worker,,1,run_1785019587_b90133,,1337013985,disabled,,,
Agent_4,1,TALK_INTENT,,,,,,,0.2702183127403259,DAY_DISCUSS,0,,Werewolf,,1,run_1785019587_b90133,,1337013985,disabled,,,
Agent_5,1,TALK_INTENT,,,,,,,0.35103756189346313,DAY_DISCUSS,0,,Werewolf,,1,run_1785019587_b90133,,1337013985,disabled,,,
Agent_6,2,TALK_INTENT,,,,,,,0.11660865694284439,DAY_DISCUSS,0,,Worker,,1,run_1785019587_b90133,,1337013985,disabled,,,
Agent_7,0,TALK_INTENT,,,,,,,0.22779437899589539,DAY_DISCUSS,0,,Worker,,1,run_1785019587_b90133,,1337013985,disabled,,,
Agent_8,2,TALK_INTENT,,,,,,,0.19525566697120667,DAY_DISCUSS,0,,Worker,,1,run_1785019587_b90133,,1337013985,disabled,,,
Agent_0,5,VOTE_TARGET,,0.000009,0.002387,judge_disabled,,8,0.39172276854515076,DAY_VOTE,1,,Worker,,1,run_1785019587_b90133,,1337013985,disabled,Agent_5,1,
Agent_1,5,VOTE_TARGET,,0.002248,0.047863,judge_disabled,,8,0.21732454001903534,DAY_VOTE,1,,Worker,,1,run_1785019587_b90133,,1337013985,disabled,Agent_5,1,
Agent_2,5,VOTE_TARGET,,0.000009,0.002387,judge_disabled,,8,0.4317970275878906,DAY_VOTE,1,,Worker,,1,run_1785019587_b90133,,1337013985,disabled,Agent_5,1,
Agent_3,5,VOTE_TARGET,,0.000009,0.002387,judge_disabled,,8,0.1720457375049591,DAY_VOTE,1,,Worker,,1,run_1785019587_b90133,,1337013985,disabled,Agent_5,1,
Agent_4,6,VOTE_TARGET,,0.000009,0.002406,judge_disabled,,8,0.2702183127403259,DAY_VOTE,1,,Werewolf,,1,run_1785019587_b90133,,1337013985,disabled,Agent_6,0,
Agent_5,6,VOTE_TARGET,,0.002248,0.047863,judge_disabled,,8,0.35103756189346313,DAY_VOTE,1,,Werewolf,,1,run_1785019587_b90133,,1337013985,disabled,Agent_6,0,
Agent_6,5,VOTE_TARGET,,0.000009,0.002387,judge_disabled,,8,0.11660865694284439,DAY_VOTE,1,,Worker,,1,run_1785019587_b90133,,1337013985,disabled,Agent_5,1,
Agent_7,5,VOTE_TARGET,,0.000009,0.002387,judge_disabled,,8,0.22779437899589539,DAY_VOTE,1,,Worker,,1,run_1785019587_b90133,,1337013985,disabled,Agent_5,1,
Agent_8,5,VOTE_TARGET,,0.000009,0.002387,judge_disabled,,8,0.19525566697120667,DAY_VOTE,1,,Worker,,1,run_1785019587_b90133,,1337013985,disabled,Agent_5,1,
Agent_4,1,KILL_TARGET,,,,,,7,0.2702183127403259,NIGHT_KILL,2,,Werewolf,,1,run_1785019587_b90133,,1337013985,disabled,,,
Agent_0,1,TALK_INTENT,,,,,,,0.39172276854515076,DAY_DISCUSS,0,,Worker,,2,run_1785019587_b90133,,1337013985,disabled,,,
Agent_2,2,TALK_INTENT,,,,,,,0.4317970275878906,DAY_DISCUSS,0,,Worker,,2,run_1785019587_b90133,,1337013985,disabled,,,
Agent_3,0,TALK_INTENT,,,,,,,0.1720457375049591,DAY_DISCUSS,0,,Worker,,2,run_1785019587_b90133,,1337013985,disabled,,,
Agent_4,3,TALK_INTENT,,,,,,,0.2702183127403259,DAY_DISCUSS,0,,Werewolf,,2,run_1785019587_b90133,,1337013985,disabled,,,
Agent_6,2,TALK_INTENT,,,,,,,0.11660865694284439,DAY_DISCUSS,0,,Worker,,2,run_1785019587_b90133,,1337013985,disabled,,,
Agent_7,1,TALK_INTENT,,,,,,,0.22779437899589539,DAY_DISCUSS,0,,Worker,,2,run_1785019587_b90133,,1337013985,disabled,,,
Agent_8,1,TALK_INTENT,,,,,,,0.19525566697120667,DAY_DISCUSS,0,,Worker,,2,run_1785019587_b90133,,1337013985,disabled,,,
Agent_0,0,TALK_INTENT,,,,,,,0.39172276854515076,DAY_DISCUSS,0,,Worker,,2,run_1785019587_b90133,,1337013985,disabled,,,
Agent_2,3,TALK_INTENT,,,,,,,0.4317970275878906,DAY_DISCUSS,0,,Worker,,2,run_1785019587_b90133,,1337013985,disabled,,,
Agent_3,4,TALK_INTENT,,,,,,,0.1720457375049591,DAY_DISCUSS,0,,Worker,,2,run_1785019587_b90133,,1337013985,disabled,,,
Agent_4,1,TALK_INTENT,,,,,,,0.2702183127403259,DAY_DISCUSS,0,,Werewolf,,2,run_1785019587_b90133,,1337013985,disabled,,,
Agent_6,3,TALK_INTENT,,,,,,,0.11660865694284439,DAY_DISCUSS,0,,Worker,,2,run_1785019587_b90133,,1337013985,disabled,,,
Agent_7,2,TALK_INTENT,,,,,,,0.22779437899589539,DAY_DISCUSS,0,,Worker,,2,run_1785019587_b90133,,1337013985,disabled,,,
Agent_8,1,TALK_INTENT,,,,,,,0.19525566697120667,DAY_DISCUSS,0,,Worker,,2,run_1785019587_b90133,,1337013985,disabled,,,
Agent_0,7,VOTE_TARGET,,0.002274,0.048331,judge_disabled,,6,0.39172276854515076,DAY_VOTE,1,,Worker,,2,run_1785019587_b90133,,1337013985,disabled,Agent_7,0,
Agent_2,0,VOTE_TARGET,,0.002274,0.048331,judge_disabled,,6,0.4317970275878906,DAY_VOTE,1,,Worker,,2,run_1785019587_b90133,,1337013985,disabled,Agent_0,0,
Agent_3,0,VOTE_TARGET,,0.000009,0.002375,judge_disabled,,6,0.1720457375049591,DAY_VOTE,1,,Worker,,2,run_1785019587_b90133,,1337013985,disabled,Agent_0,0,
Agent_4,6,VOTE_TARGET,,0.000009,0.002378,judge_disabled,,6,0.2702183127403259,DAY_VOTE,1,,Werewolf,,2,run_1785019587_b90133,,1337013985,disabled,Agent_6,0,
Agent_6,0,VOTE_TARGET,,0.000009,0.002375,judge_disabled,,6,0.11660865694284439,DAY_VOTE,1,,Worker,,2,run_1785019587_b90133,,1337013985,disabled,Agent_0,0,
Agent_7,0,VOTE_TARGET,,0.000009,0.002375,judge_disabled,,6,0.22779437899589539,DAY_VOTE,1,,Worker,,2,run_1785019587_b90133,,1337013985,disabled,Agent_0,0,
Agent_8,0,VOTE_TARGET,,0.000009,0.002375,judge_disabled,,6,0.19525566697120667,DAY_VOTE,1,,Worker,,2,run_1785019587_b90133,,1337013985,disabled,Agent_0,0,
Agent_4,2,KILL_TARGET,,,,,,5,0.2702183127403259,NIGHT_KILL,2,,Werewolf,,2,run_1785019587_b90133,,1337013985,disabled,,,
Agent_3,2,TALK_INTENT,,,,,,,0.1720457375049591,DAY_DISCUSS,0,,Worker,,3,run_1785019587_b90133,,1337013985,disabled,,,
Agent_4,0,TALK_INTENT,,,,,,,0.2702183127403259,DAY_DISCUSS,0,,Werewolf,,3,run_1785019587_b90133,,1337013985,disabled,,,
Agent_6,2,TALK_INTENT,,,,,,,0.11660865694284439,DAY_DISCUSS,0,,Worker,,3,run_1785019587_b90133,,1337013985,disabled,,,
Agent_7,3,TALK_INTENT,,,,,,,0.22779437899589539,DAY_DISCUSS,0,,Worker,,3,run_1785019587_b90133,,1337013985,disabled,,,
Agent_8,1,TALK_INTENT,,,,,,,0.19525566697120667,DAY_DISCUSS,0,,Worker,,3,run_1785019587_b90133,,1337013985,disabled,,,
Agent_3,2,TALK_INTENT,,,,,,,0.1720457375049591,DAY_DISCUSS,0,,Worker,,3,run_1785019587_b90133,,1337013985,disabled,,,
Agent_4,3,TALK_INTENT,,,,,,,0.2702183127403259,DAY_DISCUSS,0,,Werewolf,,3,run_1785019587_b90133,,1337013985,disabled,,,
Agent_6,3,TALK_INTENT,,,,,,,0.11660865694284439,DAY_DISCUSS,0,,Worker,,3,run_1785019587_b90133,,1337013985,disabled,,,
Agent_7,3,TALK_INTENT,,,,,,,0.22779437899589539,DAY_DISCUSS,0,,Worker,,3,run_1785019587_b90133,,1337013985,disabled,,,
Agent_8,3,TALK_INTENT,,,,,,,0.19525566697120667,DAY_DISCUSS,0,,Worker,,3,run_1785019587_b90133,,1337013985,disabled,,,
Agent_3,7,VOTE_TARGET,,0.000009,0.002374,judge_disabled,,4,0.1720457375049591,DAY_VOTE,1,,Worker,,3,run_1785019587_b90133,,1337013985,disabled,Agent_7,0,
Agent_4,6,VOTE_TARGET,,0.000009,0.002390,judge_disabled,,4,0.2702183127403259,DAY_VOTE,1,,Werewolf,,3,run_1785019587_b90133,,1337013985,disabled,Agent_6,0,
Agent_6,7,VOTE_TARGET,,0.000009,0.002374,judge_disabled,,4,0.11660865694284439,DAY_VOTE,1,,Worker,,3,run_1785019587_b90133,,1337013985,disabled,Agent_7,0,
Agent_7,8,VOTE_TARGET,,0.002311,0.048852,judge_disabled,,4,0.22779437899589539,DAY_VOTE,1,,Worker,,3,run_1785019587_b90133,,1337013985,disabled,Agent_8,0,
Agent_8,7,VOTE_TARGET,,0.002311,0.048852,judge_disabled,,4,0.19525566697120667,DAY_VOTE,1,,Worker,,3,run_1785019587_b90133,,1337013985,disabled,Agent_7,0,
Agent_4,8,KILL_TARGET,,,,,,3,0.2702183127403259,NIGHT_KILL,2,,Werewolf,,3,run_1785019587_b90133,,1337013985,disabled,,,
Agent_3,4,TALK_INTENT,,,,,,,0.1720457375049591,DAY_DISCUSS,0,,Worker,,4,run_1785019587_b90133,,1337013985,disabled,,,
Agent_4,0,TALK_INTENT,,,,,,,0.2702183127403259,DAY_DISCUSS,0,,Werewolf,,4,run_1785019587_b90133,,1337013985,disabled,,,
Agent_6,4,TALK_INTENT,,,,,,,0.11660865694284439,DAY_DISCUSS,0,,Worker,,4,run_1785019587_b90133,,1337013985,disabled,,,
Agent_3,4,TALK_INTENT,,,,,,,0.1720457375049591,DAY_DISCUSS,0,,Worker,,4,run_1785019587_b90133,,1337013985,disabled,,,
Agent_4,3,TALK_INTENT,,,,,,,0.2702183127403259,DAY_DISCUSS,0,,Werewolf,,4,run_1785019587_b90133,,1337013985,disabled,,,
Agent_6,2,TALK_INTENT,,,,,,,0.11660865694284439,DAY_DISCUSS,0,,Worker,,4,run_1785019587_b90133,,1337013985,disabled,,,
Agent_3,4,VOTE_TARGET,,0.000009,0.002436,judge_disabled,,2,0.1720457375049591,DAY_VOTE,1,,Worker,,4,run_1785019587_b90133,,1337013985,disabled,Agent_4,1,
Agent_4,6,VOTE_TARGET,,0.002360,0.049435,judge_disabled,,2,0.2702183127403259,DAY_VOTE,1,,Werewolf,,4,run_1785019587_b90133,,1337013985,disabled,Agent_6,0,
Agent_6,4,VOTE_TARGET,,0.000009,0.002436,judge_disabled,,2,0.11660865694284439,DAY_VOTE,1,,Worker,,4,run_1785019587_b90133,,1337013985,disabled,Agent_4,1,
Agent_0,1,TALK_INTENT,,,,,,,0.39172276854515076,DAY_DISCUSS,0,,Worker,,1,run_1785019593_29867e,,1337023958,disabled,,,
Agent_1,4,TALK_INTENT,,,,,,,0.21732454001903534,DAY_DISCUSS,0,,Werewolf,,1,run_1785019593_29867e,,1337023958,disabled,,,
Agent_2,0,TALK_INTENT,,,,,,,0.4317970275878906,DAY_DISCUSS,0,,Worker,,1,run_1785019593_29867e,,1337023958,disabled,,,
Agent_3,4,TALK_INTENT,,,,,,,0.1720457375049591,DAY_DISCUSS,0,,Worker,,1,run_1785019593_29867e,,1337023958,disabled,,,
Agent_4,2,TALK_INTENT,,,,,,,0.2702183127403259,DAY_DISCUSS,0,,Worker,,1,run_1785019593_29867e,,1337023958,disabled,,,
Agent_5,3,TALK_INTENT,,,,,,,0.35103756189346313,DAY_DISCUSS,0,,Worker,,1,run_1785019593_29867e,,1337023958,disabled,,,
Agent_6,1,TALK_INTENT,,,,,,,0.11660865694284439,DAY_DISCUSS,0,,Worker,,1,run_1785019593_29867e,,1337023958,disabled,,,
Agent_7,2,TALK_INTENT,,,,,,,0.22779437899589539,DAY_DISCUSS,0,,Werewolf,,1,run_1785019593_29867e,,1337023958,disabled,,,
Agent_8,4,TALK_INTENT,,,,,,,0.19525566697120667,DAY_DISCUSS,0,,Worker,,1,run_1785019593_29867e,,1337023958,disabled,,,
Agent_0,4,TALK_INTENT,,,,,,,0.39172276854515076,DAY_DISCUSS,0,,Worker,,1,run_1785019593_29867e,,1337023958,disabled,,,
Agent_1,4,TALK_INTENT,,,,,,,0.21732454001903534,DAY_DISCUSS,0,,Werewolf,,1,run_1785019593_29867e,,1337023958,disabled,,,
Agent_2,3,TALK_INTENT,,,,,,,0.4317970275878906,DAY_DISCUSS,0,,Worker,,1,run_1785019593_29867e,,1337023958,disabled,,,
Agent_3,2,TALK_INTENT,,,,,,,0.1720457375049591,DAY_DISCUSS,0,,Worker,,1,run_1785019593_29867e,,1337023958,disabled,,,
Agent_4,1,TALK_INTENT,,,,,,,0.2702183127403259,DAY_DISCUSS,0,,Worker,,1,run_1785019593_29867e,,1337023958,disabled,,,
Agent_5,4,TALK_INTENT,,,,,,,0.35103756189346313,DAY_DISCUSS,0,,Worker,,1,run_1785019593_29867e,,1337023958,disabled,,,
Agent_6,4,TALK_INTENT,,,,,,,0.11660865694284439,DAY_DISCUSS,0,,Worker,,1,run_1785019593_29867e,,1337023958,disabled,,,
Agent_7,1,TALK_INTENT,,,,,,,0.22779437899589539,DAY_DISCUSS,0,,Werewolf,,1,run_1785019593_29867e,,1337023958,disabled,,,
Agent_8,2,TALK_INTENT,,,,,,,0.19525566697120667,DAY_DISCUSS,0,,Worker,,1,run_1785019593_29867e,,1337023958,disabled,,,
Agent_0,5,VOTE_TARGET,,0.000009,0.002387,judge_disabled,,8,0.39172276854515076,DAY_VOTE,1,,Worker,,1,run_1785019593_29867e,,1337023958,disabled,Agent_5,0,
Agent_1,6,VOTE_TARGET,,0.000009,0.002406,judge_disabled,,8,0.21732454001903534,DAY_VOTE,1,,Werewolf,,1,run_1785019593_29867e,,1337023958,disabled,Agent_6,0,
Agent_2,5,VOTE_TARGET,,0.002248,0.047863,judge_disabled,,8,0.4317970275878906,DAY_VOTE,1,,Worker,,1,run_1785019593_29867e,,1337023958,disabled,Agent_5,0,
Agent_3,5,VOTE_TARGET,,0.000009,0.002387,judge_disabled,,8,0.1720457375049591,DAY_VOTE,1,,Worker,,1,run_1785019593_29867e,,1337023958,disabled,Agent_5,0,
Agent_4,5,VOTE_TARGET,,0.000009,0.002387,judge_disabled,,8,0.2702183127403259,DAY_VOTE,1,,Worker,,1,run_1785019593_29867e,,1337023958,disabled,Agent_5,0,
Agent_5,0,VOTE_TARGET,,0.002248,0.047863,judge_disabled,,8,0.35103756189346313,DAY_VOTE,1,,Worker,,1,run_1785019593_29867e,,1337023958,disabled,Agent_0,0,
Agent_6,5,VOTE_TARGET,,0.000009,0.002387,judge_disabled,,8,0.11660865694284439,DAY_VOTE,1,,Worker,,1,run_1785019593_29867e,,1337023958,disabled,Agent_5,0,
Agent_7,6,VOTE_TARGET,,0.000009,0.002406,judge_disabled,,8,0.22779437899589539,DAY_VOTE,1,,Werewolf,,1,run_1785019593_29867e,,1337023958,disabled,Agent_6,0,
Agent_8,5,VOTE_TARGET,,0.000009,0.002387,judge_disabled,,8,0.19525566697120667,DAY_VOTE,1,,Worker,,1,run_1785019593_29867e,,1337023958,disabled,Agent_5,0,
Agent_1,2,KILL_TARGET,,,,,,6,0.21732454001903534,NIGHT_KILL,2,,Werewolf,,1,run_1785019593_29867e,,1337023958,disabled,,,
Agent_0,3,TALK_INTENT,,,,,,,0.39172276854515076,DAY_DISCUSS,0,,Worker,,2,run_1785019593_29867e,,1337023958,disabled,,,
Agent_1,1,TALK_INTENT,,,,,,,0.21732454001903534,DAY_DISCUSS,0,,Werewolf,,2,run_1785019593_29867e,,1337023958,disabled,,,
Agent_3,0,TALK_INTENT,,,,,,,0.1720457375049591,DAY_DISCUSS,0,,Worker,,2,run_1785019593_29867e,,1337023958,disabled,,,
Agent_4,1,TALK_INTENT,,,,,,,0.2702183127403259,DAY_DISCUSS,0,,Worker,,2,run_1785019593_29867e,,1337023958,disabled,,,
Agent_6,2,TALK_INTENT,,,,,,,0.11660865694284439,DAY_DISCUSS,0,,Worker,,2,run_1785019593_29867e,,1337023958,disabled,,,
Agent_7,2,TALK_INTENT,,,,,,,0.22779437899589539,DAY_DISCUSS,0,,Werewolf,,2,run_1785019593_29867e,,1337023958,disabled,,,
Agent_8,4,TALK_INTENT,,,,,,,0.19525566697120667,DAY_DISCUSS,0,,Worker,,2,run_1785019593_29867e,,1337023958,disabled,,,
Agent_0,1,TALK_INTENT,,,,,,,0.39172276854515076,DAY_DISCUSS,0,,Worker,,2,run_1785019593_29867e,,1337023958,disabled,,,
Agent_1,2,TALK_INTENT,,,,,,,0.21732454001903534,DAY_DISCUSS,0,,Werewolf,,2,run_1785019593_29867e,,1337023958,disabled,,,
Agent_3,4,TALK_INTENT,,,,,,,0.1720457375049591,DAY_DISCUSS,0,,Worker,,2,run_1785019593_29867e,,1337023958,disabled,,,
Agent_4,0,TALK_INTENT,,,,,,,0.2702183127403259,DAY_DISCUSS,0,,Worker,,2,run_1785019593_29867e,,1337023958,disabled,,,
Agent_6,4,TALK_INTENT,,,,,,,0.11660865694284439,DAY_DISCUSS,0,,Worker,,2,run_1785019593_29867e,,1337023958,disabled,,,
Agent_7,1,TALK_INTENT,,,,,,,0.22779437899589539,DAY_DISCUSS,0,,Werewolf,,2,run_1785019593_29867e,,1337023958,disabled,,,
Agent_8,2,TALK_INTENT,,,,,,,0.19525566697120667,DAY_DISCUSS,0,,Worker,,2,run_1785019593_29867e,,1337023958,disabled,,,
Agent_0,7,VOTE_TARGET,,0.002274,0.048331,judge_disabled,,6,0.39172276854515076,DAY_VOTE,1,,Worker,,2,run_1785019593_29867e,,1337023958,disabled,Agent_7,1,
Agent_1,6,VOTE_TARGET,,0.000009,0.002378,judge_disabled,,6,0.21732454001903534,DAY_VOTE,1,,Werewolf,,2,run_1785019593_29867e,,1337023958,disabled,Agent_6,0,
Agent_3,0,VOTE_TARGET,,0.000009,0.002375,judge_disabled,,6,0.1720457375049591,DAY_VOTE,1,,Worker,,2,run_1785019593_29867e,,1337023958,disabled,Agent_0,0,
Agent_4,0,VOTE_TARGET,,0.000009,0.002375,judge_disabled,,6,0.2702183127403259,DAY_VOTE,1,,Worker,,2,run_1785019593_29867e,,1337023958,disabled,Agent_0,0,
Agent_6,0,VOTE_TARGET,,0.000009,0.002375,judge_disabled,,6,0.11660865694284439,DAY_VOTE,1,,Worker,,2,run_1785019593_29867e,,1337023958,disabled,Agent_0,0,
Agent_7,6,VOTE_TARGET,,0.000009,0.002378,judge_disabled,,6,0.22779437899589539,DAY_VOTE,1,,Werewolf,,2,run_1785019593_29867e,,1337023958,disabled,Agent_6,0,
Agent_8,0,VOTE_TARGET,,0.002274,0.048331,judge_disabled,,6,0.19525566697120667,DAY_VOTE,1,,Worker,,2,run_1785019593_29867e,,1337023958,disabled,Agent_0,0,
Agent_1,8,KILL_TARGET,,,,,,4,0.21732454001903534,NIGHT_KILL,2,,Werewolf,,2,run_1785019593_29867e,,1337023958,disabled,,,
Agent_1,2,TALK_INTENT,,,,,,,0.21732454001903534,DAY_DISCUSS,0,,Werewolf,,3,run_1785019593_29867e,,1337023958,disabled,,,
Agent_3,2,TALK_INTENT,,,,,,,0.1720457375049591,DAY_DISCUSS,0,,Worker,,3,run_1785019593_29867e,,1337023958,disabled,,,
Agent_4,2,TALK_INTENT,,,,,,,0.2702183127403259,DAY_DISCUSS,0,,Worker,,3,run_1785019593_29867e,,1337023958,disabled,,,
Agent_6,2,TALK_INTENT,,,,,,,0.11660865694284439,DAY_DISCUSS,0,,Worker,,3,run_1785019593_29867e,,1337023958,disabled,,,
Agent_7,2,TALK_INTENT,,,,,,,0.22779437899589539,DAY_DISCUSS,0,,Werewolf,,3,run_1785019593_29867e,,1337023958,disabled,,,
Agent_1,0,TALK_INTENT,,,,,,,0.21732454001903534,DAY_DISCUSS,0,,Werewolf,,3,run_1785019593_29867e,,1337023958,disabled,,,
Agent_3,4,TALK_INTENT,,,,,,,0.1720457375049591,DAY_DISCUSS,0,,Worker,,3,run_1785019593_29867e,,1337023958,disabled,,,
Agent_4,4,TALK_INTENT,,,,,,,0.2702183127403259,DAY_DISCUSS,0,,Worker,,3,run_1785019593_29867e,,1337023958,disabled,,,
Agent_6,2,TALK_INTENT,,,,,,,0.11660865694284439,DAY_DISCUSS,0,,Worker,,3,run_1785019593_29867e,,1337023958,disabled,,,
Agent_7,4,TALK_INTENT,,,,,,,0.22779437899589539,DAY_DISCUSS,0,,Werewolf,,3,run_1785019593_29867e,,1337023958,disabled,,,
Agent_1,6,VOTE_TARGET,,0.000009,0.002390,judge_disabled,,4,0.21732454001903534,DAY_VOTE,1,,Werewolf,,3,run_1785019593_29867e,,1337023958,disabled,Agent_6,0,
Agent_3,7,VOTE_TARGET,,0.002311,0.048852,judge_disabled,,4,0.1720457375049591,DAY_VOTE,1,,Worker,,3,run_1785019593_29867e,,1337023958,disabled,Agent_7,1,
Agent_4,7,VOTE_TARGET,,0.000009,0.002374,judge_disabled,,4,0.2702183127403259,DAY_VOTE,1,,Worker,,3,run_1785019593_29867e,,1337023958,disabled,Agent_7,1,
Agent_6,7,VOTE_TARGET,,0.000009,0.002374,judge_disabled,,4,0.11660865694284439,DAY_VOTE,1,,Worker,,3,run_1785019593_29867e,,1337023958,disabled,Agent_7,1,
Agent_7,6,VOTE_TARGET,,0.002306,0.048805,judge_disabled,,4,0.22779437899589539,DAY_VOTE,1,,Werewolf,,3,run_1785019593_29867e,,1337023958,disabled,Agent_6,0,
Agent_1,3,KILL_TARGET,,,,,,3,0.21732454001903534,NIGHT_KILL,2,,Werewolf,,3,run_1785019593_29867e,,1337023958,disabled,,,
Agent_1,0,TALK_INTENT,,,,,,,0.21732454001903534,DAY_DISCUSS,0,,Werewolf,,4,run_1785019593_29867e,,1337023958,disabled,,,
Agent_4,3,TALK_INTENT,,,,,,,0.2702183127403259,DAY_DISCUSS,0,,Worker,,4,run_1785019593_29867e,,1337023958,disabled,,,
Agent_6,0,TALK_INTENT,,,,,,,0.11660865694284439,DAY_DISCUSS,0,,Worker,,4,run_1785019593_29867e,,1337023958,disabled,,,
Agent_1,0,TALK_INTENT,,,,,,,0.21732454001903534,DAY_DISCUSS,0,,Werewolf,,4,run_1785019593_29867e,,1337023958,disabled,,,
Agent_4,1,TALK_INTENT,,,,,,,0.2702183127403259,DAY_DISCUSS,0,,Worker,,4,run_1785019593_29867e,,1337023958,disabled,,,
Agent_6,0,TALK_INTENT,,,,,,,0.11660865694284439,DAY_DISCUSS,0,,Worker,,4,run_1785019593_29867e,,1337023958,disabled,,,
Agent_1,6,VOTE_TARGET,,0.002360,0.049435,judge_disabled,,2,0.21732454001903534,DAY_VOTE,1,,Werewolf,,4,run_1785019593_29867e,,1337023958,disabled,Agent_6,0,
Agent_4,1,VOTE_TARGET,,0.000009,0.002436,judge_disabled,,2,0.2702183127403259,DAY_VOTE,1,,Worker,,4,run_1785019593_29867e,,1337023958,disabled,Agent_1,1,
Agent_6,1,VOTE_TARGET,,0.000009,0.002436,judge_disabled,,2,0.11660865694284439,DAY_VOTE,1,,Worker,,4,run_1785019593_29867e,,1337023958,disabled,Agent_1,1,
Agent_0,1,TALK_INTENT,,,,,,,0.39172276854515076,DAY_DISCUSS,0,,Worker,,1,run_1785019598_40d8a3,,1337033931,disabled,,,
Agent_1,2,TALK_INTENT,,,,,,,0.21732454001903534,DAY_DISCUSS,0,,Worker,,1,run_1785019598_40d8a3,,1337033931,disabled,,,
Agent_2,0,TALK_INTENT,,,,,,,0.4317970275878906,DAY_DISCUSS,0,,Worker,,1,run_1785019598_40d8a3,,1337033931,disabled,,,
Agent_3,4,TALK_INTENT,,,,,,,0.1720457375049591,DAY_DISCUSS,0,,Werewolf,,1,run_1785019598_40d8a3,,1337033931,disabled,,,
Agent_4,3,TALK_INTENT,,,,,,,0.2702183127403259,DAY_DISCUSS,0,,Worker,,1,run_1785019598_40d8a3,,1337033931,disabled,,,
Agent_5,3,TALK_INTENT,,,,,,,0.35103756189346313,DAY_DISCUSS,0,,Werewolf,,1,run_1785019598_40d8a3,,1337033931,disabled,,,
Agent_6,3,TALK_INTENT,,,,,,,0.11660865694284439,DAY_DISCUSS,0,,Worker,,1,run_1785019598_40d8a3,,1337033931,disabled,,,
Agent_7,1,TALK_INTENT,,,,,,,0.22779437899589539,DAY_DISCUSS,0,,Worker,,1,run_1785019598_40d8a3,,1337033931,disabled,,,
Agent_8,0,TALK_INTENT,,,,,,,0.19525566697120667,DAY_DISCUSS,0,,Worker,,1,run_1785019598_40d8a3,,1337033931,disabled,,,
Agent_0,1,TALK_INTENT,,,,,,,0.39172276854515076,DAY_DISCUSS,0,,Worker,,1,run_1785019598_40d8a3,,1337033931,disabled,,,
Agent_1,0,TALK_INTENT,,,,,,,0.21732454001903534,DAY_DISCUSS,0,,Worker,,1,run_1785019598_40d8a3,,1337033931,disabled,,,
Agent_2,4,TALK_INTENT,,,,,,,0.4317970275878906,DAY_DISCUSS,0,,Worker,,1,run_1785019598_40d8a3,,1337033931,disabled,,,
Agent_3,0,TALK_INTENT,,,,,,,0.1720457375049591,DAY_DISCUSS,0,,Werewolf,,1,run_1785019598_40d8a3,,1337033931,disabled,,,
Agent_4,2,TALK_INTENT,,,,,,,0.2702183127403259,DAY_DISCUSS,0,,Worker,,1,run_1785019598_40d8a3,,1337033931,disabled,,,
Agent_5,0,TALK_INTENT,,,,,,,0.35103756189346313,DAY_DISCUSS,0,,Werewolf,,1,run_1785019598_40d8a3,,1337033931,disabled,,,
Agent_6,2,TALK_INTENT,,,,,,,0.11660865694284439,DAY_DISCUSS,0,,Worker,,1,run_1785019598_40d8a3,,1337033931,disabled,,,
Agent_7,0,TALK_INTENT,,,,,,,0.22779437899589539,DAY_DISCUSS,0,,Worker,,1,run_1785019598_40d8a3,,1337033931,disabled,,,
Agent_8,3,TALK_INTENT,,,,,,,0.19525566697120667,DAY_DISCUSS,0,,Worker,,1,run_1785019598_40d8a3,,1337033931,disabled,,,
Agent_0,5,VOTE_TARGET,,0.000009,0.002387,judge_disabled,,8,0.39172276854515076,DAY_VOTE,1,,Worker,,1,run_1785019598_40d8a3,,1337033931,disabled,Agent_5,1,
Agent_1,5,VOTE_TARGET,,0.002248,0.047863,judge_disabled,,8,0.21732454001903534,DAY_VOTE,1,,Worker,,1,run_1785019598_40d8a3,,1337033931,disabled,Agent_5,1,
Agent_2,5,VOTE_TARGET,,0.000009,0.002387,judge_disabled,,8,0.4317970275878906,DAY_VOTE,1,,Worker,,1,run_1785019598_40d8a3,,1337033931,disabled,Agent_5,1,
Agent_3,6,VOTE_TARGET,,0.000009,0.002406,judge_disabled,,8,0.1720457375049591,DAY_VOTE,1,,Werewolf,,1,run_1785019598_40d8a3,,1337033931,disabled,Agent_6,0,
Agent_4,5,VOTE_TARGET,,0.000009,0.002387,judge_disabled,,8,0.2702183127403259,DAY_VOTE,1,,Worker,,1,run_1785019598_40d8a3,,1337033931,disabled,Agent_5,1,
Agent_5,6,VOTE_TARGET,,0.002248,0.047863,judge_disabled,,8,0.35103756189346313,DAY_VOTE,1,,Werewolf,,1,run_1785019598_40d8a3,,1337033931,disabled,Agent_6,0,
Agent_6,5,VOTE_TARGET,,0.000009,0.002387,judge_disabled,,8,0.11660865694284439,DAY_VOTE,1,,Worker,,1,run_1785019598_40d8a3,,1337033931,disabled,Agent_5,1,
Agent_7,5,VOTE_TARGET,,0.000009,0.002387,judge_disabled,,8,0.22779437899589539,DAY_VOTE,1,,Worker,,1,run_1785019598_40d8a3,,1337033931,disabled,Agent_5,1,
Agent_8,5,VOTE_TARGET,,0.000009,0.002387,judge_disabled,,8,0.19525566697120667,DAY_VOTE,1,,Worker,,1,run_1785019598_40d8a3,,1337033931,disabled,Agent_5,1,
Agent_3,1,KILL_TARGET,,,,,,7,0.1720457375049591,NIGHT_KILL,2,,Werewolf,,1,run_1785019598_40d8a3,,1337033931,disabled,,,
Agent_0,1,TALK_INTENT,,,,,,,0.39172276854515076,DAY_DISCUSS,0,,Worker,,2,run_1785019598_40d8a3,,1337033931,disabled,,,
Agent_2,2,TALK_INTENT,,,,,,,0.4317970275878906,DAY_DISCUSS,0,,Worker,,2,run_1785019598_40d8a3,,1337033931,disabled,,,
Agent_3,2,TALK_INTENT,,,,,,,0.1720457375049591,DAY_DISCUSS,0,,Werewolf,,2,run_1785019598_40d8a3,,1337033931,disabled,,,
Agent_4,3,TALK_INTENT,,,,,,,0.2702183127403259,DAY_DISCUSS,0,,Worker,,2,run_1785019598_40d8a3,,1337033931,disabled,,,
Agent_6,0,TALK_INTENT,,,,,,,0.11660865694284439,DAY_DISCUSS,0,,Worker,,2,run_1785019598_40d8a3,,1337033931,disabled,,,
Agent_7,2,TALK_INTENT,,,,,,,0.22779437899589539,DAY_DISCUSS,0,,Worker,,2,run_1785019598_40d8a3,,1337033931,disabled,,,
Agent_8,1,TALK_INTENT,,,,,,,0.19525566697120667,DAY_DISCUSS,0,,Worker,,2,run_1785019598_40d8a3,,1337033931,disabled,,,
Agent_0,2,TALK_INTENT,,,,,,,0.39172276854515076,DAY_DISCUSS,0,,Worker,,2,run_1785019598_40d8a3,,1337033931,disabled,,,
Agent_2,3,TALK_INTENT,,,,,,,0.4317970275878906,DAY_DISCUSS,0,,Worker,,2,run_1785019598_40d8a3,,1337033931,disabled,,,
Agent_3,1,TALK_INTENT,,,,,,,0.1720457375049591,DAY_DISCUSS,0,,Werewolf,,2,run_1785019598_40d8a3,,1337033931,disabled,,,
Agent_4,3,TALK_INTENT,,,,,,,0.2702183127403259,DAY_DISCUSS,0,,Worker,,2,run_1785019598_40d8a3,,1337033931,disabled,,,
Agent_6,3,TALK_INTENT,,,,,,,0.11660865694284439,DAY_DISCUSS,0,,Worker,,2,run_1785019598_40d8a3,,1337033931,disabled,,,
Agent_7,1,TALK_INTENT,,,,,,,0.22779437899589539,DAY_DISCUSS,0,,Worker,,2,run_1785019598_40d8a3,,1337033931,disabled,,,
Agent_8,0,TALK_INTENT,,,,,,,0.19525566697120667,DAY_DISCUSS,0,,Worker,,2,run_1785019598_40d8a3,,1337033931,disabled,,,
Agent_0,7,VOTE_TARGET,,0.002274,0.048331,judge_disabled,,6,0.39172276854515076,DAY_VOTE,1,,Worker,,2,run_1785019598_40d8a3,,1337033931,disabled,Agent_7,0,
Agent_2,0,VOTE_TARGET,,0.002274,0.048331,judge_disabled,,6,0.4317970275878906,DAY_VOTE,1,,Worker,,2,run_1785019598_40d8a3,,1337033931,disabled,Agent_0,0,
Agent_3,6,VOTE_TARGET,,0.000009,0.002378,judge_disabled,,6,0.1720457375049591,DAY_VOTE,1,,Werewolf,,2,run_1785019598_40d8a3,,1337033931,disabled,Agent_6,0,
Agent_4,0,VOTE_TARGET,,0.000009,0.002375,judge_disabled,,6,0.2702183127403259,DAY_VOTE,1,,Worker,,2,run_1785019598_40d8a3,,1337033931,disabled,Agent_0,0,
Agent_6,0,VOTE_TARGET,,0.000009,0.002375,judge_disabled,,6,0.11660865694284439,DAY_VOTE,1,,Worker,,2,run_1785019598_40d8a3,,1337033931,disabled,Agent_0,0,
Agent_7,0,VOTE_TARGET,,0.000009,0.002375,judge_disabled,,6,0.22779437899589539,DAY_VOTE,1,,Worker,,2,run_1785019598_40d8a3,,1337033931,disabled,Agent_0,0,
Agent_8,0,VOTE_TARGET,,0.000009,0.002375,judge_disabled,,6,0.19525566697120667,DAY_VOTE,1,,Worker,,2,run_1785019598_40d8a3,,1337033931,disabled,Agent_0,0,
Agent_3,2,KILL_TARGET,,,,,,5,0.1720457375049591,NIGHT_KILL,2,,Werewolf,,2,run_1785019598_40d8a3,,1337033931,disabled,,,
Agent_3,0,TALK_INTENT,,,,,,,0.1720457375049591,DAY_DISCUSS,0,,Werewolf,,3,run_1785019598_40d8a3,,1337033931,disabled,,,
Agent_4,1,TALK_INTENT,,,,,,,0.2702183127403259,DAY_DISCUSS,0,,Worker,,3,run_1785019598_40d8a3,,1337033931,disabled,,,
Agent_6,2,TALK_INTENT,,,,,,,0.11660865694284439,DAY_DISCUSS,0,,Worker,,3,run_1785019598_40d8a3,,1337033931,disabled,,,
Agent_7,1,TALK_INTENT,,,,,,,0.22779437899589539,DAY_DISCUSS,0,,Worker,,3,run_1785019598_40d8a3,,1337033931,disabled,,,
Agent_8,2,TALK_INTENT,,,,,,,0.19525566697120667,DAY_DISCUSS,0,,Worker,,3,run_1785019598_40d8a3,,1337033931,disabled,,,
Agent_3,1,TALK_INTENT,,,,,,,0.1720457375049591,DAY_DISCUSS,0,,Werewolf,,3,run_1785019598_40d8a3,,1337033931,disabled,,,
Agent_4,4,TALK_INTENT,,,,,,,0.2702183127403259,DAY_DISCUSS,0,,Worker,,3,run_1785019598_40d8a3,,1337033931,disabled,,,
Agent_6,4,TALK_INTENT,,,,,,,0.11660865694284439,DAY_DISCUSS,0,,Worker,,3,run_1785019598_40d8a3,,1337033931,disabled,,,
Agent_7,4,TALK_INTENT,,,,,,,0.22779437899589539,DAY_DISCUSS,0,,Worker,,3,run_1785019598_40d8a3,,1337033931,disabled,,,
Agent_8,2,TALK_INTENT,,,,,,,0.19525566697120667,DAY_DISCUSS,0,,Worker,,3,run_1785019598_40d8a3,,1337033931,disabled,,,
Agent_3,6,VOTE_TARGET,,0.000009,0.002390,judge_disabled,,4,0.1720457375049591,DAY_VOTE,1,,Werewolf,,3,run_1785019598_40d8a3,,1337033931,disabled,Agent_6,0,
Agent_4,7,VOTE_TARGET,,0.000009,0.002374,judge_disabled,,4,0.2702183127403259,DAY_VOTE,1,,Worker,,3,run_1785019598_40d8a3,,1337033931,disabled,Agent_7,0,
Agent_6,7,VOTE_TARGET,,0.000009,0.002374,judge_disabled,,4,0.11660865694284439,DAY_VOTE,1,,Worker,,3,run_1785019598_40d8a3,,1337033931,disabled,Agent_7,0,
Agent_7,8,VOTE_TARGET,,0.002311,0.048852,judge_disabled,,4,0.22779437899589539,DAY_VOTE,1,,Worker,,3,run_1785019598_40d8a3,,1337033931,disabled,Agent_8,0,
Agent_8,7,VOTE_TARGET,,0.002311,0.048852,judge_disabled,,4,0.19525566697120667,DAY_VOTE,1,,Worker,,3,run_1785019598_40d8a3,,1337033931,disabled,Agent_7,0,
Agent_3,8,KILL_TARGET,,,,,,3,0.1720457375049591,NIGHT_KILL,2,,Werewolf,,3,run_1785019598_40d8a3,,1337033931,disabled,,,
Agent_3,2,TALK_INTENT,,,,,,,0.1720457375049591,DAY_DISCUSS,0,,Werewolf,,4,run_1785019598_40d8a3,,1337033931,disabled,,,
Agent_4,4,TALK_INTENT,,,,,,,0.2702183127403259,DAY_DISCUSS,0,,Worker,,4,run_1785019598_40d8a3,,1337033931,disabled,,,
Agent_6,3,TALK_INTENT,,,,,,,0.11660865694284439,DAY_DISCUSS,0,,Worker,,4,run_1785019598_40d8a3,,1337033931,disabled,,,
Agent_3,3,TALK_INTENT,,,,,,,0.1720457375049591,DAY_DISCUSS,0,,Werewolf,,4,run_1785019598_40d8a3,,1337033931,disabled,,,
Agent_4,0,TALK_INTENT,,,,,,,0.2702183127403259,DAY_DISCUSS,0,,Worker,,4,run_1785019598_40d8a3,,1337033931,disabled,,,
Agent_6,0,TALK_INTENT,,,,,,,0.11660865694284439,DAY_DISCUSS,0,,Worker,,4,run_1785019598_40d8a3,,1337033931,disabled,,,
Agent_3,6,VOTE_TARGET,,0.000010,0.002439,judge_disabled,,2,0.1720457375049591,DAY_VOTE,1,,Werewolf,,4,run_1785019598_40d8a3,,1337033931,disabled,Agent_6,0,
Agent_4,6,VOTE_TARGET,,0.002360,0.049434,judge_disabled,,2,0.2702183127403259,DAY_VOTE,1,,Worker,,4,run_1785019598_40d8a3,,1337033931,disabled,Agent_6,0,
Agent_6,4,VOTE_TARGET,,0.002360,0.049434,judge_disabled,,2,0.11660865694284439,DAY_VOTE,1,,Worker,,4,run_1785019598_40d8a3,,1337033931,disabled,Agent_4,0,
Agent_3,4,KILL_TARGET,,,,,,1,0.1720457375049591,NIGHT_KILL,2,,Werewolf,,4,run_1785019598_40d8a3,,1337033931,disabled,,,
Agent_0,0,TALK_INTENT,,,,,,,0.39172276854515076,DAY_DISCUSS,0,,Worker,,1,run_1785019715_3bc65a,,99,disabled,,,
Agent_1,0,TALK_INTENT,,,,,,,0.21732454001903534,DAY_DISCUSS,0,,Worker,,1,run_1785019715_3bc65a,,99,disabled,,,
Agent_2,4,TALK_INTENT,,,,,,,0.4317970275878906,DAY_DISCUSS,0,,Werewolf,,1,run_1785019715_3bc65a,,99,disabled,,,
Agent_3,2,TALK_INTENT,,,,,,,0.1720457375049591,DAY_DISCUSS,0,,Worker,,1,run_1785019715_3bc65a,,99,disabled,,,
Agent_4,3,TALK_INTENT,,,,,,,0.2702183127403259,DAY_DISCUSS,0,,Worker,,1,run_1785019715_3bc65a,,99,disabled,,,
Agent_5,0,TALK_INTENT,,,,,,,0.35103756189346313,DAY_DISCUSS,0,,Worker,,1,run_1785019715_3bc65a,,99,disabled,,,
Agent_6,3,TALK_INTENT,,,,,,,0.11660865694284439,DAY_DISCUSS,0,,Werewolf,,1,run_1785019715_3bc65a,,99,disabled,,,
Agent_7,1,TALK_INTENT,,,,,,,0.22779437899589539,DAY_DISCUSS,0,,Worker,,1,run_1785019715_3bc65a,,99,disabled,,,
Agent_8,0,TALK_INTENT,,,,,,,0.19525566697120667,DAY_DISCUSS,0,,Worker,,1,run_1785019715_3bc65a,,99,disabled,,,
Agent_0,1,TALK_INTENT,,,,,,,0.39172276854515076,DAY_DISCUSS,0,,Worker,,1,run_1785019715_3bc65a,,99,disabled,,,
Agent_1,0,TALK_INTENT,,,,,,,0.21732454001903534,DAY_DISCUSS,0,,Worker,,1,run_1785019715_3bc65a,,99,disabled,,,
Agent_2,2,TALK_INTENT,,,,,,,0.4317970275878906,DAY_DISCUSS,0,,Werewolf,,1,run_1785019715_3bc65a,,99,disabled,,,
Agent_3,3,TALK_INTENT,,,,,,,0.1720457375049591,DAY_DISCUSS,0,,Worker,,1,run_1785019715_3bc65a,,99,disabled,,,
Agent_4,0,TALK_INTENT,,,,,,,0.2702183127403259,DAY_DISCUSS,0,,Worker,,1,run_1785019715_3bc65a,,99,disabled,,,
Agent_5,2,TALK_INTENT,,,,,,,0.35103756189346313,DAY_DISCUSS,0,,Worker,,1,run_1785019715_3bc65a,,99,disabled,,,
Agent_6,4,TALK_INTENT,,,,,,,0.11660865694284439,DAY_DISCUSS,0,,Werewolf,,1,run_1785019715_3bc65a,,99,disabled,,,
Agent_7,2,TALK_INTENT,,,,,,,0.22779437899589539,DAY_DISCUSS,0,,Worker,,1,run_1785019715_3bc65a,,99,disabled,,,
Agent_8,0,TALK_INTENT,,,,,,,0.19525566697120667,DAY_DISCUSS,0,,Worker,,1,run_1785019715_3bc65a,,99,disabled,,,
Agent_0,5,VOTE_TARGET,,0.000262,0.013122,judge_disabled,,8,0.39172276854515076,DAY_VOTE,1,,Worker,,1,run_1785019715_3bc65a,,99,disabled,Agent_5,0,
Agent_1,5,VOTE_TARGET,,0.002459,0.048227,judge_disabled,,8,0.21732454001903534,DAY_VOTE,1,,Worker,,1,run_1785019715_3bc65a,,99,disabled,Agent_5,0,
Agent_2,6,VOTE_TARGET,,0.000260,0.012362,judge_disabled,,8,0.4317970275878906,DAY_VOTE,1,,Werewolf,,1,run_1785019715_3bc65a,,99,disabled,Agent_6,1,
Agent_3,5,VOTE_TARGET,,0.000264,0.012520,judge_disabled,,8,0.1720457375049591,DAY_VOTE,1,,Worker,,1,run_1785019715_3bc65a,,99,disabled,Agent_5,0,
Agent_4,5,VOTE_TARGET,,0.000255,0.012815,judge_disabled,,8,0.2702183127403259,DAY_VOTE,1,,Worker,,1,run_1785019715_3bc65a,,99,disabled,Agent_5,0,
Agent_5,0,VOTE_TARGET,,0.002587,0.050171,judge_disabled,,8,0.35103756189346313,DAY_VOTE,1,,Worker,,1,run_1785019715_3bc65a,,99,disabled,Agent_0,0,
Agent_6,5,VOTE_TARGET,,0.000285,0.012942,judge_disabled,,8,0.11660865694284439,DAY_VOTE,1,,Werewolf,,1,run_1785019715_3bc65a,,99,disabled,Agent_5,0,
Agent_7,5,VOTE_TARGET,,0.000307,0.013464,judge_disabled,,8,0.22779437899589539,DAY_VOTE,1,,Worker,,1,run_1785019715_3bc65a,,99,disabled,Agent_5,0,
Agent_8,5,VOTE_TARGET,,0.000260,0.013052,judge_disabled,,8,0.19525566697120667,DAY_VOTE,1,,Worker,,1,run_1785019715_3bc65a,,99,disabled,Agent_5,0,
Agent_2,1,KILL_TARGET,,,,,,6,0.4317970275878906,NIGHT_KILL,2,,Werewolf,,1,run_1785019715_3bc65a,,99,disabled,,,
Agent_0,4,TALK_INTENT,,,,,,,0.39172276854515076,DAY_DISCUSS,0,,Worker,,2,run_1785019715_3bc65a,,99,disabled,,,
Agent_2,0,TALK_INTENT,,,,,,,0.4317970275878906,DAY_DISCUSS,0,,Werewolf,,2,run_1785019715_3bc65a,,99,disabled,,,
Agent_3,0,TALK_INTENT,,,,,,,0.1720457375049591,DAY_DISCUSS,0,,Worker,,2,run_1785019715_3bc65a,,99,disabled,,,
Agent_4,1,TALK_INTENT,,,,,,,0.2702183127403259,DAY_DISCUSS,0,,Worker,,2,run_1785019715_3bc65a,,99,disabled,,,
Agent_6,4,TALK_INTENT,,,,,,,0.11660865694284439,DAY_DISCUSS,0,,Werewolf,,2,run_1785019715_3bc65a,,99,disabled,,,
Agent_7,1,TALK_INTENT,,,,,,,0.22779437899589539,DAY_DISCUSS,0,,Worker,,2,run_1785019715_3bc65a,,99,disabled,,,
Agent_8,2,TALK_INTENT,,,,,,,0.19525566697120667,DAY_DISCUSS,0,,Worker,,2,run_1785019715_3bc65a,,99,disabled,,,
Agent_0,0,TALK_INTENT,,,,,,,0.39172276854515076,DAY_DISCUSS,0,,Worker,,2,run_1785019715_3bc65a,,99,disabled,,,
Agent_2,1,TALK_INTENT,,,,,,,0.4317970275878906,DAY_DISCUSS,0,,Werewolf,,2,run_1785019715_3bc65a,,99,disabled,,,
Agent_3,4,TALK_INTENT,,,,,,,0.1720457375049591,DAY_DISCUSS,0,,Worker,,2,run_1785019715_3bc65a,,99,disabled,,,
Agent_4,1,TALK_INTENT,,,,,,,0.2702183127403259,DAY_DISCUSS,0,,Worker,,2,run_1785019715_3bc65a,,99,disabled,,,
Agent_6,0,TALK_INTENT,,,,,,,0.11660865694284439,DAY_DISCUSS,0,,Werewolf,,2,run_1785019715_3bc65a,,99,disabled,,,
Agent_7,0,TALK_INTENT,,,,,,,0.22779437899589539,DAY_DISCUSS,0,,Worker,,2,run_1785019715_3bc65a,,99,disabled,,,
Agent_8,2,TALK_INTENT,,,,,,,0.19525566697120667,DAY_DISCUSS,0,,Worker,,2,run_1785019715_3bc65a,,99,disabled,,,
Agent_0,7,VOTE_TARGET,,0.001781,0.049049,judge_disabled,,6,0.39172276854515076,DAY_VOTE,1,,Worker,,2,run_1785019715_3bc65a,,99,disabled,Agent_7,0,
Agent_2,6,VOTE_TARGET,,0.000258,0.012332,judge_disabled,,6,0.4317970275878906,DAY_VOTE,1,,Werewolf,,2,run_1785019715_3bc65a,,99,disabled,Agent_6,1,
Agent_3,0,VOTE_TARGET,,0.000264,0.012518,judge_disabled,,6,0.1720457375049591,DAY_VOTE,1,,Worker,,2,run_1785019715_3bc65a,,99,disabled,Agent_0,0,
Agent_4,0,VOTE_TARGET,,0.000254,0.012797,judge_disabled,,6,0.2702183127403259,DAY_VOTE,1,,Worker,,2,run_1785019715_3bc65a,,99,disabled,Agent_0,0,
Agent_6,3,VOTE_TARGET,,0.000285,0.012948,judge_disabled,,6,0.11660865694284439,DAY_VOTE,1,,Werewolf,,2,run_1785019715_3bc65a,,99,disabled,Agent_3,0,
Agent_7,0,VOTE_TARGET,,0.000306,0.013447,judge_disabled,,6,0.22779437899589539,DAY_VOTE,1,,Worker,,2,run_1785019715_3bc65a,,99,disabled,Agent_0,0,
Agent_8,0,VOTE_TARGET,,0.002782,0.054413,judge_disabled,,6,0.19525566697120667,DAY_VOTE,1,,Worker,,2,run_1785019715_3bc65a,,99,disabled,Agent_0,0,
Agent_2,8,KILL_TARGET,,,,,,4,0.4317970275878906,NIGHT_KILL,2,,Werewolf,,2,run_1785019715_3bc65a,,99,disabled,,,
Agent_2,3,TALK_INTENT,,,,,,,0.4317970275878906,DAY_DISCUSS,0,,Werewolf,,3,run_1785019715_3bc65a,,99,disabled,,,
Agent_3,1,TALK_INTENT,,,,,,,0.1720457375049591,DAY_DISCUSS,0,,Worker,,3,run_1785019715_3bc65a,,99,disabled,,,
Agent_4,3,TALK_INTENT,,,,,,,0.2702183127403259,DAY_DISCUSS,0,,Worker,,3,run_1785019715_3bc65a,,99,disabled,,,
Agent_6,1,TALK_INTENT,,,,,,,0.11660865694284439,DAY_DISCUSS,0,,Werewolf,,3,run_1785019715_3bc65a,,99,disabled,,,
Agent_7,4,TALK_INTENT,,,,,,,0.22779437899589539,DAY_DISCUSS,0,,Worker,,3,run_1785019715_3bc65a,,99,disabled,,,
Agent_2,3,TALK_INTENT,,,,,,,0.4317970275878906,DAY_DISCUSS,0,,Werewolf,,3,run_1785019715_3bc65a,,99,disabled,,,
Agent_3,2,TALK_INTENT,,,,,,,0.1720457375049591,DAY_DISCUSS,0,,Worker,,3,run_1785019715_3bc65a,,99,disabled,,,
Agent_4,4,TALK_INTENT,,,,,,,0.2702183127403259,DAY_DISCUSS,0,,Worker,,3,run_1785019715_3bc65a,,99,disabled,,,
Agent_6,2,TALK_INTENT,,,,,,,0.11660865694284439,DAY_DISCUSS,0,,Werewolf,,3,run_1785019715_3bc65a,,99,disabled,,,
Agent_7,1,TALK_INTENT,,,,,,,0.22779437899589539,DAY_DISCUSS,0,,Worker,,3,run_1785019715_3bc65a,,99,disabled,,,
Agent_2,6,VOTE_TARGET,,0.000258,0.012342,judge_disabled,,4,0.4317970275878906,DAY_VOTE,1,,Werewolf,,3,run_1785019715_3bc65a,,99,disabled,Agent_6,1,
Agent_3,7,VOTE_TARGET,,0.002312,0.048333,judge_disabled,,4,0.1720457375049591,DAY_VOTE,1,,Worker,,3,run_1785019715_3bc65a,,99,disabled,Agent_7,0,
Agent_4,7,VOTE_TARGET,,0.000253,0.012795,judge_disabled,,4,0.2702183127403259,DAY_VOTE,1,,Worker,,3,run_1785019715_3bc65a,,99,disabled,Agent_7,0,
Agent_6,3,VOTE_TARGET,,0.000284,0.012946,judge_disabled,,4,0.11660865694284439,DAY_VOTE,1,,Werewolf,,3,run_1785019715_3bc65a,,99,disabled,Agent_3,0,
Agent_7,4,VOTE_TARGET,,0.002080,0.048477,judge_disabled,,4,0.22779437899589539,DAY_VOTE,1,,Worker,,3,run_1785019715_3bc65a,,99,disabled,Agent_4,0,
Agent_2,3,KILL_TARGET,,,,,,2,0.4317970275878906,NIGHT_KILL,2,,Werewolf,,3,run_1785019715_3bc65a,,99,disabled,,,
Agent_0,3,TALK_INTENT,,,,,,,0.39172276854515076,DAY_DISCUSS,0,,Worker,,1,run_1785019900_a7d83b,,1337004012,disabled,,,
Agent_1,3,TALK_INTENT,,,,,,,0.21732454001903534,DAY_DISCUSS,0,,Worker,,1,run_1785019900_a7d83b,,1337004012,disabled,,,
Agent_2,2,TALK_INTENT,,,,,,,0.4317970275878906,DAY_DISCUSS,0,,Werewolf,,1,run_1785019900_a7d83b,,1337004012,disabled,,,
Agent_3,2,TALK_INTENT,,,,,,,0.1720457375049591,DAY_DISCUSS,0,,Worker,,1,run_1785019900_a7d83b,,1337004012,disabled,,,
Agent_4,4,TALK_INTENT,,,,,,,0.2702183127403259,DAY_DISCUSS,0,,Werewolf,,1,run_1785019900_a7d83b,,1337004012,disabled,,,
Agent_5,3,TALK_INTENT,,,,,,,0.35103756189346313,DAY_DISCUSS,0,,Worker,,1,run_1785019900_a7d83b,,1337004012,disabled,,,
Agent_6,1,TALK_INTENT,,,,,,,0.11660865694284439,DAY_DISCUSS,0,,Worker,,1,run_1785019900_a7d83b,,1337004012,disabled,,,
Agent_7,4,TALK_INTENT,,,,,,,0.22779437899589539,DAY_DISCUSS,0,,Worker,,1,run_1785019900_a7d83b,,1337004012,disabled,,,
Agent_8,2,TALK_INTENT,,,,,,,0.19525566697120667,DAY_DISCUSS,0,,Worker,,1,run_1785019900_a7d83b,,1337004012,disabled,,,
Agent_0,2,TALK_INTENT,,,,,,,0.39172276854515076,DAY_DISCUSS,0,,Worker,,1,run_1785019900_a7d83b,,1337004012,disabled,,,
Agent_1,3,TALK_INTENT,,,,,,,0.21732454001903534,DAY_DISCUSS,0,,Worker,,1,run_1785019900_a7d83b,,1337004012,disabled,,,
Agent_2,2,TALK_INTENT,,,,,,,0.4317970275878906,DAY_DISCUSS,0,,Werewolf,,1,run_1785019900_a7d83b,,1337004012,disabled,,,
Agent_3,3,TALK_INTENT,,,,,,,0.1720457375049591,DAY_DISCUSS,0,,Worker,,1,run_1785019900_a7d83b,,1337004012,disabled,,,
Agent_4,4,TALK_INTENT,,,,,,,0.2702183127403259,DAY_DISCUSS,0,,Werewolf,,1,run_1785019900_a7d83b,,1337004012,disabled,,,
Agent_5,0,TALK_INTENT,,,,,,,0.35103756189346313,DAY_DISCUSS,0,,Worker,,1,run_1785019900_a7d83b,,1337004012,disabled,,,
Agent_6,2,TALK_INTENT,,,,,,,0.11660865694284439,DAY_DISCUSS,0,,Worker,,1,run_1785019900_a7d83b,,1337004012,disabled,,,
Agent_7,3,TALK_INTENT,,,,,,,0.22779437899589539,DAY_DISCUSS,0,,Worker,,1,run_1785019900_a7d83b,,1337004012,disabled,,,
Agent_8,2,TALK_INTENT,,,,,,,0.19525566697120667,DAY_DISCUSS,0,,Worker,,1,run_1785019900_a7d83b,,1337004012,disabled,,,
Agent_0,5,VOTE_TARGET,,0.000290,0.013055,judge_disabled,,8,0.39172276854515076,DAY_VOTE,1,,Worker,,1,run_1785019900_a7d83b,,1337004012,disabled,Agent_5,0,
Agent_1,5,VOTE_TARGET,,0.002488,0.049559,judge_disabled,,8,0.21732454001903534,DAY_VOTE,1,,Worker,,1,run_1785019900_a7d83b,,1337004012,disabled,Agent_5,0,
Agent_2,6,VOTE_TARGET,,0.000253,0.012204,judge_disabled,,8,0.4317970275878906,DAY_VOTE,1,,Werewolf,,1,run_1785019900_a7d83b,,1337004012,disabled,Agent_6,0,
Agent_3,5,VOTE_TARGET,,0.000236,0.011822,judge_disabled,,8,0.1720457375049591,DAY_VOTE,1,,Worker,,1,run_1785019900_a7d83b,,1337004012,disabled,Agent_5,0,
Agent_4,6,VOTE_TARGET,,0.000273,0.012692,judge_disabled,,8,0.2702183127403259,DAY_VOTE,1,,Werewolf,,1,run_1785019900_a7d83b,,1337004012,disabled,Agent_6,0,
Agent_5,0,VOTE_TARGET,,0.002529,0.051585,judge_disabled,,8,0.35103756189346313,DAY_VOTE,1,,Worker,,1,run_1785019900_a7d83b,,1337004012,disabled,Agent_0,0,
Agent_6,5,VOTE_TARGET,,0.000261,0.012462,judge_disabled,,8,0.11660865694284439,DAY_VOTE,1,,Worker,,1,run_1785019900_a7d83b,,1337004012,disabled,Agent_5,0,
Agent_7,5,VOTE_TARGET,,0.000316,0.013644,judge_disabled,,8,0.22779437899589539,DAY_VOTE,1,,Worker,,1,run_1785019900_a7d83b,,1337004012,disabled,Agent_5,0,
Agent_8,5,VOTE_TARGET,,0.000277,0.012809,judge_disabled,,8,0.19525566697120667,DAY_VOTE,1,,Worker,,1,run_1785019900_a7d83b,,1337004012,disabled,Agent_5,0,
Agent_2,1,KILL_TARGET,,,,,,6,0.4317970275878906,NIGHT_KILL,2,,Werewolf,,1,run_1785019900_a7d83b,,1337004012,disabled,,,
Agent_0,2,TALK_INTENT,,,,,,,0.39172276854515076,DAY_DISCUSS,0,,Worker,,2,run_1785019900_a7d83b,,1337004012,disabled,,,
Agent_2,3,TALK_INTENT,,,,,,,0.4317970275878906,DAY_DISCUSS,0,,Werewolf,,2,run_1785019900_a7d83b,,1337004012,disabled,,,
Agent_3,1,TALK_INTENT,,,,,,,0.1720457375049591,DAY_DISCUSS,0,,Worker,,2,run_1785019900_a7d83b,,1337004012,disabled,,,
Agent_4,2,TALK_INTENT,,,,,,,0.2702183127403259,DAY_DISCUSS,0,,Werewolf,,2,run_1785019900_a7d83b,,1337004012,disabled,,,
Agent_6,4,TALK_INTENT,,,,,,,0.11660865694284439,DAY_DISCUSS,0,,Worker,,2,run_1785019900_a7d83b,,1337004012,disabled,,,
Agent_7,1,TALK_INTENT,,,,,,,0.22779437899589539,DAY_DISCUSS,0,,Worker,,2,run_1785019900_a7d83b,,1337004012,disabled,,,
Agent_8,0,TALK_INTENT,,,,,,,0.19525566697120667,DAY_DISCUSS,0,,Worker,,2,run_1785019900_a7d83b,,1337004012,disabled,,,
Agent_0,3,TALK_INTENT,,,,,,,0.39172276854515076,DAY_DISCUSS,0,,Worker,,2,run_1785019900_a7d83b,,1337004012,disabled,,,
Agent_2,3,TALK_INTENT,,,,,,,0.4317970275878906,DAY_DISCUSS,0,,Werewolf,,2,run_1785019900_a7d83b,,1337004012,disabled,,,
Agent_3,2,TALK_INTENT,,,,,,,0.1720457375049591,DAY_DISCUSS,0,,Worker,,2,run_1785019900_a7d83b,,1337004012,disabled,,,
Agent_4,4,TALK_INTENT,,,,,,,0.2702183127403259,DAY_DISCUSS,0,,Werewolf,,2,run_1785019900_a7d83b,,1337004012,disabled,,,
Agent_6,2,TALK_INTENT,,,,,,,0.11660865694284439,DAY_DISCUSS,0,,Worker,,2,run_1785019900_a7d83b,,1337004012,disabled,,,
Agent_7,0,TALK_INTENT,,,,,,,0.22779437899589539,DAY_DISCUSS,0,,Worker,,2,run_1785019900_a7d83b,,1337004012,disabled,,,
Agent_8,0,TALK_INTENT,,,,,,,0.19525566697120667,DAY_DISCUSS,0,,Worker,,2,run_1785019900_a7d83b,,1337004012,disabled,,,
Agent_0,7,VOTE_TARGET,,0.002927,0.052009,judge_disabled,,6,0.39172276854515076,DAY_VOTE,1,,Worker,,2,run_1785019900_a7d83b,,1337004012,disabled,Agent_7,0,
Agent_2,6,VOTE_TARGET,,0.000252,0.012190,judge_disabled,,6,0.4317970275878906,DAY_VOTE,1,,Werewolf,,2,run_1785019900_a7d83b,,1337004012,disabled,Agent_6,0,
Agent_3,0,VOTE_TARGET,,0.000235,0.011816,judge_disabled,,6,0.1720457375049591,DAY_VOTE,1,,Worker,,2,run_1785019900_a7d83b,,1337004012,disabled,Agent_0,0,
Agent_4,6,VOTE_TARGET,,0.000272,0.012703,judge_disabled,,6,0.2702183127403259,DAY_VOTE,1,,Werewolf,,2,run_1785019900_a7d83b,,1337004012,disabled,Agent_6,0,
Agent_6,0,VOTE_TARGET,,0.000261,0.012469,judge_disabled,,6,0.11660865694284439,DAY_VOTE,1,,Worker,,2,run_1785019900_a7d83b,,1337004012,disabled,Agent_0,0,
Agent_7,0,VOTE_TARGET,,0.000315,0.013640,judge_disabled,,6,0.22779437899589539,DAY_VOTE,1,,Worker,,2,run_1785019900_a7d83b,,1337004012,disabled,Agent_0,0,
Agent_8,0,VOTE_TARGET,,0.002731,0.050478,judge_disabled,,6,0.19525566697120667,DAY_VOTE,1,,Worker,,2,run_1785019900_a7d83b,,1337004012,disabled,Agent_0,0,
Agent_2,8,KILL_TARGET,,,,,,4,0.4317970275878906,NIGHT_KILL,2,,Werewolf,,2,run_1785019900_a7d83b,,1337004012,disabled,,,
Agent_2,2,TALK_INTENT,,,,,,,0.4317970275878906,DAY_DISCUSS,0,,Werewolf,,3,run_1785019900_a7d83b,,1337004012,disabled,,,
Agent_3,3,TALK_INTENT,,,,,,,0.1720457375049591,DAY_DISCUSS,0,,Worker,,3,run_1785019900_a7d83b,,1337004012,disabled,,,
Agent_4,3,TALK_INTENT,,,,,,,0.2702183127403259,DAY_DISCUSS,0,,Werewolf,,3,run_1785019900_a7d83b,,1337004012,disabled,,,
Agent_6,0,TALK_INTENT,,,,,,,0.11660865694284439,DAY_DISCUSS,0,,Worker,,3,run_1785019900_a7d83b,,1337004012,disabled,,,
Agent_7,1,TALK_INTENT,,,,,,,0.22779437899589539,DAY_DISCUSS,0,,Worker,,3,run_1785019900_a7d83b,,1337004012,disabled,,,
Agent_2,0,TALK_INTENT,,,,,,,0.4317970275878906,DAY_DISCUSS,0,,Werewolf,,3,run_1785019900_a7d83b,,1337004012,disabled,,,
Agent_3,2,TALK_INTENT,,,,,,,0.1720457375049591,DAY_DISCUSS,0,,Worker,,3,run_1785019900_a7d83b,,1337004012,disabled,,,
Agent_4,4,TALK_INTENT,,,,,,,0.2702183127403259,DAY_DISCUSS,0,,Werewolf,,3,run_1785019900_a7d83b,,1337004012,disabled,,,
Agent_6,2,TALK_INTENT,,,,,,,0.11660865694284439,DAY_DISCUSS,0,,Worker,,3,run_1785019900_a7d83b,,1337004012,disabled,,,
Agent_7,3,TALK_INTENT,,,,,,,0.22779437899589539,DAY_DISCUSS,0,,Worker,,3,run_1785019900_a7d83b,,1337004012,disabled,,,
Agent_2,6,VOTE_TARGET,,0.000252,0.012194,judge_disabled,,4,0.4317970275878906,DAY_VOTE,1,,Werewolf,,3,run_1785019900_a7d83b,,1337004012,disabled,Agent_6,0,
Agent_3,7,VOTE_TARGET,,0.000234,0.011815,judge_disabled,,4,0.1720457375049591,DAY_VOTE,1,,Worker,,3,run_1785019900_a7d83b,,1337004012,disabled,Agent_7,0,
Agent_4,6,VOTE_TARGET,,0.000271,0.012700,judge_disabled,,4,0.2702183127403259,DAY_VOTE,1,,Werewolf,,3,run_1785019900_a7d83b,,1337004012,disabled,Agent_6,0,
Agent_6,7,VOTE_TARGET,,0.000260,0.012471,judge_disabled,,4,0.11660865694284439,DAY_VOTE,1,,Worker,,3,run_1785019900_a7d83b,,1337004012,disabled,Agent_7,0,
Agent_7,4,VOTE_TARGET,,0.001972,0.046764,judge_disabled,,4,0.22779437899589539,DAY_VOTE,1,,Worker,,3,run_1785019900_a7d83b,,1337004012,disabled,Agent_4,1,
Agent_2,7,KILL_TARGET,,,,,,3,0.4317970275878906,NIGHT_KILL,2,,Werewolf,,3,run_1785019900_a7d83b,,1337004012,disabled,,,
Agent_0,1,TALK_INTENT,,,,,,,0.39172276854515076,DAY_DISCUSS,0,,Worker,,1,run_1785019906_88d99c,,1337013985,disabled,,,
Agent_1,2,TALK_INTENT,,,,,,,0.21732454001903534,DAY_DISCUSS,0,,Worker,,1,run_1785019906_88d99c,,1337013985,disabled,,,
Agent_2,4,TALK_INTENT,,,,,,,0.4317970275878906,DAY_DISCUSS,0,,Worker,,1,run_1785019906_88d99c,,1337013985,disabled,,,
Agent_3,3,TALK_INTENT,,,,,,,0.1720457375049591,DAY_DISCUSS,0,,Worker,,1,run_1785019906_88d99c,,1337013985,disabled,,,
Agent_4,4,TALK_INTENT,,,,,,,0.2702183127403259,DAY_DISCUSS,0,,Werewolf,,1,run_1785019906_88d99c,,1337013985,disabled,,,
Agent_5,2,TALK_INTENT,,,,,,,0.35103756189346313,DAY_DISCUSS,0,,Werewolf,,1,run_1785019906_88d99c,,1337013985,disabled,,,
Agent_6,0,TALK_INTENT,,,,,,,0.11660865694284439,DAY_DISCUSS,0,,Worker,,1,run_1785019906_88d99c,,1337013985,disabled,,,
Agent_7,0,TALK_INTENT,,,,,,,0.22779437899589539,DAY_DISCUSS,0,,Worker,,1,run_1785019906_88d99c,,1337013985,disabled,,,
Agent_8,1,TALK_INTENT,,,,,,,0.19525566697120667,DAY_DISCUSS,0,,Worker,,1,run_1785019906_88d99c,,1337013985,disabled,,,
Agent_0,3,TALK_INTENT,,,,,,,0.39172276854515076,DAY_DISCUSS,0,,Worker,,1,run_1785019906_88d99c,,1337013985,disabled,,,
Agent_1,3,TALK_INTENT,,,,,,,0.21732454001903534,DAY_DISCUSS,0,,Worker,,1,run_1785019906_88d99c,,1337013985,disabled,,,
Agent_2,4,TALK_INTENT,,,,,,,0.4317970275878906,DAY_DISCUSS,0,,Worker,,1,run_1785019906_88d99c,,1337013985,disabled,,,
Agent_3,2,TALK_INTENT,,,,,,,0.1720457375049591,DAY_DISCUSS,0,,Worker,,1,run_1785019906_88d99c,,1337013985,disabled,,,
Agent_4,1,TALK_INTENT,,,,,,,0.2702183127403259,DAY_DISCUSS,0,,Werewolf,,1,run_1785019906_88d99c,,1337013985,disabled,,,
Agent_5,1,TALK_INTENT,,,,,,,0.35103756189346313,DAY_DISCUSS,0,,Werewolf,,1,run_1785019906_88d99c,,1337013985,disabled,,,
Agent_6,2,TALK_INTENT,,,,,,,0.11660865694284439,DAY_DISCUSS,0,,Worker,,1,run_1785019906_88d99c,,1337013985,disabled,,,
Agent_7,0,TALK_INTENT,,,,,,,0.22779437899589539,DAY_DISCUSS,0,,Worker,,1,run_1785019906_88d99c,,1337013985,disabled,,,
Agent_8,2,TALK_INTENT,,,,,,,0.19525566697120667,DAY_DISCUSS,0,,Worker,,1,run_1785019906_88d99c,,1337013985,disabled,,,
Agent_0,5,VOTE_TARGET,,0.000280,0.012879,judge_disabled,,8,0.39172276854515076,DAY_VOTE,1,,Worker,,1,run_1785019906_88d99c,,1337013985,disabled,Agent_5,1,
Agent_1,5,VOTE_TARGET,,0.003078,0.053638,judge_disabled,,8,0.21732454001903534,DAY_VOTE,1,,Worker,,1,run_1785019906_88d99c,,1337013985,disabled,Agent_5,1,
Agent_2,5,VOTE_TARGET,,0.000243,0.012607,judge_disabled,,8,0.4317970275878906,DAY_VOTE,1,,Worker,,1,run_1785019906_88d99c,,1337013985,disabled,Agent_5,1,
Agent_3,5,VOTE_TARGET,,0.000277,0.012750,judge_disabled,,8,0.1720457375049591,DAY_VOTE,1,,Worker,,1,run_1785019906_88d99c,,1337013985,disabled,Agent_5,1,
Agent_4,6,VOTE_TARGET,,0.000267,0.012764,judge_disabled,,8,0.2702183127403259,DAY_VOTE,1,,Werewolf,,1,run_1785019906_88d99c,,1337013985,disabled,Agent_6,0,
Agent_5,6,VOTE_TARGET,,0.002349,0.044517,judge_disabled,,8,0.35103756189346313,DAY_VOTE,1,,Werewolf,,1,run_1785019906_88d99c,,1337013985,disabled,Agent_6,0,
Agent_6,5,VOTE_TARGET,,0.000246,0.012297,judge_disabled,,8,0.11660865694284439,DAY_VOTE,1,,Worker,,1,run_1785019906_88d99c,,1337013985,disabled,Agent_5,1,
Agent_7,5,VOTE_TARGET,,0.000284,0.012936,judge_disabled,,8,0.22779437899589539,DAY_VOTE,1,,Worker,,1,run_1785019906_88d99c,,1337013985,disabled,Agent_5,1,
Agent_8,5,VOTE_TARGET,,0.000269,0.012568,judge_disabled,,8,0.19525566697120667,DAY_VOTE,1,,Worker,,1,run_1785019906_88d99c,,1337013985,disabled,Agent_5,1,
Agent_4,1,KILL_TARGET,,,,,,7,0.2702183127403259,NIGHT_KILL,2,,Werewolf,,1,run_1785019906_88d99c,,1337013985,disabled,,,
Agent_0,1,TALK_INTENT,,,,,,,0.39172276854515076,DAY_DISCUSS,0,,Worker,,2,run_1785019906_88d99c,,1337013985,disabled,,,
Agent_2,0,TALK_INTENT,,,,,,,0.4317970275878906,DAY_DISCUSS,0,,Worker,,2,run_1785019906_88d99c,,1337013985,disabled,,,
Agent_3,4,TALK_INTENT,,,,,,,0.1720457375049591,DAY_DISCUSS,0,,Worker,,2,run_1785019906_88d99c,,1337013985,disabled,,,
Agent_4,1,TALK_INTENT,,,,,,,0.2702183127403259,DAY_DISCUSS,0,,Werewolf,,2,run_1785019906_88d99c,,1337013985,disabled,,,
Agent_6,0,TALK_INTENT,,,,,,,0.11660865694284439,DAY_DISCUSS,0,,Worker,,2,run_1785019906_88d99c,,1337013985,disabled,,,
Agent_7,2,TALK_INTENT,,,,,,,0.22779437899589539,DAY_DISCUSS,0,,Worker,,2,run_1785019906_88d99c,,1337013985,disabled,,,
Agent_8,2,TALK_INTENT,,,,,,,0.19525566697120667,DAY_DISCUSS,0,,Worker,,2,run_1785019906_88d99c,,1337013985,disabled,,,
Agent_0,0,TALK_INTENT,,,,,,,0.39172276854515076,DAY_DISCUSS,0,,Worker,,2,run_1785019906_88d99c,,1337013985,disabled,,,
Agent_2,4,TALK_INTENT,,,,,,,0.4317970275878906,DAY_DISCUSS,0,,Worker,,2,run_1785019906_88d99c,,1337013985,disabled,,,
Agent_3,2,TALK_INTENT,,,,,,,0.1720457375049591,DAY_DISCUSS,0,,Worker,,2,run_1785019906_88d99c,,1337013985,disabled,,,
Agent_4,1,TALK_INTENT,,,,,,,0.2702183127403259,DAY_DISCUSS,0,,Werewolf,,2,run_1785019906_88d99c,,1337013985,disabled,,,
Agent_6,4,TALK_INTENT,,,,,,,0.11660865694284439,DAY_DISCUSS,0,,Worker,,2,run_1785019906_88d99c,,1337013985,disabled,,,
Agent_7,3,TALK_INTENT,,,,,,,0.22779437899589539,DAY_DISCUSS,0,,Worker,,2,run_1785019906_88d99c,,1337013985,disabled,,,
Agent_8,1,TALK_INTENT,,,,,,,0.19525566697120667,DAY_DISCUSS,0,,Worker,,2,run_1785019906_88d99c,,1337013985,disabled,,,
Agent_0,7,VOTE_TARGET,,0.002611,0.049711,judge_disabled,,6,0.39172276854515076,DAY_VOTE,1,,Worker,,2,run_1785019906_88d99c,,1337013985,disabled,Agent_7,0,
Agent_2,0,VOTE_TARGET,,0.002367,0.046498,judge_disabled,,6,0.4317970275878906,DAY_VOTE,1,,Worker,,2,run_1785019906_88d99c,,1337013985,disabled,Agent_0,0,
Agent_3,0,VOTE_TARGET,,0.000275,0.012739,judge_disabled,,6,0.1720457375049591,DAY_VOTE,1,,Worker,,2,run_1785019906_88d99c,,1337013985,disabled,Agent_0,0,
Agent_4,6,VOTE_TARGET,,0.000266,0.012772,judge_disabled,,6,0.2702183127403259,DAY_VOTE,1,,Werewolf,,2,run_1785019906_88d99c,,1337013985,disabled,Agent_6,0,
Agent_6,0,VOTE_TARGET,,0.000245,0.012291,judge_disabled,,6,0.11660865694284439,DAY_VOTE,1,,Worker,,2,run_1785019906_88d99c,,1337013985,disabled,Agent_0,0,
Agent_7,0,VOTE_TARGET,,0.000284,0.012943,judge_disabled,,6,0.22779437899589539,DAY_VOTE,1,,Worker,,2,run_1785019906_88d99c,,1337013985,disabled,Agent_0,0,
Agent_8,0,VOTE_TARGET,,0.000269,0.012583,judge_disabled,,6,0.19525566697120667,DAY_VOTE,1,,Worker,,2,run_1785019906_88d99c,,1337013985,disabled,Agent_0,0,
Agent_4,2,KILL_TARGET,,,,,,5,0.2702183127403259,NIGHT_KILL,2,,Werewolf,,2,run_1785019906_88d99c,,1337013985,disabled,,,
Agent_3,0,TALK_INTENT,,,,,,,0.1720457375049591,DAY_DISCUSS,0,,Worker,,3,run_1785019906_88d99c,,1337013985,disabled,,,
Agent_4,1,TALK_INTENT,,,,,,,0.2702183127403259,DAY_DISCUSS,0,,Werewolf,,3,run_1785019906_88d99c,,1337013985,disabled,,,
Agent_6,2,TALK_INTENT,,,,,,,0.11660865694284439,DAY_DISCUSS,0,,Worker,,3,run_1785019906_88d99c,,1337013985,disabled,,,
Agent_7,0,TALK_INTENT,,,,,,,0.22779437899589539,DAY_DISCUSS,0,,Worker,,3,run_1785019906_88d99c,,1337013985,disabled,,,
Agent_8,1,TALK_INTENT,,,,,,,0.19525566697120667,DAY_DISCUSS,0,,Worker,,3,run_1785019906_88d99c,,1337013985,disabled,,,
Agent_3,2,TALK_INTENT,,,,,,,0.1720457375049591,DAY_DISCUSS,0,,Worker,,3,run_1785019906_88d99c,,1337013985,disabled,,,
Agent_4,3,TALK_INTENT,,,,,,,0.2702183127403259,DAY_DISCUSS,0,,Werewolf,,3,run_1785019906_88d99c,,1337013985,disabled,,,
Agent_6,1,TALK_INTENT,,,,,,,0.11660865694284439,DAY_DISCUSS,0,,Worker,,3,run_1785019906_88d99c,,1337013985,disabled,,,
Agent_7,3,TALK_INTENT,,,,,,,0.22779437899589539,DAY_DISCUSS,0,,Worker,,3,run_1785019906_88d99c,,1337013985,disabled,,,
Agent_8,0,TALK_INTENT,,,,,,,0.19525566697120667,DAY_DISCUSS,0,,Worker,,3,run_1785019906_88d99c,,1337013985,disabled,,,
Agent_3,7,VOTE_TARGET,,0.000275,0.012738,judge_disabled,,4,0.1720457375049591,DAY_VOTE,1,,Worker,,3,run_1785019906_88d99c,,1337013985,disabled,Agent_7,0,
Agent_4,6,VOTE_TARGET,,0.000266,0.012772,judge_disabled,,4,0.2702183127403259,DAY_VOTE,1,,Werewolf,,3,run_1785019906_88d99c,,1337013985,disabled,Agent_6,0,
Agent_6,7,VOTE_TARGET,,0.000244,0.012290,judge_disabled,,4,0.11660865694284439,DAY_VOTE,1,,Worker,,3,run_1785019906_88d99c,,1337013985,disabled,Agent_7,0,
Agent_7,8,VOTE_TARGET,,0.002502,0.050661,judge_disabled,,4,0.22779437899589539,DAY_VOTE,1,,Worker,,3,run_1785019906_88d99c,,1337013985,disabled,Agent_8,0,
Agent_8,7,VOTE_TARGET,,0.002723,0.051455,judge_disabled,,4,0.19525566697120667,DAY_VOTE,1,,Worker,,3,run_1785019906_88d99c,,1337013985,disabled,Agent_7,0,
Agent_4,8,KILL_TARGET,,,,,,3,0.2702183127403259,NIGHT_KILL,2,,Werewolf,,3,run_1785019906_88d99c,,1337013985,disabled,,,
Agent_3,4,TALK_INTENT,,,,,,,0.1720457375049591,DAY_DISCUSS,0,,Worker,,4,run_1785019906_88d99c,,1337013985,disabled,,,
Agent_4,2,TALK_INTENT,,,,,,,0.2702183127403259,DAY_DISCUSS,0,,Werewolf,,4,run_1785019906_88d99c,,1337013985,disabled,,,
Agent_6,2,TALK_INTENT,,,,,,,0.11660865694284439,DAY_DISCUSS,0,,Worker,,4,run_1785019906_88d99c,,1337013985,disabled,,,
Agent_3,0,TALK_INTENT,,,,,,,0.1720457375049591,DAY_DISCUSS,0,,Worker,,4,run_1785019906_88d99c,,1337013985,disabled,,,
Agent_4,4,TALK_INTENT,,,,,,,0.2702183127403259,DAY_DISCUSS,0,,Werewolf,,4,run_1785019906_88d99c,,1337013985,disabled,,,
Agent_6,3,TALK_INTENT,,,,,,,0.11660865694284439,DAY_DISCUSS,0,,Worker,,4,run_1785019906_88d99c,,1337013985,disabled,,,
Agent_3,4,VOTE_TARGET,,0.000277,0.012799,judge_disabled,,2,0.1720457375049591,DAY_VOTE,1,,Worker,,4,run_1785019906_88d99c,,1337013985,disabled,Agent_4,1,
Agent_4,6,VOTE_TARGET,,0.002149,0.050465,judge_disabled,,2,0.2702183127403259,DAY_VOTE,1,,Werewolf,,4,run_1785019906_88d99c,,1337013985,disabled,Agent_6,0,
Agent_6,4,VOTE_TARGET,,0.000242,0.012272,judge_disabled,,2,0.11660865694284439,DAY_VOTE,1,,Worker,,4,run_1785019906_88d99c,,1337013985,disabled,Agent_4,1,
Agent_0,1,TALK_INTENT,,,,,,,0.39172276854515076,DAY_DISCUSS,0,,Worker,,1,run_1785019911_ce3fdf,,1337023958,disabled,,,
Agent_1,4,TALK_INTENT,,,,,,,0.21732454001903534,DAY_DISCUSS,0,,Werewolf,,1,run_1785019911_ce3fdf,,1337023958,disabled,,,
Agent_2,0,TALK_INTENT,,,,,,,0.4317970275878906,DAY_DISCUSS,0,,Worker,,1,run_1785019911_ce3fdf,,1337023958,disabled,,,
Agent_3,4,TALK_INTENT,,,,,,,0.1720457375049591,DAY_DISCUSS,0,,Worker,,1,run_1785019911_ce3fdf,,1337023958,disabled,,,
Agent_4,2,TALK_INTENT,,,,,,,0.2702183127403259,DAY_DISCUSS,0,,Worker,,1,run_1785019911_ce3fdf,,1337023958,disabled,,,
Agent_5,3,TALK_INTENT,,,,,,,0.35103756189346313,DAY_DISCUSS,0,,Worker,,1,run_1785019911_ce3fdf,,1337023958,disabled,,,
Agent_6,1,TALK_INTENT,,,,,,,0.11660865694284439,DAY_DISCUSS,0,,Worker,,1,run_1785019911_ce3fdf,,1337023958,disabled,,,
Agent_7,2,TALK_INTENT,,,,,,,0.22779437899589539,DAY_DISCUSS,0,,Werewolf,,1,run_1785019911_ce3fdf,,1337023958,disabled,,,
Agent_8,4,TALK_INTENT,,,,,,,0.19525566697120667,DAY_DISCUSS,0,,Worker,,1,run_1785019911_ce3fdf,,1337023958,disabled,,,
Agent_0,4,TALK_INTENT,,,,,,,0.39172276854515076,DAY_DISCUSS,0,,Worker,,1,run_1785019911_ce3fdf,,1337023958,disabled,,,
Agent_1,4,TALK_INTENT,,,,,,,0.21732454001903534,DAY_DISCUSS,0,,Werewolf,,1,run_1785019911_ce3fdf,,1337023958,disabled,,,
Agent_2,3,TALK_INTENT,,,,,,,0.4317970275878906,DAY_DISCUSS,0,,Worker,,1,run_1785019911_ce3fdf,,1337023958,disabled,,,
Agent_3,2,TALK_INTENT,,,,,,,0.1720457375049591,DAY_DISCUSS,0,,Worker,,1,run_1785019911_ce3fdf,,1337023958,disabled,,,
Agent_4,1,TALK_INTENT,,,,,,,0.2702183127403259,DAY_DISCUSS,0,,Worker,,1,run_1785019911_ce3fdf,,1337023958,disabled,,,
Agent_5,4,TALK_INTENT,,,,,,,0.35103756189346313,DAY_DISCUSS,0,,Worker,,1,run_1785019911_ce3fdf,,1337023958,disabled,,,
Agent_6,4,TALK_INTENT,,,,,,,0.11660865694284439,DAY_DISCUSS,0,,Worker,,1,run_1785019911_ce3fdf,,1337023958,disabled,,,
Agent_7,1,TALK_INTENT,,,,,,,0.22779437899589539,DAY_DISCUSS,0,,Werewolf,,1,run_1785019911_ce3fdf,,1337023958,disabled,,,
Agent_8,2,TALK_INTENT,,,,,,,0.19525566697120667,DAY_DISCUSS,0,,Worker,,1,run_1785019911_ce3fdf,,1337023958,disabled,,,
Agent_0,5,VOTE_TARGET,,0.000295,0.013242,judge_disabled,,8,0.39172276854515076,DAY_VOTE,1,,Worker,,1,run_1785019911_ce3fdf,,1337023958,disabled,Agent_5,0,
Agent_1,6,VOTE_TARGET,,0.000249,0.012593,judge_disabled,,8,0.21732454001903534,DAY_VOTE,1,,Werewolf,,1,run_1785019911_ce3fdf,,1337023958,disabled,Agent_6,0,
Agent_2,5,VOTE_TARGET,,0.002530,0.048018,judge_disabled,,8,0.4317970275878906,DAY_VOTE,1,,Worker,,1,run_1785019911_ce3fdf,,1337023958,disabled,Agent_5,0,
Agent_3,5,VOTE_TARGET,,0.000274,0.012730,judge_disabled,,8,0.1720457375049591,DAY_VOTE,1,,Worker,,1,run_1785019911_ce3fdf,,1337023958,disabled,Agent_5,0,
Agent_4,5,VOTE_TARGET,,0.000269,0.012619,judge_disabled,,8,0.2702183127403259,DAY_VOTE,1,,Worker,,1,run_1785019911_ce3fdf,,1337023958,disabled,Agent_5,0,
Agent_5,0,VOTE_TARGET,,0.002635,0.049211,judge_disabled,,8,0.35103756189346313,DAY_VOTE,1,,Worker,,1,run_1785019911_ce3fdf,,1337023958,disabled,Agent_0,0,
Agent_6,5,VOTE_TARGET,,0.000271,0.012615,judge_disabled,,8,0.11660865694284439,DAY_VOTE,1,,Worker,,1,run_1785019911_ce3fdf,,1337023958,disabled,Agent_5,0,
Agent_7,6,VOTE_TARGET,,0.000264,0.012617,judge_disabled,,8,0.22779437899589539,DAY_VOTE,1,,Werewolf,,1,run_1785019911_ce3fdf,,1337023958,disabled,Agent_6,0,
Agent_8,5,VOTE_TARGET,,0.000279,0.012840,judge_disabled,,8,0.19525566697120667,DAY_VOTE,1,,Worker,,1,run_1785019911_ce3fdf,,1337023958,disabled,Agent_5,0,
Agent_1,2,KILL_TARGET,,,,,,6,0.21732454001903534,NIGHT_KILL,2,,Werewolf,,1,run_1785019911_ce3fdf,,1337023958,disabled,,,
Agent_0,2,TALK_INTENT,,,,,,,0.39172276854515076,DAY_DISCUSS,0,,Worker,,2,run_1785019911_ce3fdf,,1337023958,disabled,,,
Agent_1,0,TALK_INTENT,,,,,,,0.21732454001903534,DAY_DISCUSS,0,,Werewolf,,2,run_1785019911_ce3fdf,,1337023958,disabled,,,
Agent_3,4,TALK_INTENT,,,,,,,0.1720457375049591,DAY_DISCUSS,0,,Worker,,2,run_1785019911_ce3fdf,,1337023958,disabled,,,
Agent_4,2,TALK_INTENT,,,,,,,0.2702183127403259,DAY_DISCUSS,0,,Worker,,2,run_1785019911_ce3fdf,,1337023958,disabled,,,
Agent_6,4,TALK_INTENT,,,,,,,0.11660865694284439,DAY_DISCUSS,0,,Worker,,2,run_1785019911_ce3fdf,,1337023958,disabled,,,
Agent_7,4,TALK_INTENT,,,,,,,0.22779437899589539,DAY_DISCUSS,0,,Werewolf,,2,run_1785019911_ce3fdf,,1337023958,disabled,,,
Agent_8,0,TALK_INTENT,,,,,,,0.19525566697120667,DAY_DISCUSS,0,,Worker,,2,run_1785019911_ce3fdf,,1337023958,disabled,,,
Agent_0,0,TALK_INTENT,,,,,,,0.39172276854515076,DAY_DISCUSS,0,,Worker,,2,run_1785019911_ce3fdf,,1337023958,disabled,,,
Agent_1,1,TALK_INTENT,,,,,,,0.21732454001903534,DAY_DISCUSS,0,,Werewolf,,2,run_1785019911_ce3fdf,,1337023958,disabled,,,
Agent_3,2,TALK_INTENT,,,,,,,0.1720457375049591,DAY_DISCUSS,0,,Worker,,2,run_1785019911_ce3fdf,,1337023958,disabled,,,
Agent_4,0,TALK_INTENT,,,,,,,0.2702183127403259,DAY_DISCUSS,0,,Worker,,2,run_1785019911_ce3fdf,,1337023958,disabled,,,
Agent_6,4,TALK_INTENT,,,,,,,0.11660865694284439,DAY_DISCUSS,0,,Worker,,2,run_1785019911_ce3fdf,,1337023958,disabled,,,
Agent_7,3,TALK_INTENT,,,,,,,0.22779437899589539,DAY_DISCUSS,0,,Werewolf,,2,run_1785019911_ce3fdf,,1337023958,disabled,,,
Agent_8,4,TALK_INTENT,,,,,,,0.19525566697120667,DAY_DISCUSS,0,,Worker,,2,run_1785019911_ce3fdf,,1337023958,disabled,,,
Agent_0,7,VOTE_TARGET,,0.002601,0.049453,judge_disabled,,6,0.39172276854515076,DAY_VOTE,1,,Worker,,2,run_1785019911_ce3fdf,,1337023958,disabled,Agent_7,1,
Agent_1,6,VOTE_TARGET,,0.000249,0.012621,judge_disabled,,6,0.21732454001903534,DAY_VOTE,1,,Werewolf,,2,run_1785019911_ce3fdf,,1337023958,disabled,Agent_6,0,
Agent_3,0,VOTE_TARGET,,0.000274,0.012736,judge_disabled,,6,0.1720457375049591,DAY_VOTE,1,,Worker,,2,run_1785019911_ce3fdf,,1337023958,disabled,Agent_0,0,
Agent_4,0,VOTE_TARGET,,0.000268,0.012619,judge_disabled,,6,0.2702183127403259,DAY_VOTE,1,,Worker,,2,run_1785019911_ce3fdf,,1337023958,disabled,Agent_0,0,
Agent_6,0,VOTE_TARGET,,0.000270,0.012600,judge_disabled,,6,0.11660865694284439,DAY_VOTE,1,,Worker,,2,run_1785019911_ce3fdf,,1337023958,disabled,Agent_0,0,
Agent_7,6,VOTE_TARGET,,0.000263,0.012627,judge_disabled,,6,0.22779437899589539,DAY_VOTE,1,,Werewolf,,2,run_1785019911_ce3fdf,,1337023958,disabled,Agent_6,0,
Agent_8,0,VOTE_TARGET,,0.002498,0.049256,judge_disabled,,6,0.19525566697120667,DAY_VOTE,1,,Worker,,2,run_1785019911_ce3fdf,,1337023958,disabled,Agent_0,0,
Agent_1,8,KILL_TARGET,,,,,,4,0.21732454001903534,NIGHT_KILL,2,,Werewolf,,2,run_1785019911_ce3fdf,,1337023958,disabled,,,
Agent_1,0,TALK_INTENT,,,,,,,0.21732454001903534,DAY_DISCUSS,0,,Werewolf,,3,run_1785019911_ce3fdf,,1337023958,disabled,,,
Agent_3,4,TALK_INTENT,,,,,,,0.1720457375049591,DAY_DISCUSS,0,,Worker,,3,run_1785019911_ce3fdf,,1337023958,disabled,,,
Agent_4,0,TALK_INTENT,,,,,,,0.2702183127403259,DAY_DISCUSS,0,,Worker,,3,run_1785019911_ce3fdf,,1337023958,disabled,,,
Agent_6,4,TALK_INTENT,,,,,,,0.11660865694284439,DAY_DISCUSS,0,,Worker,,3,run_1785019911_ce3fdf,,1337023958,disabled,,,
Agent_7,3,TALK_INTENT,,,,,,,0.22779437899589539,DAY_DISCUSS,0,,Werewolf,,3,run_1785019911_ce3fdf,,1337023958,disabled,,,
Agent_1,1,TALK_INTENT,,,,,,,0.21732454001903534,DAY_DISCUSS,0,,Werewolf,,3,run_1785019911_ce3fdf,,1337023958,disabled,,,
Agent_3,3,TALK_INTENT,,,,,,,0.1720457375049591,DAY_DISCUSS,0,,Worker,,3,run_1785019911_ce3fdf,,1337023958,disabled,,,
Agent_4,4,TALK_INTENT,,,,,,,0.2702183127403259,DAY_DISCUSS,0,,Worker,,3,run_1785019911_ce3fdf,,1337023958,disabled,,,
Agent_6,2,TALK_INTENT,,,,,,,0.11660865694284439,DAY_DISCUSS,0,,Worker,,3,run_1785019911_ce3fdf,,1337023958,disabled,,,
Agent_7,1,TALK_INTENT,,,,,,,0.22779437899589539,DAY_DISCUSS,0,,Werewolf,,3,run_1785019911_ce3fdf,,1337023958,disabled,,,
Agent_1,6,VOTE_TARGET,,0.000249,0.012613,judge_disabled,,4,0.21732454001903534,DAY_VOTE,1,,Werewolf,,3,run_1785019911_ce3fdf,,1337023958,disabled,Agent_6,0,
Agent_3,7,VOTE_TARGET,,0.002573,0.051368,judge_disabled,,4,0.1720457375049591,DAY_VOTE,1,,Worker,,3,run_1785019911_ce3fdf,,1337023958,disabled,Agent_7,1,
Agent_4,7,VOTE_TARGET,,0.000268,0.012619,judge_disabled,,4,0.2702183127403259,DAY_VOTE,1,,Worker,,3,run_1785019911_ce3fdf,,1337023958,disabled,Agent_7,1,
Agent_6,7,VOTE_TARGET,,0.000269,0.012597,judge_disabled,,4,0.11660865694284439,DAY_VOTE,1,,Worker,,3,run_1785019911_ce3fdf,,1337023958,disabled,Agent_7,1,
Agent_7,6,VOTE_TARGET,,0.002546,0.051977,judge_disabled,,4,0.22779437899589539,DAY_VOTE,1,,Werewolf,,3,run_1785019911_ce3fdf,,1337023958,disabled,Agent_6,0,
Agent_1,3,KILL_TARGET,,,,,,3,0.21732454001903534,NIGHT_KILL,2,,Werewolf,,3,run_1785019911_ce3fdf,,1337023958,disabled,,,
Agent_1,0,TALK_INTENT,,,,,,,0.21732454001903534,DAY_DISCUSS,0,,Werewolf,,4,run_1785019911_ce3fdf,,1337023958,disabled,,,
Agent_4,1,TALK_INTENT,,,,,,,0.2702183127403259,DAY_DISCUSS,0,,Worker,,4,run_1785019911_ce3fdf,,1337023958,disabled,,,
Agent_6,3,TALK_INTENT,,,,,,,0.11660865694284439,DAY_DISCUSS,0,,Worker,,4,run_1785019911_ce3fdf,,1337023958,disabled,,,
Agent_1,1,TALK_INTENT,,,,,,,0.21732454001903534,DAY_DISCUSS,0,,Werewolf,,4,run_1785019911_ce3fdf,,1337023958,disabled,,,
Agent_4,0,TALK_INTENT,,,,,,,0.2702183127403259,DAY_DISCUSS,0,,Worker,,4,run_1785019911_ce3fdf,,1337023958,disabled,,,
Agent_6,0,TALK_INTENT,,,,,,,0.11660865694284439,DAY_DISCUSS,0,,Worker,,4,run_1785019911_ce3fdf,,1337023958,disabled,,,
Agent_1,6,VOTE_TARGET,,0.002723,0.054257,judge_disabled,,2,0.21732454001903534,DAY_VOTE,1,,Werewolf,,4,run_1785019911_ce3fdf,,1337023958,disabled,Agent_6,0,
Agent_4,1,VOTE_TARGET,,0.000267,0.012615,judge_disabled,,2,0.2702183127403259,DAY_VOTE,1,,Worker,,4,run_1785019911_ce3fdf,,1337023958,disabled,Agent_1,1,
Agent_6,1,VOTE_TARGET,,0.000270,0.012643,judge_disabled,,2,0.11660865694284439,DAY_VOTE,1,,Worker,,4,run_1785019911_ce3fdf,,1337023958,disabled,Agent_1,1,
Agent_0,1,TALK_INTENT,,,,,,,0.39172276854515076,DAY_DISCUSS,0,,Worker,,1,run_1785019917_10fe85,,1337033931,disabled,,,
Agent_1,2,TALK_INTENT,,,,,,,0.21732454001903534,DAY_DISCUSS,0,,Worker,,1,run_1785019917_10fe85,,1337033931,disabled,,,
Agent_2,0,TALK_INTENT,,,,,,,0.4317970275878906,DAY_DISCUSS,0,,Worker,,1,run_1785019917_10fe85,,1337033931,disabled,,,
Agent_3,4,TALK_INTENT,,,,,,,0.1720457375049591,DAY_DISCUSS,0,,Werewolf,,1,run_1785019917_10fe85,,1337033931,disabled,,,
Agent_4,3,TALK_INTENT,,,,,,,0.2702183127403259,DAY_DISCUSS,0,,Worker,,1,run_1785019917_10fe85,,1337033931,disabled,,,
Agent_5,3,TALK_INTENT,,,,,,,0.35103756189346313,DAY_DISCUSS,0,,Werewolf,,1,run_1785019917_10fe85,,1337033931,disabled,,,
Agent_6,3,TALK_INTENT,,,,,,,0.11660865694284439,DAY_DISCUSS,0,,Worker,,1,run_1785019917_10fe85,,1337033931,disabled,,,
Agent_7,1,TALK_INTENT,,,,,,,0.22779437899589539,DAY_DISCUSS,0,,Worker,,1,run_1785019917_10fe85,,1337033931,disabled,,,
Agent_8,0,TALK_INTENT,,,,,,,0.19525566697120667,DAY_DISCUSS,0,,Worker,,1,run_1785019917_10fe85,,1337033931,disabled,,,
Agent_0,1,TALK_INTENT,,,,,,,0.39172276854515076,DAY_DISCUSS,0,,Worker,,1,run_1785019917_10fe85,,1337033931,disabled,,,
Agent_1,0,TALK_INTENT,,,,,,,0.21732454001903534,DAY_DISCUSS,0,,Worker,,1,run_1785019917_10fe85,,1337033931,disabled,,,
Agent_2,4,TALK_INTENT,,,,,,,0.4317970275878906,DAY_DISCUSS,0,,Worker,,1,run_1785019917_10fe85,,1337033931,disabled,,,
Agent_3,0,TALK_INTENT,,,,,,,0.1720457375049591,DAY_DISCUSS,0,,Werewolf,,1,run_1785019917_10fe85,,1337033931,disabled,,,
Agent_4,2,TALK_INTENT,,,,,,,0.2702183127403259,DAY_DISCUSS,0,,Worker,,1,run_1785019917_10fe85,,1337033931,disabled,,,
Agent_5,0,TALK_INTENT,,,,,,,0.35103756189346313,DAY_DISCUSS,0,,Werewolf,,1,run_1785019917_10fe85,,1337033931,disabled,,,
Agent_6,2,TALK_INTENT,,,,,,,0.11660865694284439,DAY_DISCUSS,0,,Worker,,1,run_1785019917_10fe85,,1337033931,disabled,,,
Agent_7,0,TALK_INTENT,,,,,,,0.22779437899589539,DAY_DISCUSS,0,,Worker,,1,run_1785019917_10fe85,,1337033931,disabled,,,
Agent_8,3,TALK_INTENT,,,,,,,0.19525566697120667,DAY_DISCUSS,0,,Worker,,1,run_1785019917_10fe85,,1337033931,disabled,,,
Agent_0,5,VOTE_TARGET,,0.000301,0.013327,judge_disabled,,8,0.39172276854515076,DAY_VOTE,1,,Worker,,1,run_1785019917_10fe85,,1337033931,disabled,Agent_5,1,
Agent_1,5,VOTE_TARGET,,0.002734,0.051163,judge_disabled,,8,0.21732454001903534,DAY_VOTE,1,,Worker,,1,run_1785019917_10fe85,,1337033931,disabled,Agent_5,1,
Agent_2,5,VOTE_TARGET,,0.000256,0.012290,judge_disabled,,8,0.4317970275878906,DAY_VOTE,1,,Worker,,1,run_1785019917_10fe85,,1337033931,disabled,Agent_5,1,
Agent_3,6,VOTE_TARGET,,0.000254,0.012308,judge_disabled,,8,0.1720457375049591,DAY_VOTE,1,,Werewolf,,1,run_1785019917_10fe85,,1337033931,disabled,Agent_6,0,
Agent_4,5,VOTE_TARGET,,0.000276,0.012836,judge_disabled,,8,0.2702183127403259,DAY_VOTE,1,,Worker,,1,run_1785019917_10fe85,,1337033931,disabled,Agent_5,1,
Agent_5,6,VOTE_TARGET,,0.002082,0.046030,judge_disabled,,8,0.35103756189346313,DAY_VOTE,1,,Werewolf,,1,run_1785019917_10fe85,,1337033931,disabled,Agent_6,0,
Agent_6,5,VOTE_TARGET,,0.000286,0.013205,judge_disabled,,8,0.11660865694284439,DAY_VOTE,1,,Worker,,1,run_1785019917_10fe85,,1337033931,disabled,Agent_5,1,
Agent_7,5,VOTE_TARGET,,0.000267,0.012524,judge_disabled,,8,0.22779437899589539,DAY_VOTE,1,,Worker,,1,run_1785019917_10fe85,,1337033931,disabled,Agent_5,1,
Agent_8,5,VOTE_TARGET,,0.000261,0.012399,judge_disabled,,8,0.19525566697120667,DAY_VOTE,1,,Worker,,1,run_1785019917_10fe85,,1337033931,disabled,Agent_5,1,
Agent_3,1,KILL_TARGET,,,,,,7,0.1720457375049591,NIGHT_KILL,2,,Werewolf,,1,run_1785019917_10fe85,,1337033931,disabled,,,
Agent_0,3,TALK_INTENT,,,,,,,0.39172276854515076,DAY_DISCUSS,0,,Worker,,2,run_1785019917_10fe85,,1337033931,disabled,,,
Agent_2,3,TALK_INTENT,,,,,,,0.4317970275878906,DAY_DISCUSS,0,,Worker,,2,run_1785019917_10fe85,,1337033931,disabled,,,
Agent_3,2,TALK_INTENT,,,,,,,0.1720457375049591,DAY_DISCUSS,0,,Werewolf,,2,run_1785019917_10fe85,,1337033931,disabled,,,
Agent_4,1,TALK_INTENT,,,,,,,0.2702183127403259,DAY_DISCUSS,0,,Worker,,2,run_1785019917_10fe85,,1337033931,disabled,,,
Agent_6,3,TALK_INTENT,,,,,,,0.11660865694284439,DAY_DISCUSS,0,,Worker,,2,run_1785019917_10fe85,,1337033931,disabled,,,
Agent_7,2,TALK_INTENT,,,,,,,0.22779437899589539,DAY_DISCUSS,0,,Worker,,2,run_1785019917_10fe85,,1337033931,disabled,,,
Agent_8,2,TALK_INTENT,,,,,,,0.19525566697120667,DAY_DISCUSS,0,,Worker,,2,run_1785019917_10fe85,,1337033931,disabled,,,
Agent_0,4,TALK_INTENT,,,,,,,0.39172276854515076,DAY_DISCUSS,0,,Worker,,2,run_1785019917_10fe85,,1337033931,disabled,,,
Agent_2,3,TALK_INTENT,,,,,,,0.4317970275878906,DAY_DISCUSS,0,,Worker,,2,run_1785019917_10fe85,,1337033931,disabled,,,
Agent_3,2,TALK_INTENT,,,,,,,0.1720457375049591,DAY_DISCUSS,0,,Werewolf,,2,run_1785019917_10fe85,,1337033931,disabled,,,
Agent_4,0,TALK_INTENT,,,,,,,0.2702183127403259,DAY_DISCUSS,0,,Worker,,2,run_1785019917_10fe85,,1337033931,disabled,,,
Agent_6,2,TALK_INTENT,,,,,,,0.11660865694284439,DAY_DISCUSS,0,,Worker,,2,run_1785019917_10fe85,,1337033931,disabled,,,
Agent_7,2,TALK_INTENT,,,,,,,0.22779437899589539,DAY_DISCUSS,0,,Worker,,2,run_1785019917_10fe85,,1337033931,disabled,,,
Agent_8,0,TALK_INTENT,,,,,,,0.19525566697120667,DAY_DISCUSS,0,,Worker,,2,run_1785019917_10fe85,,1337033931,disabled,,,
Agent_0,7,VOTE_TARGET,,0.002373,0.048592,judge_disabled,,6,0.39172276854515076,DAY_VOTE,1,,Worker,,2,run_1785019917_10fe85,,1337033931,disabled,Agent_7,0,
Agent_2,0,VOTE_TARGET,,0.002533,0.049618,judge_disabled,,6,0.4317970275878906,DAY_VOTE,1,,Worker,,2,run_1785019917_10fe85,,1337033931,disabled,Agent_0,0,
Agent_3,6,VOTE_TARGET,,0.000253,0.012306,judge_disabled,,6,0.1720457375049591,DAY_VOTE,1,,Werewolf,,2,run_1785019917_10fe85,,1337033931,disabled,Agent_6,0,
Agent_4,0,VOTE_TARGET,,0.000275,0.012819,judge_disabled,,6,0.2702183127403259,DAY_VOTE,1,,Worker,,2,run_1785019917_10fe85,,1337033931,disabled,Agent_0,0,
Agent_6,0,VOTE_TARGET,,0.000286,0.013213,judge_disabled,,6,0.11660865694284439,DAY_VOTE,1,,Worker,,2,run_1785019917_10fe85,,1337033931,disabled,Agent_0,0,
Agent_7,0,VOTE_TARGET,,0.000266,0.012520,judge_disabled,,6,0.22779437899589539,DAY_VOTE,1,,Worker,,2,run_1785019917_10fe85,,1337033931,disabled,Agent_0,0,
Agent_8,0,VOTE_TARGET,,0.000260,0.012398,judge_disabled,,6,0.19525566697120667,DAY_VOTE,1,,Worker,,2,run_1785019917_10fe85,,1337033931,disabled,Agent_0,0,
Agent_3,2,KILL_TARGET,,,,,,5,0.1720457375049591,NIGHT_KILL,2,,Werewolf,,2,run_1785019917_10fe85,,1337033931,disabled,,,
Agent_3,1,TALK_INTENT,,,,,,,0.1720457375049591,DAY_DISCUSS,0,,Werewolf,,3,run_1785019917_10fe85,,1337033931,disabled,,,
Agent_4,3,TALK_INTENT,,,,,,,0.2702183127403259,DAY_DISCUSS,0,,Worker,,3,run_1785019917_10fe85,,1337033931,disabled,,,
Agent_6,4,TALK_INTENT,,,,,,,0.11660865694284439,DAY_DISCUSS,0,,Worker,,3,run_1785019917_10fe85,,1337033931,disabled,,,
Agent_7,2,TALK_INTENT,,,,,,,0.22779437899589539,DAY_DISCUSS,0,,Worker,,3,run_1785019917_10fe85,,1337033931,disabled,,,
Agent_8,2,TALK_INTENT,,,,,,,0.19525566697120667,DAY_DISCUSS,0,,Worker,,3,run_1785019917_10fe85,,1337033931,disabled,,,
Agent_3,2,TALK_INTENT,,,,,,,0.1720457375049591,DAY_DISCUSS,0,,Werewolf,,3,run_1785019917_10fe85,,1337033931,disabled,,,
Agent_4,4,TALK_INTENT,,,,,,,0.2702183127403259,DAY_DISCUSS,0,,Worker,,3,run_1785019917_10fe85,,1337033931,disabled,,,
Agent_6,2,TALK_INTENT,,,,,,,0.11660865694284439,DAY_DISCUSS,0,,Worker,,3,run_1785019917_10fe85,,1337033931,disabled,,,
Agent_7,3,TALK_INTENT,,,,,,,0.22779437899589539,DAY_DISCUSS,0,,Worker,,3,run_1785019917_10fe85,,1337033931,disabled,,,
Agent_8,3,TALK_INTENT,,,,,,,0.19525566697120667,DAY_DISCUSS,0,,Worker,,3,run_1785019917_10fe85,,1337033931,disabled,,,
Agent_3,6,VOTE_TARGET,,0.000252,0.012307,judge_disabled,,4,0.1720457375049591,DAY_VOTE,1,,Werewolf,,3,run_1785019917_10fe85,,1337033931,disabled,Agent_6,0,
Agent_4,7,VOTE_TARGET,,0.000274,0.012816,judge_disabled,,4,0.2702183127403259,DAY_VOTE,1,,Worker,,3,run_1785019917_10fe85,,1337033931,disabled,Agent_7,0,
Agent_6,7,VOTE_TARGET,,0.000285,0.013214,judge_disabled,,4,0.11660865694284439,DAY_VOTE,1,,Worker,,3,run_1785019917_10fe85,,1337033931,disabled,Agent_7,0,
Agent_7,8,VOTE_TARGET,,0.002760,0.051810,judge_disabled,,4,0.22779437899589539,DAY_VOTE,1,,Worker,,3,run_1785019917_10fe85,,1337033931,disabled,Agent_8,0,
Agent_8,7,VOTE_TARGET,,0.002646,0.050609,judge_disabled,,4,0.19525566697120667,DAY_VOTE,1,,Worker,,3,run_1785019917_10fe85,,1337033931,disabled,Agent_7,0,
Agent_3,8,KILL_TARGET,,,,,,3,0.1720457375049591,NIGHT_KILL,2,,Werewolf,,3,run_1785019917_10fe85,,1337033931,disabled,,,
Agent_3,3,TALK_INTENT,,,,,,,0.1720457375049591,DAY_DISCUSS,0,,Werewolf,,4,run_1785019917_10fe85,,1337033931,disabled,,,
Agent_4,3,TALK_INTENT,,,,,,,0.2702183127403259,DAY_DISCUSS,0,,Worker,,4,run_1785019917_10fe85,,1337033931,disabled,,,
Agent_6,0,TALK_INTENT,,,,,,,0.11660865694284439,DAY_DISCUSS,0,,Worker,,4,run_1785019917_10fe85,,1337033931,disabled,,,
Agent_3,0,TALK_INTENT,,,,,,,0.1720457375049591,DAY_DISCUSS,0,,Werewolf,,4,run_1785019917_10fe85,,1337033931,disabled,,,
Agent_4,1,TALK_INTENT,,,,,,,0.2702183127403259,DAY_DISCUSS,0,,Worker,,4,run_1785019917_10fe85,,1337033931,disabled,,,
Agent_6,2,TALK_INTENT,,,,,,,0.11660865694284439,DAY_DISCUSS,0,,Worker,,4,run_1785019917_10fe85,,1337033931,disabled,,,
Agent_3,6,VOTE_TARGET,,0.000254,0.012363,judge_disabled,,2,0.1720457375049591,DAY_VOTE,1,,Werewolf,,4,run_1785019917_10fe85,,1337033931,disabled,Agent_6,0,
Agent_4,6,VOTE_TARGET,,0.002390,0.048832,judge_disabled,,2,0.2702183127403259,DAY_VOTE,1,,Worker,,4,run_1785019917_10fe85,,1337033931,disabled,Agent_6,0,
Agent_6,4,VOTE_TARGET,,0.002352,0.051508,judge_disabled,,2,0.11660865694284439,DAY_VOTE,1,,Worker,,4,run_1785019917_10fe85,,1337033931,disabled,Agent_4,0,
Agent_3,4,KILL_TARGET,,,,,,1,0.1720457375049591,NIGHT_KILL,2,,Werewolf,,4,run_1785019917_10fe85,,1337033931,disabled,,,
Agent_0,3,TALK_INTENT,,,,,,,0.39172276854515076,DAY_DISCUSS,0,,Worker,,1,run_1785019946_1addaf,,1337004012,disabled,,,
Agent_1,3,TALK_INTENT,,,,,,,0.21732454001903534,DAY_DISCUSS,0,,Worker,,1,run_1785019946_1addaf,,1337004012,disabled,,,
Agent_2,2,TALK_INTENT,,,,,,,0.4317970275878906,DAY_DISCUSS,0,,Werewolf,,1,run_1785019946_1addaf,,1337004012,disabled,,,
Agent_3,2,TALK_INTENT,,,,,,,0.1720457375049591,DAY_DISCUSS,0,,Worker,,1,run_1785019946_1addaf,,1337004012,disabled,,,
Agent_4,4,TALK_INTENT,,,,,,,0.2702183127403259,DAY_DISCUSS,0,,Werewolf,,1,run_1785019946_1addaf,,1337004012,disabled,,,
Agent_5,3,TALK_INTENT,,,,,,,0.35103756189346313,DAY_DISCUSS,0,,Worker,,1,run_1785019946_1addaf,,1337004012,disabled,,,
Agent_6,1,TALK_INTENT,,,,,,,0.11660865694284439,DAY_DISCUSS,0,,Worker,,1,run_1785019946_1addaf,,1337004012,disabled,,,
Agent_7,4,TALK_INTENT,,,,,,,0.22779437899589539,DAY_DISCUSS,0,,Worker,,1,run_1785019946_1addaf,,1337004012,disabled,,,
Agent_8,2,TALK_INTENT,,,,,,,0.19525566697120667,DAY_DISCUSS,0,,Worker,,1,run_1785019946_1addaf,,1337004012,disabled,,,
Agent_0,2,TALK_INTENT,,,,,,,0.39172276854515076,DAY_DISCUSS,0,,Worker,,1,run_1785019946_1addaf,,1337004012,disabled,,,
Agent_1,3,TALK_INTENT,,,,,,,0.21732454001903534,DAY_DISCUSS,0,,Worker,,1,run_1785019946_1addaf,,1337004012,disabled,,,
Agent_2,2,TALK_INTENT,,,,,,,0.4317970275878906,DAY_DISCUSS,0,,Werewolf,,1,run_1785019946_1addaf,,1337004012,disabled,,,
Agent_3,3,TALK_INTENT,,,,,,,0.1720457375049591,DAY_DISCUSS,0,,Worker,,1,run_1785019946_1addaf,,1337004012,disabled,,,
Agent_4,4,TALK_INTENT,,,,,,,0.2702183127403259,DAY_DISCUSS,0,,Werewolf,,1,run_1785019946_1addaf,,1337004012,disabled,,,
Agent_5,0,TALK_INTENT,,,,,,,0.35103756189346313,DAY_DISCUSS,0,,Worker,,1,run_1785019946_1addaf,,1337004012,disabled,,,
Agent_6,2,TALK_INTENT,,,,,,,0.11660865694284439,DAY_DISCUSS,0,,Worker,,1,run_1785019946_1addaf,,1337004012,disabled,,,
Agent_7,3,TALK_INTENT,,,,,,,0.22779437899589539,DAY_DISCUSS,0,,Worker,,1,run_1785019946_1addaf,,1337004012,disabled,,,
Agent_8,2,TALK_INTENT,,,,,,,0.19525566697120667,DAY_DISCUSS,0,,Worker,,1,run_1785019946_1addaf,,1337004012,disabled,,,
Agent_0,5,VOTE_TARGET,,0.000290,0.013055,judge_disabled,,8,0.39172276854515076,DAY_VOTE,1,,Worker,,1,run_1785019946_1addaf,,1337004012,disabled,Agent_5,0,
Agent_1,5,VOTE_TARGET,,0.002488,0.049559,judge_disabled,,8,0.21732454001903534,DAY_VOTE,1,,Worker,,1,run_1785019946_1addaf,,1337004012,disabled,Agent_5,0,
Agent_2,6,VOTE_TARGET,,0.000253,0.012204,judge_disabled,,8,0.4317970275878906,DAY_VOTE,1,,Werewolf,,1,run_1785019946_1addaf,,1337004012,disabled,Agent_6,0,
Agent_3,5,VOTE_TARGET,,0.000236,0.011822,judge_disabled,,8,0.1720457375049591,DAY_VOTE,1,,Worker,,1,run_1785019946_1addaf,,1337004012,disabled,Agent_5,0,
Agent_4,6,VOTE_TARGET,,0.000273,0.012692,judge_disabled,,8,0.2702183127403259,DAY_VOTE,1,,Werewolf,,1,run_1785019946_1addaf,,1337004012,disabled,Agent_6,0,
Agent_5,0,VOTE_TARGET,,0.002529,0.051585,judge_disabled,,8,0.35103756189346313,DAY_VOTE,1,,Worker,,1,run_1785019946_1addaf,,1337004012,disabled,Agent_0,0,
Agent_6,5,VOTE_TARGET,,0.000261,0.012462,judge_disabled,,8,0.11660865694284439,DAY_VOTE,1,,Worker,,1,run_1785019946_1addaf,,1337004012,disabled,Agent_5,0,
Agent_7,5,VOTE_TARGET,,0.000316,0.013644,judge_disabled,,8,0.22779437899589539,DAY_VOTE,1,,Worker,,1,run_1785019946_1addaf,,1337004012,disabled,Agent_5,0,
Agent_8,5,VOTE_TARGET,,0.000277,0.012809,judge_disabled,,8,0.19525566697120667,DAY_VOTE,1,,Worker,,1,run_1785019946_1addaf,,1337004012,disabled,Agent_5,0,
Agent_2,1,KILL_TARGET,,,,,,6,0.4317970275878906,NIGHT_KILL,2,,Werewolf,,1,run_1785019946_1addaf,,1337004012,disabled,,,
Agent_0,2,TALK_INTENT,,,,,,,0.39172276854515076,DAY_DISCUSS,0,,Worker,,2,run_1785019946_1addaf,,1337004012,disabled,,,
Agent_2,3,TALK_INTENT,,,,,,,0.4317970275878906,DAY_DISCUSS,0,,Werewolf,,2,run_1785019946_1addaf,,1337004012,disabled,,,
Agent_3,1,TALK_INTENT,,,,,,,0.1720457375049591,DAY_DISCUSS,0,,Worker,,2,run_1785019946_1addaf,,1337004012,disabled,,,
Agent_4,2,TALK_INTENT,,,,,,,0.2702183127403259,DAY_DISCUSS,0,,Werewolf,,2,run_1785019946_1addaf,,1337004012,disabled,,,
Agent_6,4,TALK_INTENT,,,,,,,0.11660865694284439,DAY_DISCUSS,0,,Worker,,2,run_1785019946_1addaf,,1337004012,disabled,,,
Agent_7,1,TALK_INTENT,,,,,,,0.22779437899589539,DAY_DISCUSS,0,,Worker,,2,run_1785019946_1addaf,,1337004012,disabled,,,
Agent_8,0,TALK_INTENT,,,,,,,0.19525566697120667,DAY_DISCUSS,0,,Worker,,2,run_1785019946_1addaf,,1337004012,disabled,,,
Agent_0,3,TALK_INTENT,,,,,,,0.39172276854515076,DAY_DISCUSS,0,,Worker,,2,run_1785019946_1addaf,,1337004012,disabled,,,
Agent_2,3,TALK_INTENT,,,,,,,0.4317970275878906,DAY_DISCUSS,0,,Werewolf,,2,run_1785019946_1addaf,,1337004012,disabled,,,
Agent_3,2,TALK_INTENT,,,,,,,0.1720457375049591,DAY_DISCUSS,0,,Worker,,2,run_1785019946_1addaf,,1337004012,disabled,,,
Agent_4,4,TALK_INTENT,,,,,,,0.2702183127403259,DAY_DISCUSS,0,,Werewolf,,2,run_1785019946_1addaf,,1337004012,disabled,,,
Agent_6,2,TALK_INTENT,,,,,,,0.11660865694284439,DAY_DISCUSS,0,,Worker,,2,run_1785019946_1addaf,,1337004012,disabled,,,
Agent_7,0,TALK_INTENT,,,,,,,0.22779437899589539,DAY_DISCUSS,0,,Worker,,2,run_1785019946_1addaf,,1337004012,disabled,,,
Agent_8,0,TALK_INTENT,,,,,,,0.19525566697120667,DAY_DISCUSS,0,,Worker,,2,run_1785019946_1addaf,,1337004012,disabled,,,
Agent_0,7,VOTE_TARGET,,0.002927,0.052009,judge_disabled,,6,0.39172276854515076,DAY_VOTE,1,,Worker,,2,run_1785019946_1addaf,,1337004012,disabled,Agent_7,0,
Agent_2,6,VOTE_TARGET,,0.000252,0.012190,judge_disabled,,6,0.4317970275878906,DAY_VOTE,1,,Werewolf,,2,run_1785019946_1addaf,,1337004012,disabled,Agent_6,0,
Agent_3,0,VOTE_TARGET,,0.000235,0.011816,judge_disabled,,6,0.1720457375049591,DAY_VOTE,1,,Worker,,2,run_1785019946_1addaf,,1337004012,disabled,Agent_0,0,
Agent_4,6,VOTE_TARGET,,0.000272,0.012703,judge_disabled,,6,0.2702183127403259,DAY_VOTE,1,,Werewolf,,2,run_1785019946_1addaf,,1337004012,disabled,Agent_6,0,
Agent_6,0,VOTE_TARGET,,0.000261,0.012469,judge_disabled,,6,0.11660865694284439,DAY_VOTE,1,,Worker,,2,run_1785019946_1addaf,,1337004012,disabled,Agent_0,0,
Agent_7,0,VOTE_TARGET,,0.000315,0.013640,judge_disabled,,6,0.22779437899589539,DAY_VOTE,1,,Worker,,2,run_1785019946_1addaf,,1337004012,disabled,Agent_0,0,
Agent_8,0,VOTE_TARGET,,0.002731,0.050478,judge_disabled,,6,0.19525566697120667,DAY_VOTE,1,,Worker,,2,run_1785019946_1addaf,,1337004012,disabled,Agent_0,0,
Agent_2,8,KILL_TARGET,,,,,,4,0.4317970275878906,NIGHT_KILL,2,,Werewolf,,2,run_1785019946_1addaf,,1337004012,disabled,,,
Agent_2,2,TALK_INTENT,,,,,,,0.4317970275878906,DAY_DISCUSS,0,,Werewolf,,3,run_1785019946_1addaf,,1337004012,disabled,,,
Agent_3,3,TALK_INTENT,,,,,,,0.1720457375049591,DAY_DISCUSS,0,,Worker,,3,run_1785019946_1addaf,,1337004012,disabled,,,
Agent_4,3,TALK_INTENT,,,,,,,0.2702183127403259,DAY_DISCUSS,0,,Werewolf,,3,run_1785019946_1addaf,,1337004012,disabled,,,
Agent_6,0,TALK_INTENT,,,,,,,0.11660865694284439,DAY_DISCUSS,0,,Worker,,3,run_1785019946_1addaf,,1337004012,disabled,,,
Agent_7,1,TALK_INTENT,,,,,,,0.22779437899589539,DAY_DISCUSS,0,,Worker,,3,run_1785019946_1addaf,,1337004012,disabled,,,
Agent_2,0,TALK_INTENT,,,,,,,0.4317970275878906,DAY_DISCUSS,0,,Werewolf,,3,run_1785019946_1addaf,,1337004012,disabled,,,
Agent_3,2,TALK_INTENT,,,,,,,0.1720457375049591,DAY_DISCUSS,0,,Worker,,3,run_1785019946_1addaf,,1337004012,disabled,,,
Agent_4,4,TALK_INTENT,,,,,,,0.2702183127403259,DAY_DISCUSS,0,,Werewolf,,3,run_1785019946_1addaf,,1337004012,disabled,,,
Agent_6,2,TALK_INTENT,,,,,,,0.11660865694284439,DAY_DISCUSS,0,,Worker,,3,run_1785019946_1addaf,,1337004012,disabled,,,
Agent_7,3,TALK_INTENT,,,,,,,0.22779437899589539,DAY_DISCUSS,0,,Worker,,3,run_1785019946_1addaf,,1337004012,disabled,,,
Agent_2,6,VOTE_TARGET,,0.000252,0.012194,judge_disabled,,4,0.4317970275878906,DAY_VOTE,1,,Werewolf,,3,run_1785019946_1addaf,,1337004012,disabled,Agent_6,0,
Agent_3,7,VOTE_TARGET,,0.000234,0.011815,judge_disabled,,4,0.1720457375049591,DAY_VOTE,1,,Worker,,3,run_1785019946_1addaf,,1337004012,disabled,Agent_7,0,
Agent_4,6,VOTE_TARGET,,0.000271,0.012700,judge_disabled,,4,0.2702183127403259,DAY_VOTE,1,,Werewolf,,3,run_1785019946_1addaf,,1337004012,disabled,Agent_6,0,
Agent_6,7,VOTE_TARGET,,0.000260,0.012471,judge_disabled,,4,0.11660865694284439,DAY_VOTE,1,,Worker,,3,run_1785019946_1addaf,,1337004012,disabled,Agent_7,0,
Agent_7,4,VOTE_TARGET,,0.001972,0.046764,judge_disabled,,4,0.22779437899589539,DAY_VOTE,1,,Worker,,3,run_1785019946_1addaf,,1337004012,disabled,Agent_4,1,
Agent_2,7,KILL_TARGET,,,,,,3,0.4317970275878906,NIGHT_KILL,2,,Werewolf,,3,run_1785019946_1addaf,,1337004012,disabled,,,
Agent_0,1,TALK_INTENT,,,,,,,0.39172276854515076,DAY_DISCUSS,0,,Worker,,1,run_1785019952_ef7620,,1337013985,disabled,,,
Agent_1,2,TALK_INTENT,,,,,,,0.21732454001903534,DAY_DISCUSS,0,,Worker,,1,run_1785019952_ef7620,,1337013985,disabled,,,
Agent_2,4,TALK_INTENT,,,,,,,0.4317970275878906,DAY_DISCUSS,0,,Worker,,1,run_1785019952_ef7620,,1337013985,disabled,,,
Agent_3,3,TALK_INTENT,,,,,,,0.1720457375049591,DAY_DISCUSS,0,,Worker,,1,run_1785019952_ef7620,,1337013985,disabled,,,
Agent_4,4,TALK_INTENT,,,,,,,0.2702183127403259,DAY_DISCUSS,0,,Werewolf,,1,run_1785019952_ef7620,,1337013985,disabled,,,
Agent_5,2,TALK_INTENT,,,,,,,0.35103756189346313,DAY_DISCUSS,0,,Werewolf,,1,run_1785019952_ef7620,,1337013985,disabled,,,
Agent_6,0,TALK_INTENT,,,,,,,0.11660865694284439,DAY_DISCUSS,0,,Worker,,1,run_1785019952_ef7620,,1337013985,disabled,,,
Agent_7,0,TALK_INTENT,,,,,,,0.22779437899589539,DAY_DISCUSS,0,,Worker,,1,run_1785019952_ef7620,,1337013985,disabled,,,
Agent_8,1,TALK_INTENT,,,,,,,0.19525566697120667,DAY_DISCUSS,0,,Worker,,1,run_1785019952_ef7620,,1337013985,disabled,,,
Agent_0,3,TALK_INTENT,,,,,,,0.39172276854515076,DAY_DISCUSS,0,,Worker,,1,run_1785019952_ef7620,,1337013985,disabled,,,
Agent_1,3,TALK_INTENT,,,,,,,0.21732454001903534,DAY_DISCUSS,0,,Worker,,1,run_1785019952_ef7620,,1337013985,disabled,,,
Agent_2,4,TALK_INTENT,,,,,,,0.4317970275878906,DAY_DISCUSS,0,,Worker,,1,run_1785019952_ef7620,,1337013985,disabled,,,
Agent_3,2,TALK_INTENT,,,,,,,0.1720457375049591,DAY_DISCUSS,0,,Worker,,1,run_1785019952_ef7620,,1337013985,disabled,,,
Agent_4,1,TALK_INTENT,,,,,,,0.2702183127403259,DAY_DISCUSS,0,,Werewolf,,1,run_1785019952_ef7620,,1337013985,disabled,,,
Agent_5,1,TALK_INTENT,,,,,,,0.35103756189346313,DAY_DISCUSS,0,,Werewolf,,1,run_1785019952_ef7620,,1337013985,disabled,,,
Agent_6,2,TALK_INTENT,,,,,,,0.11660865694284439,DAY_DISCUSS,0,,Worker,,1,run_1785019952_ef7620,,1337013985,disabled,,,
Agent_7,0,TALK_INTENT,,,,,,,0.22779437899589539,DAY_DISCUSS,0,,Worker,,1,run_1785019952_ef7620,,1337013985,disabled,,,
Agent_8,2,TALK_INTENT,,,,,,,0.19525566697120667,DAY_DISCUSS,0,,Worker,,1,run_1785019952_ef7620,,1337013985,disabled,,,
Agent_0,5,VOTE_TARGET,,0.000280,0.012879,judge_disabled,,8,0.39172276854515076,DAY_VOTE,1,,Worker,,1,run_1785019952_ef7620,,1337013985,disabled,Agent_5,1,
Agent_1,5,VOTE_TARGET,,0.003078,0.053638,judge_disabled,,8,0.21732454001903534,DAY_VOTE,1,,Worker,,1,run_1785019952_ef7620,,1337013985,disabled,Agent_5,1,
Agent_2,5,VOTE_TARGET,,0.000243,0.012607,judge_disabled,,8,0.4317970275878906,DAY_VOTE,1,,Worker,,1,run_1785019952_ef7620,,1337013985,disabled,Agent_5,1,
Agent_3,5,VOTE_TARGET,,0.000277,0.012750,judge_disabled,,8,0.1720457375049591,DAY_VOTE,1,,Worker,,1,run_1785019952_ef7620,,1337013985,disabled,Agent_5,1,
Agent_4,6,VOTE_TARGET,,0.000267,0.012764,judge_disabled,,8,0.2702183127403259,DAY_VOTE,1,,Werewolf,,1,run_1785019952_ef7620,,1337013985,disabled,Agent_6,0,
Agent_5,6,VOTE_TARGET,,0.002349,0.044517,judge_disabled,,8,0.35103756189346313,DAY_VOTE,1,,Werewolf,,1,run_1785019952_ef7620,,1337013985,disabled,Agent_6,0,
Agent_6,5,VOTE_TARGET,,0.000246,0.012297,judge_disabled,,8,0.11660865694284439,DAY_VOTE,1,,Worker,,1,run_1785019952_ef7620,,1337013985,disabled,Agent_5,1,
Agent_7,5,VOTE_TARGET,,0.000284,0.012936,judge_disabled,,8,0.22779437899589539,DAY_VOTE,1,,Worker,,1,run_1785019952_ef7620,,1337013985,disabled,Agent_5,1,
Agent_8,5,VOTE_TARGET,,0.000269,0.012568,judge_disabled,,8,0.19525566697120667,DAY_VOTE,1,,Worker,,1,run_1785019952_ef7620,,1337013985,disabled,Agent_5,1,
Agent_4,1,KILL_TARGET,,,,,,7,0.2702183127403259,NIGHT_KILL,2,,Werewolf,,1,run_1785019952_ef7620,,1337013985,disabled,,,
Agent_0,1,TALK_INTENT,,,,,,,0.39172276854515076,DAY_DISCUSS,0,,Worker,,2,run_1785019952_ef7620,,1337013985,disabled,,,
Agent_2,0,TALK_INTENT,,,,,,,0.4317970275878906,DAY_DISCUSS,0,,Worker,,2,run_1785019952_ef7620,,1337013985,disabled,,,
Agent_3,4,TALK_INTENT,,,,,,,0.1720457375049591,DAY_DISCUSS,0,,Worker,,2,run_1785019952_ef7620,,1337013985,disabled,,,
Agent_4,1,TALK_INTENT,,,,,,,0.2702183127403259,DAY_DISCUSS,0,,Werewolf,,2,run_1785019952_ef7620,,1337013985,disabled,,,
Agent_6,0,TALK_INTENT,,,,,,,0.11660865694284439,DAY_DISCUSS,0,,Worker,,2,run_1785019952_ef7620,,1337013985,disabled,,,
Agent_7,2,TALK_INTENT,,,,,,,0.22779437899589539,DAY_DISCUSS,0,,Worker,,2,run_1785019952_ef7620,,1337013985,disabled,,,
Agent_8,2,TALK_INTENT,,,,,,,0.19525566697120667,DAY_DISCUSS,0,,Worker,,2,run_1785019952_ef7620,,1337013985,disabled,,,
Agent_0,0,TALK_INTENT,,,,,,,0.39172276854515076,DAY_DISCUSS,0,,Worker,,2,run_1785019952_ef7620,,1337013985,disabled,,,
Agent_2,4,TALK_INTENT,,,,,,,0.4317970275878906,DAY_DISCUSS,0,,Worker,,2,run_1785019952_ef7620,,1337013985,disabled,,,
Agent_3,2,TALK_INTENT,,,,,,,0.1720457375049591,DAY_DISCUSS,0,,Worker,,2,run_1785019952_ef7620,,1337013985,disabled,,,
Agent_4,1,TALK_INTENT,,,,,,,0.2702183127403259,DAY_DISCUSS,0,,Werewolf,,2,run_1785019952_ef7620,,1337013985,disabled,,,
Agent_6,4,TALK_INTENT,,,,,,,0.11660865694284439,DAY_DISCUSS,0,,Worker,,2,run_1785019952_ef7620,,1337013985,disabled,,,
Agent_7,3,TALK_INTENT,,,,,,,0.22779437899589539,DAY_DISCUSS,0,,Worker,,2,run_1785019952_ef7620,,1337013985,disabled,,,
Agent_8,1,TALK_INTENT,,,,,,,0.19525566697120667,DAY_DISCUSS,0,,Worker,,2,run_1785019952_ef7620,,1337013985,disabled,,,
Agent_0,7,VOTE_TARGET,,0.002611,0.049711,judge_disabled,,6,0.39172276854515076,DAY_VOTE,1,,Worker,,2,run_1785019952_ef7620,,1337013985,disabled,Agent_7,0,
Agent_2,0,VOTE_TARGET,,0.002367,0.046498,judge_disabled,,6,0.4317970275878906,DAY_VOTE,1,,Worker,,2,run_1785019952_ef7620,,1337013985,disabled,Agent_0,0,
Agent_3,0,VOTE_TARGET,,0.000275,0.012739,judge_disabled,,6,0.1720457375049591,DAY_VOTE,1,,Worker,,2,run_1785019952_ef7620,,1337013985,disabled,Agent_0,0,
Agent_4,6,VOTE_TARGET,,0.000266,0.012772,judge_disabled,,6,0.2702183127403259,DAY_VOTE,1,,Werewolf,,2,run_1785019952_ef7620,,1337013985,disabled,Agent_6,0,
Agent_6,0,VOTE_TARGET,,0.000245,0.012291,judge_disabled,,6,0.11660865694284439,DAY_VOTE,1,,Worker,,2,run_1785019952_ef7620,,1337013985,disabled,Agent_0,0,
Agent_7,0,VOTE_TARGET,,0.000284,0.012943,judge_disabled,,6,0.22779437899589539,DAY_VOTE,1,,Worker,,2,run_1785019952_ef7620,,1337013985,disabled,Agent_0,0,
Agent_8,0,VOTE_TARGET,,0.000269,0.012583,judge_disabled,,6,0.19525566697120667,DAY_VOTE,1,,Worker,,2,run_1785019952_ef7620,,1337013985,disabled,Agent_0,0,
Agent_4,2,KILL_TARGET,,,,,,5,0.2702183127403259,NIGHT_KILL,2,,Werewolf,,2,run_1785019952_ef7620,,1337013985,disabled,,,
Agent_3,0,TALK_INTENT,,,,,,,0.1720457375049591,DAY_DISCUSS,0,,Worker,,3,run_1785019952_ef7620,,1337013985,disabled,,,
Agent_4,1,TALK_INTENT,,,,,,,0.2702183127403259,DAY_DISCUSS,0,,Werewolf,,3,run_1785019952_ef7620,,1337013985,disabled,,,
Agent_6,2,TALK_INTENT,,,,,,,0.11660865694284439,DAY_DISCUSS,0,,Worker,,3,run_1785019952_ef7620,,1337013985,disabled,,,
Agent_7,0,TALK_INTENT,,,,,,,0.22779437899589539,DAY_DISCUSS,0,,Worker,,3,run_1785019952_ef7620,,1337013985,disabled,,,
Agent_8,1,TALK_INTENT,,,,,,,0.19525566697120667,DAY_DISCUSS,0,,Worker,,3,run_1785019952_ef7620,,1337013985,disabled,,,
Agent_3,2,TALK_INTENT,,,,,,,0.1720457375049591,DAY_DISCUSS,0,,Worker,,3,run_1785019952_ef7620,,1337013985,disabled,,,
Agent_4,3,TALK_INTENT,,,,,,,0.2702183127403259,DAY_DISCUSS,0,,Werewolf,,3,run_1785019952_ef7620,,1337013985,disabled,,,
Agent_6,1,TALK_INTENT,,,,,,,0.11660865694284439,DAY_DISCUSS,0,,Worker,,3,run_1785019952_ef7620,,1337013985,disabled,,,
Agent_7,3,TALK_INTENT,,,,,,,0.22779437899589539,DAY_DISCUSS,0,,Worker,,3,run_1785019952_ef7620,,1337013985,disabled,,,
Agent_8,0,TALK_INTENT,,,,,,,0.19525566697120667,DAY_DISCUSS,0,,Worker,,3,run_1785019952_ef7620,,1337013985,disabled,,,
Agent_3,7,VOTE_TARGET,,0.000275,0.012738,judge_disabled,,4,0.1720457375049591,DAY_VOTE,1,,Worker,,3,run_1785019952_ef7620,,1337013985,disabled,Agent_7,0,
Agent_4,6,VOTE_TARGET,,0.000266,0.012772,judge_disabled,,4,0.2702183127403259,DAY_VOTE,1,,Werewolf,,3,run_1785019952_ef7620,,1337013985,disabled,Agent_6,0,
Agent_6,7,VOTE_TARGET,,0.000244,0.012290,judge_disabled,,4,0.11660865694284439,DAY_VOTE,1,,Worker,,3,run_1785019952_ef7620,,1337013985,disabled,Agent_7,0,
Agent_7,8,VOTE_TARGET,,0.002502,0.050661,judge_disabled,,4,0.22779437899589539,DAY_VOTE,1,,Worker,,3,run_1785019952_ef7620,,1337013985,disabled,Agent_8,0,
Agent_8,7,VOTE_TARGET,,0.002723,0.051455,judge_disabled,,4,0.19525566697120667,DAY_VOTE,1,,Worker,,3,run_1785019952_ef7620,,1337013985,disabled,Agent_7,0,
Agent_4,8,KILL_TARGET,,,,,,3,0.2702183127403259,NIGHT_KILL,2,,Werewolf,,3,run_1785019952_ef7620,,1337013985,disabled,,,
Agent_3,4,TALK_INTENT,,,,,,,0.1720457375049591,DAY_DISCUSS,0,,Worker,,4,run_1785019952_ef7620,,1337013985,disabled,,,
Agent_4,2,TALK_INTENT,,,,,,,0.2702183127403259,DAY_DISCUSS,0,,Werewolf,,4,run_1785019952_ef7620,,1337013985,disabled,,,
Agent_6,2,TALK_INTENT,,,,,,,0.11660865694284439,DAY_DISCUSS,0,,Worker,,4,run_1785019952_ef7620,,1337013985,disabled,,,
Agent_3,0,TALK_INTENT,,,,,,,0.1720457375049591,DAY_DISCUSS,0,,Worker,,4,run_1785019952_ef7620,,1337013985,disabled,,,
Agent_4,4,TALK_INTENT,,,,,,,0.2702183127403259,DAY_DISCUSS,0,,Werewolf,,4,run_1785019952_ef7620,,1337013985,disabled,,,
Agent_6,3,TALK_INTENT,,,,,,,0.11660865694284439,DAY_DISCUSS,0,,Worker,,4,run_1785019952_ef7620,,1337013985,disabled,,,
Agent_3,4,VOTE_TARGET,,0.000277,0.012799,judge_disabled,,2,0.1720457375049591,DAY_VOTE,1,,Worker,,4,run_1785019952_ef7620,,1337013985,disabled,Agent_4,1,
Agent_4,6,VOTE_TARGET,,0.002149,0.050465,judge_disabled,,2,0.2702183127403259,DAY_VOTE,1,,Werewolf,,4,run_1785019952_ef7620,,1337013985,disabled,Agent_6,0,
Agent_6,4,VOTE_TARGET,,0.000242,0.012272,judge_disabled,,2,0.11660865694284439,DAY_VOTE,1,,Worker,,4,run_1785019952_ef7620,,1337013985,disabled,Agent_4,1,
Agent_0,1,TALK_INTENT,,,,,,,0.39172276854515076,DAY_DISCUSS,0,,Worker,,1,run_1785019957_236d32,,1337023958,disabled,,,
Agent_1,4,TALK_INTENT,,,,,,,0.21732454001903534,DAY_DISCUSS,0,,Werewolf,,1,run_1785019957_236d32,,1337023958,disabled,,,
Agent_2,0,TALK_INTENT,,,,,,,0.4317970275878906,DAY_DISCUSS,0,,Worker,,1,run_1785019957_236d32,,1337023958,disabled,,,
Agent_3,4,TALK_INTENT,,,,,,,0.1720457375049591,DAY_DISCUSS,0,,Worker,,1,run_1785019957_236d32,,1337023958,disabled,,,
Agent_4,2,TALK_INTENT,,,,,,,0.2702183127403259,DAY_DISCUSS,0,,Worker,,1,run_1785019957_236d32,,1337023958,disabled,,,
Agent_5,3,TALK_INTENT,,,,,,,0.35103756189346313,DAY_DISCUSS,0,,Worker,,1,run_1785019957_236d32,,1337023958,disabled,,,
Agent_6,1,TALK_INTENT,,,,,,,0.11660865694284439,DAY_DISCUSS,0,,Worker,,1,run_1785019957_236d32,,1337023958,disabled,,,
Agent_7,2,TALK_INTENT,,,,,,,0.22779437899589539,DAY_DISCUSS,0,,Werewolf,,1,run_1785019957_236d32,,1337023958,disabled,,,
Agent_8,4,TALK_INTENT,,,,,,,0.19525566697120667,DAY_DISCUSS,0,,Worker,,1,run_1785019957_236d32,,1337023958,disabled,,,
Agent_0,4,TALK_INTENT,,,,,,,0.39172276854515076,DAY_DISCUSS,0,,Worker,,1,run_1785019957_236d32,,1337023958,disabled,,,
Agent_1,4,TALK_INTENT,,,,,,,0.21732454001903534,DAY_DISCUSS,0,,Werewolf,,1,run_1785019957_236d32,,1337023958,disabled,,,
Agent_2,3,TALK_INTENT,,,,,,,0.4317970275878906,DAY_DISCUSS,0,,Worker,,1,run_1785019957_236d32,,1337023958,disabled,,,
Agent_3,2,TALK_INTENT,,,,,,,0.1720457375049591,DAY_DISCUSS,0,,Worker,,1,run_1785019957_236d32,,1337023958,disabled,,,
Agent_4,1,TALK_INTENT,,,,,,,0.2702183127403259,DAY_DISCUSS,0,,Worker,,1,run_1785019957_236d32,,1337023958,disabled,,,
Agent_5,4,TALK_INTENT,,,,,,,0.35103756189346313,DAY_DISCUSS,0,,Worker,,1,run_1785019957_236d32,,1337023958,disabled,,,
Agent_6,4,TALK_INTENT,,,,,,,0.11660865694284439,DAY_DISCUSS,0,,Worker,,1,run_1785019957_236d32,,1337023958,disabled,,,
Agent_7,1,TALK_INTENT,,,,,,,0.22779437899589539,DAY_DISCUSS,0,,Werewolf,,1,run_1785019957_236d32,,1337023958,disabled,,,
Agent_8,2,TALK_INTENT,,,,,,,0.19525566697120667,DAY_DISCUSS,0,,Worker,,1,run_1785019957_236d32,,1337023958,disabled,,,
Agent_0,5,VOTE_TARGET,,0.000295,0.013242,judge_disabled,,8,0.39172276854515076,DAY_VOTE,1,,Worker,,1,run_1785019957_236d32,,1337023958,disabled,Agent_5,0,
Agent_1,6,VOTE_TARGET,,0.000249,0.012593,judge_disabled,,8,0.21732454001903534,DAY_VOTE,1,,Werewolf,,1,run_1785019957_236d32,,1337023958,disabled,Agent_6,0,
Agent_2,5,VOTE_TARGET,,0.002530,0.048018,judge_disabled,,8,0.4317970275878906,DAY_VOTE,1,,Worker,,1,run_1785019957_236d32,,1337023958,disabled,Agent_5,0,
Agent_3,5,VOTE_TARGET,,0.000274,0.012730,judge_disabled,,8,0.1720457375049591,DAY_VOTE,1,,Worker,,1,run_1785019957_236d32,,1337023958,disabled,Agent_5,0,
Agent_4,5,VOTE_TARGET,,0.000269,0.012619,judge_disabled,,8,0.2702183127403259,DAY_VOTE,1,,Worker,,1,run_1785019957_236d32,,1337023958,disabled,Agent_5,0,
Agent_5,0,VOTE_TARGET,,0.002635,0.049211,judge_disabled,,8,0.35103756189346313,DAY_VOTE,1,,Worker,,1,run_1785019957_236d32,,1337023958,disabled,Agent_0,0,
Agent_6,5,VOTE_TARGET,,0.000271,0.012615,judge_disabled,,8,0.11660865694284439,DAY_VOTE,1,,Worker,,1,run_1785019957_236d32,,1337023958,disabled,Agent_5,0,
Agent_7,6,VOTE_TARGET,,0.000264,0.012617,judge_disabled,,8,0.22779437899589539,DAY_VOTE,1,,Werewolf,,1,run_1785019957_236d32,,1337023958,disabled,Agent_6,0,
Agent_8,5,VOTE_TARGET,,0.000279,0.012840,judge_disabled,,8,0.19525566697120667,DAY_VOTE,1,,Worker,,1,run_1785019957_236d32,,1337023958,disabled,Agent_5,0,
Agent_1,2,KILL_TARGET,,,,,,6,0.21732454001903534,NIGHT_KILL,2,,Werewolf,,1,run_1785019957_236d32,,1337023958,disabled,,,
Agent_0,2,TALK_INTENT,,,,,,,0.39172276854515076,DAY_DISCUSS,0,,Worker,,2,run_1785019957_236d32,,1337023958,disabled,,,
Agent_1,0,TALK_INTENT,,,,,,,0.21732454001903534,DAY_DISCUSS,0,,Werewolf,,2,run_1785019957_236d32,,1337023958,disabled,,,
Agent_3,4,TALK_INTENT,,,,,,,0.1720457375049591,DAY_DISCUSS,0,,Worker,,2,run_1785019957_236d32,,1337023958,disabled,,,
Agent_4,2,TALK_INTENT,,,,,,,0.2702183127403259,DAY_DISCUSS,0,,Worker,,2,run_1785019957_236d32,,1337023958,disabled,,,
Agent_6,4,TALK_INTENT,,,,,,,0.11660865694284439,DAY_DISCUSS,0,,Worker,,2,run_1785019957_236d32,,1337023958,disabled,,,
Agent_7,4,TALK_INTENT,,,,,,,0.22779437899589539,DAY_DISCUSS,0,,Werewolf,,2,run_1785019957_236d32,,1337023958,disabled,,,
Agent_8,0,TALK_INTENT,,,,,,,0.19525566697120667,DAY_DISCUSS,0,,Worker,,2,run_1785019957_236d32,,1337023958,disabled,,,
Agent_0,0,TALK_INTENT,,,,,,,0.39172276854515076,DAY_DISCUSS,0,,Worker,,2,run_1785019957_236d32,,1337023958,disabled,,,
Agent_1,1,TALK_INTENT,,,,,,,0.21732454001903534,DAY_DISCUSS,0,,Werewolf,,2,run_1785019957_236d32,,1337023958,disabled,,,
Agent_3,2,TALK_INTENT,,,,,,,0.1720457375049591,DAY_DISCUSS,0,,Worker,,2,run_1785019957_236d32,,1337023958,disabled,,,
Agent_4,0,TALK_INTENT,,,,,,,0.2702183127403259,DAY_DISCUSS,0,,Worker,,2,run_1785019957_236d32,,1337023958,disabled,,,
Agent_6,4,TALK_INTENT,,,,,,,0.11660865694284439,DAY_DISCUSS,0,,Worker,,2,run_1785019957_236d32,,1337023958,disabled,,,
Agent_7,3,TALK_INTENT,,,,,,,0.22779437899589539,DAY_DISCUSS,0,,Werewolf,,2,run_1785019957_236d32,,1337023958,disabled,,,
Agent_8,4,TALK_INTENT,,,,,,,0.19525566697120667,DAY_DISCUSS,0,,Worker,,2,run_1785019957_236d32,,1337023958,disabled,,,
Agent_0,7,VOTE_TARGET,,0.002601,0.049453,judge_disabled,,6,0.39172276854515076,DAY_VOTE,1,,Worker,,2,run_1785019957_236d32,,1337023958,disabled,Agent_7,1,
Agent_1,6,VOTE_TARGET,,0.000249,0.012621,judge_disabled,,6,0.21732454001903534,DAY_VOTE,1,,Werewolf,,2,run_1785019957_236d32,,1337023958,disabled,Agent_6,0,
Agent_3,0,VOTE_TARGET,,0.000274,0.012736,judge_disabled,,6,0.1720457375049591,DAY_VOTE,1,,Worker,,2,run_1785019957_236d32,,1337023958,disabled,Agent_0,0,
Agent_4,0,VOTE_TARGET,,0.000268,0.012619,judge_disabled,,6,0.2702183127403259,DAY_VOTE,1,,Worker,,2,run_1785019957_236d32,,1337023958,disabled,Agent_0,0,
Agent_6,0,VOTE_TARGET,,0.000270,0.012600,judge_disabled,,6,0.11660865694284439,DAY_VOTE,1,,Worker,,2,run_1785019957_236d32,,1337023958,disabled,Agent_0,0,
Agent_7,6,VOTE_TARGET,,0.000263,0.012627,judge_disabled,,6,0.22779437899589539,DAY_VOTE,1,,Werewolf,,2,run_1785019957_236d32,,1337023958,disabled,Agent_6,0,
Agent_8,0,VOTE_TARGET,,0.002498,0.049256,judge_disabled,,6,0.19525566697120667,DAY_VOTE,1,,Worker,,2,run_1785019957_236d32,,1337023958,disabled,Agent_0,0,
Agent_1,8,KILL_TARGET,,,,,,4,0.21732454001903534,NIGHT_KILL,2,,Werewolf,,2,run_1785019957_236d32,,1337023958,disabled,,,
Agent_1,0,TALK_INTENT,,,,,,,0.21732454001903534,DAY_DISCUSS,0,,Werewolf,,3,run_1785019957_236d32,,1337023958,disabled,,,
Agent_3,4,TALK_INTENT,,,,,,,0.1720457375049591,DAY_DISCUSS,0,,Worker,,3,run_1785019957_236d32,,1337023958,disabled,,,
Agent_4,0,TALK_INTENT,,,,,,,0.2702183127403259,DAY_DISCUSS,0,,Worker,,3,run_1785019957_236d32,,1337023958,disabled,,,
Agent_6,4,TALK_INTENT,,,,,,,0.11660865694284439,DAY_DISCUSS,0,,Worker,,3,run_1785019957_236d32,,1337023958,disabled,,,
Agent_7,3,TALK_INTENT,,,,,,,0.22779437899589539,DAY_DISCUSS,0,,Werewolf,,3,run_1785019957_236d32,,1337023958,disabled,,,
Agent_1,1,TALK_INTENT,,,,,,,0.21732454001903534,DAY_DISCUSS,0,,Werewolf,,3,run_1785019957_236d32,,1337023958,disabled,,,
Agent_3,3,TALK_INTENT,,,,,,,0.1720457375049591,DAY_DISCUSS,0,,Worker,,3,run_1785019957_236d32,,1337023958,disabled,,,
Agent_4,4,TALK_INTENT,,,,,,,0.2702183127403259,DAY_DISCUSS,0,,Worker,,3,run_1785019957_236d32,,1337023958,disabled,,,
Agent_6,2,TALK_INTENT,,,,,,,0.11660865694284439,DAY_DISCUSS,0,,Worker,,3,run_1785019957_236d32,,1337023958,disabled,,,
Agent_7,1,TALK_INTENT,,,,,,,0.22779437899589539,DAY_DISCUSS,0,,Werewolf,,3,run_1785019957_236d32,,1337023958,disabled,,,
Agent_1,6,VOTE_TARGET,,0.000249,0.012613,judge_disabled,,4,0.21732454001903534,DAY_VOTE,1,,Werewolf,,3,run_1785019957_236d32,,1337023958,disabled,Agent_6,0,
Agent_3,7,VOTE_TARGET,,0.002573,0.051368,judge_disabled,,4,0.1720457375049591,DAY_VOTE,1,,Worker,,3,run_1785019957_236d32,,1337023958,disabled,Agent_7,1,
Agent_4,7,VOTE_TARGET,,0.000268,0.012619,judge_disabled,,4,0.2702183127403259,DAY_VOTE,1,,Worker,,3,run_1785019957_236d32,,1337023958,disabled,Agent_7,1,
Agent_6,7,VOTE_TARGET,,0.000269,0.012597,judge_disabled,,4,0.11660865694284439,DAY_VOTE,1,,Worker,,3,run_1785019957_236d32,,1337023958,disabled,Agent_7,1,
Agent_7,6,VOTE_TARGET,,0.002546,0.051977,judge_disabled,,4,0.22779437899589539,DAY_VOTE,1,,Werewolf,,3,run_1785019957_236d32,,1337023958,disabled,Agent_6,0,
Agent_1,3,KILL_TARGET,,,,,,3,0.21732454001903534,NIGHT_KILL,2,,Werewolf,,3,run_1785019957_236d32,,1337023958,disabled,,,
Agent_1,0,TALK_INTENT,,,,,,,0.21732454001903534,DAY_DISCUSS,0,,Werewolf,,4,run_1785019957_236d32,,1337023958,disabled,,,
Agent_4,1,TALK_INTENT,,,,,,,0.2702183127403259,DAY_DISCUSS,0,,Worker,,4,run_1785019957_236d32,,1337023958,disabled,,,
Agent_6,3,TALK_INTENT,,,,,,,0.11660865694284439,DAY_DISCUSS,0,,Worker,,4,run_1785019957_236d32,,1337023958,disabled,,,
Agent_1,1,TALK_INTENT,,,,,,,0.21732454001903534,DAY_DISCUSS,0,,Werewolf,,4,run_1785019957_236d32,,1337023958,disabled,,,
Agent_4,0,TALK_INTENT,,,,,,,0.2702183127403259,DAY_DISCUSS,0,,Worker,,4,run_1785019957_236d32,,1337023958,disabled,,,
Agent_6,0,TALK_INTENT,,,,,,,0.11660865694284439,DAY_DISCUSS,0,,Worker,,4,run_1785019957_236d32,,1337023958,disabled,,,
Agent_1,6,VOTE_TARGET,,0.002723,0.054257,judge_disabled,,2,0.21732454001903534,DAY_VOTE,1,,Werewolf,,4,run_1785019957_236d32,,1337023958,disabled,Agent_6,0,
Agent_4,1,VOTE_TARGET,,0.000267,0.012615,judge_disabled,,2,0.2702183127403259,DAY_VOTE,1,,Worker,,4,run_1785019957_236d32,,1337023958,disabled,Agent_1,1,
Agent_6,1,VOTE_TARGET,,0.000270,0.012643,judge_disabled,,2,0.11660865694284439,DAY_VOTE,1,,Worker,,4,run_1785019957_236d32,,1337023958,disabled,Agent_1,1,
Agent_0,1,TALK_INTENT,,,,,,,0.39172276854515076,DAY_DISCUSS,0,,Worker,,1,run_1785019963_d357b7,,1337033931,disabled,,,
Agent_1,2,TALK_INTENT,,,,,,,0.21732454001903534,DAY_DISCUSS,0,,Worker,,1,run_1785019963_d357b7,,1337033931,disabled,,,
Agent_2,0,TALK_INTENT,,,,,,,0.4317970275878906,DAY_DISCUSS,0,,Worker,,1,run_1785019963_d357b7,,1337033931,disabled,,,
Agent_3,4,TALK_INTENT,,,,,,,0.1720457375049591,DAY_DISCUSS,0,,Werewolf,,1,run_1785019963_d357b7,,1337033931,disabled,,,
Agent_4,3,TALK_INTENT,,,,,,,0.2702183127403259,DAY_DISCUSS,0,,Worker,,1,run_1785019963_d357b7,,1337033931,disabled,,,
Agent_5,3,TALK_INTENT,,,,,,,0.35103756189346313,DAY_DISCUSS,0,,Werewolf,,1,run_1785019963_d357b7,,1337033931,disabled,,,
Agent_6,3,TALK_INTENT,,,,,,,0.11660865694284439,DAY_DISCUSS,0,,Worker,,1,run_1785019963_d357b7,,1337033931,disabled,,,
Agent_7,1,TALK_INTENT,,,,,,,0.22779437899589539,DAY_DISCUSS,0,,Worker,,1,run_1785019963_d357b7,,1337033931,disabled,,,
Agent_8,0,TALK_INTENT,,,,,,,0.19525566697120667,DAY_DISCUSS,0,,Worker,,1,run_1785019963_d357b7,,1337033931,disabled,,,
Agent_0,1,TALK_INTENT,,,,,,,0.39172276854515076,DAY_DISCUSS,0,,Worker,,1,run_1785019963_d357b7,,1337033931,disabled,,,
Agent_1,0,TALK_INTENT,,,,,,,0.21732454001903534,DAY_DISCUSS,0,,Worker,,1,run_1785019963_d357b7,,1337033931,disabled,,,
Agent_2,4,TALK_INTENT,,,,,,,0.4317970275878906,DAY_DISCUSS,0,,Worker,,1,run_1785019963_d357b7,,1337033931,disabled,,,
Agent_3,0,TALK_INTENT,,,,,,,0.1720457375049591,DAY_DISCUSS,0,,Werewolf,,1,run_1785019963_d357b7,,1337033931,disabled,,,
Agent_4,2,TALK_INTENT,,,,,,,0.2702183127403259,DAY_DISCUSS,0,,Worker,,1,run_1785019963_d357b7,,1337033931,disabled,,,
Agent_5,0,TALK_INTENT,,,,,,,0.35103756189346313,DAY_DISCUSS,0,,Werewolf,,1,run_1785019963_d357b7,,1337033931,disabled,,,
Agent_6,2,TALK_INTENT,,,,,,,0.11660865694284439,DAY_DISCUSS,0,,Worker,,1,run_1785019963_d357b7,,1337033931,disabled,,,
Agent_7,0,TALK_INTENT,,,,,,,0.22779437899589539,DAY_DISCUSS,0,,Worker,,1,run_1785019963_d357b7,,1337033931,disabled,,,
Agent_8,3,TALK_INTENT,,,,,,,0.19525566697120667,DAY_DISCUSS,0,,Worker,,1,run_1785019963_d357b7,,1337033931,disabled,,,
Agent_0,5,VOTE_TARGET,,0.000301,0.013327,judge_disabled,,8,0.39172276854515076,DAY_VOTE,1,,Worker,,1,run_1785019963_d357b7,,1337033931,disabled,Agent_5,1,
Agent_1,5,VOTE_TARGET,,0.002734,0.051163,judge_disabled,,8,0.21732454001903534,DAY_VOTE,1,,Worker,,1,run_1785019963_d357b7,,1337033931,disabled,Agent_5,1,
Agent_2,5,VOTE_TARGET,,0.000256,0.012290,judge_disabled,,8,0.4317970275878906,DAY_VOTE,1,,Worker,,1,run_1785019963_d357b7,,1337033931,disabled,Agent_5,1,
Agent_3,6,VOTE_TARGET,,0.000254,0.012308,judge_disabled,,8,0.1720457375049591,DAY_VOTE,1,,Werewolf,,1,run_1785019963_d357b7,,1337033931,disabled,Agent_6,0,
Agent_4,5,VOTE_TARGET,,0.000276,0.012836,judge_disabled,,8,0.2702183127403259,DAY_VOTE,1,,Worker,,1,run_1785019963_d357b7,,1337033931,disabled,Agent_5,1,
Agent_5,6,VOTE_TARGET,,0.002082,0.046030,judge_disabled,,8,0.35103756189346313,DAY_VOTE,1,,Werewolf,,1,run_1785019963_d357b7,,1337033931,disabled,Agent_6,0,
Agent_6,5,VOTE_TARGET,,0.000286,0.013205,judge_disabled,,8,0.11660865694284439,DAY_VOTE,1,,Worker,,1,run_1785019963_d357b7,,1337033931,disabled,Agent_5,1,
Agent_7,5,VOTE_TARGET,,0.000267,0.012524,judge_disabled,,8,0.22779437899589539,DAY_VOTE,1,,Worker,,1,run_1785019963_d357b7,,1337033931,disabled,Agent_5,1,
Agent_8,5,VOTE_TARGET,,0.000261,0.012399,judge_disabled,,8,0.19525566697120667,DAY_VOTE,1,,Worker,,1,run_1785019963_d357b7,,1337033931,disabled,Agent_5,1,
Agent_3,1,KILL_TARGET,,,,,,7,0.1720457375049591,NIGHT_KILL,2,,Werewolf,,1,run_1785019963_d357b7,,1337033931,disabled,,,
Agent_0,3,TALK_INTENT,,,,,,,0.39172276854515076,DAY_DISCUSS,0,,Worker,,2,run_1785019963_d357b7,,1337033931,disabled,,,
Agent_2,3,TALK_INTENT,,,,,,,0.4317970275878906,DAY_DISCUSS,0,,Worker,,2,run_1785019963_d357b7,,1337033931,disabled,,,
Agent_3,2,TALK_INTENT,,,,,,,0.1720457375049591,DAY_DISCUSS,0,,Werewolf,,2,run_1785019963_d357b7,,1337033931,disabled,,,
Agent_4,1,TALK_INTENT,,,,,,,0.2702183127403259,DAY_DISCUSS,0,,Worker,,2,run_1785019963_d357b7,,1337033931,disabled,,,
Agent_6,3,TALK_INTENT,,,,,,,0.11660865694284439,DAY_DISCUSS,0,,Worker,,2,run_1785019963_d357b7,,1337033931,disabled,,,
Agent_7,2,TALK_INTENT,,,,,,,0.22779437899589539,DAY_DISCUSS,0,,Worker,,2,run_1785019963_d357b7,,1337033931,disabled,,,
Agent_8,2,TALK_INTENT,,,,,,,0.19525566697120667,DAY_DISCUSS,0,,Worker,,2,run_1785019963_d357b7,,1337033931,disabled,,,
Agent_0,4,TALK_INTENT,,,,,,,0.39172276854515076,DAY_DISCUSS,0,,Worker,,2,run_1785019963_d357b7,,1337033931,disabled,,,
Agent_2,3,TALK_INTENT,,,,,,,0.4317970275878906,DAY_DISCUSS,0,,Worker,,2,run_1785019963_d357b7,,1337033931,disabled,,,
Agent_3,2,TALK_INTENT,,,,,,,0.1720457375049591,DAY_DISCUSS,0,,Werewolf,,2,run_1785019963_d357b7,,1337033931,disabled,,,
Agent_4,0,TALK_INTENT,,,,,,,0.2702183127403259,DAY_DISCUSS,0,,Worker,,2,run_1785019963_d357b7,,1337033931,disabled,,,
Agent_6,2,TALK_INTENT,,,,,,,0.11660865694284439,DAY_DISCUSS,0,,Worker,,2,run_1785019963_d357b7,,1337033931,disabled,,,
Agent_7,2,TALK_INTENT,,,,,,,0.22779437899589539,DAY_DISCUSS,0,,Worker,,2,run_1785019963_d357b7,,1337033931,disabled,,,
Agent_8,0,TALK_INTENT,,,,,,,0.19525566697120667,DAY_DISCUSS,0,,Worker,,2,run_1785019963_d357b7,,1337033931,disabled,,,
Agent_0,7,VOTE_TARGET,,0.002373,0.048592,judge_disabled,,6,0.39172276854515076,DAY_VOTE,1,,Worker,,2,run_1785019963_d357b7,,1337033931,disabled,Agent_7,0,
Agent_2,0,VOTE_TARGET,,0.002533,0.049618,judge_disabled,,6,0.4317970275878906,DAY_VOTE,1,,Worker,,2,run_1785019963_d357b7,,1337033931,disabled,Agent_0,0,
Agent_3,6,VOTE_TARGET,,0.000253,0.012306,judge_disabled,,6,0.1720457375049591,DAY_VOTE,1,,Werewolf,,2,run_1785019963_d357b7,,1337033931,disabled,Agent_6,0,
Agent_4,0,VOTE_TARGET,,0.000275,0.012819,judge_disabled,,6,0.2702183127403259,DAY_VOTE,1,,Worker,,2,run_1785019963_d357b7,,1337033931,disabled,Agent_0,0,
Agent_6,0,VOTE_TARGET,,0.000286,0.013213,judge_disabled,,6,0.11660865694284439,DAY_VOTE,1,,Worker,,2,run_1785019963_d357b7,,1337033931,disabled,Agent_0,0,
Agent_7,0,VOTE_TARGET,,0.000266,0.012520,judge_disabled,,6,0.22779437899589539,DAY_VOTE,1,,Worker,,2,run_1785019963_d357b7,,1337033931,disabled,Agent_0,0,
Agent_8,0,VOTE_TARGET,,0.000260,0.012398,judge_disabled,,6,0.19525566697120667,DAY_VOTE,1,,Worker,,2,run_1785019963_d357b7,,1337033931,disabled,Agent_0,0,
Agent_3,2,KILL_TARGET,,,,,,5,0.1720457375049591,NIGHT_KILL,2,,Werewolf,,2,run_1785019963_d357b7,,1337033931,disabled,,,
Agent_3,1,TALK_INTENT,,,,,,,0.1720457375049591,DAY_DISCUSS,0,,Werewolf,,3,run_1785019963_d357b7,,1337033931,disabled,,,
Agent_4,3,TALK_INTENT,,,,,,,0.2702183127403259,DAY_DISCUSS,0,,Worker,,3,run_1785019963_d357b7,,1337033931,disabled,,,
Agent_6,4,TALK_INTENT,,,,,,,0.11660865694284439,DAY_DISCUSS,0,,Worker,,3,run_1785019963_d357b7,,1337033931,disabled,,,
Agent_7,2,TALK_INTENT,,,,,,,0.22779437899589539,DAY_DISCUSS,0,,Worker,,3,run_1785019963_d357b7,,1337033931,disabled,,,
Agent_8,2,TALK_INTENT,,,,,,,0.19525566697120667,DAY_DISCUSS,0,,Worker,,3,run_1785019963_d357b7,,1337033931,disabled,,,
Agent_3,2,TALK_INTENT,,,,,,,0.1720457375049591,DAY_DISCUSS,0,,Werewolf,,3,run_1785019963_d357b7,,1337033931,disabled,,,
Agent_4,4,TALK_INTENT,,,,,,,0.2702183127403259,DAY_DISCUSS,0,,Worker,,3,run_1785019963_d357b7,,1337033931,disabled,,,
Agent_6,2,TALK_INTENT,,,,,,,0.11660865694284439,DAY_DISCUSS,0,,Worker,,3,run_1785019963_d357b7,,1337033931,disabled,,,
Agent_7,3,TALK_INTENT,,,,,,,0.22779437899589539,DAY_DISCUSS,0,,Worker,,3,run_1785019963_d357b7,,1337033931,disabled,,,
Agent_8,3,TALK_INTENT,,,,,,,0.19525566697120667,DAY_DISCUSS,0,,Worker,,3,run_1785019963_d357b7,,1337033931,disabled,,,
Agent_3,6,VOTE_TARGET,,0.000252,0.012307,judge_disabled,,4,0.1720457375049591,DAY_VOTE,1,,Werewolf,,3,run_1785019963_d357b7,,1337033931,disabled,Agent_6,0,
Agent_4,7,VOTE_TARGET,,0.000274,0.012816,judge_disabled,,4,0.2702183127403259,DAY_VOTE,1,,Worker,,3,run_1785019963_d357b7,,1337033931,disabled,Agent_7,0,
Agent_6,7,VOTE_TARGET,,0.000285,0.013214,judge_disabled,,4,0.11660865694284439,DAY_VOTE,1,,Worker,,3,run_1785019963_d357b7,,1337033931,disabled,Agent_7,0,
Agent_7,8,VOTE_TARGET,,0.002760,0.051810,judge_disabled,,4,0.22779437899589539,DAY_VOTE,1,,Worker,,3,run_1785019963_d357b7,,1337033931,disabled,Agent_8,0,
Agent_8,7,VOTE_TARGET,,0.002646,0.050609,judge_disabled,,4,0.19525566697120667,DAY_VOTE,1,,Worker,,3,run_1785019963_d357b7,,1337033931,disabled,Agent_7,0,
Agent_3,8,KILL_TARGET,,,,,,3,0.1720457375049591,NIGHT_KILL,2,,Werewolf,,3,run_1785019963_d357b7,,1337033931,disabled,,,
Agent_3,3,TALK_INTENT,,,,,,,0.1720457375049591,DAY_DISCUSS,0,,Werewolf,,4,run_1785019963_d357b7,,1337033931,disabled,,,
Agent_4,3,TALK_INTENT,,,,,,,0.2702183127403259,DAY_DISCUSS,0,,Worker,,4,run_1785019963_d357b7,,1337033931,disabled,,,
Agent_6,0,TALK_INTENT,,,,,,,0.11660865694284439,DAY_DISCUSS,0,,Worker,,4,run_1785019963_d357b7,,1337033931,disabled,,,
Agent_3,0,TALK_INTENT,,,,,,,0.1720457375049591,DAY_DISCUSS,0,,Werewolf,,4,run_1785019963_d357b7,,1337033931,disabled,,,
Agent_4,1,TALK_INTENT,,,,,,,0.2702183127403259,DAY_DISCUSS,0,,Worker,,4,run_1785019963_d357b7,,1337033931,disabled,,,
Agent_6,2,TALK_INTENT,,,,,,,0.11660865694284439,DAY_DISCUSS,0,,Worker,,4,run_1785019963_d357b7,,1337033931,disabled,,,
Agent_3,6,VOTE_TARGET,,0.000254,0.012363,judge_disabled,,2,0.1720457375049591,DAY_VOTE,1,,Werewolf,,4,run_1785019963_d357b7,,1337033931,disabled,Agent_6,0,
Agent_4,6,VOTE_TARGET,,0.002390,0.048832,judge_disabled,,2,0.2702183127403259,DAY_VOTE,1,,Worker,,4,run_1785019963_d357b7,,1337033931,disabled,Agent_6,0,
Agent_6,4,VOTE_TARGET,,0.002352,0.051508,judge_disabled,,2,0.11660865694284439,DAY_VOTE,1,,Worker,,4,run_1785019963_d357b7,,1337033931,disabled,Agent_4,0,
Agent_3,4,KILL_TARGET,,,,,,1,0.1720457375049591,NIGHT_KILL,2,,Werewolf,,4,run_1785019963_d357b7,,1337033931,disabled,,,
Agent_0,3,TALK_INTENT,,,,,,,0.39172276854515076,DAY_DISCUSS,0,,Worker,,1,run_1785020368_fdd2f7,,1337004012,disabled,,,
Agent_1,3,TALK_INTENT,,,,,,,0.21732454001903534,DAY_DISCUSS,0,,Worker,,1,run_1785020368_fdd2f7,,1337004012,disabled,,,
Agent_2,2,TALK_INTENT,,,,,,,0.4317970275878906,DAY_DISCUSS,0,,Werewolf,,1,run_1785020368_fdd2f7,,1337004012,disabled,,,
Agent_3,2,TALK_INTENT,,,,,,,0.1720457375049591,DAY_DISCUSS,0,,Worker,,1,run_1785020368_fdd2f7,,1337004012,disabled,,,
Agent_4,4,TALK_INTENT,,,,,,,0.2702183127403259,DAY_DISCUSS,0,,Werewolf,,1,run_1785020368_fdd2f7,,1337004012,disabled,,,
Agent_5,3,TALK_INTENT,,,,,,,0.35103756189346313,DAY_DISCUSS,0,,Worker,,1,run_1785020368_fdd2f7,,1337004012,disabled,,,
Agent_6,1,TALK_INTENT,,,,,,,0.11660865694284439,DAY_DISCUSS,0,,Worker,,1,run_1785020368_fdd2f7,,1337004012,disabled,,,
Agent_7,4,TALK_INTENT,,,,,,,0.22779437899589539,DAY_DISCUSS,0,,Worker,,1,run_1785020368_fdd2f7,,1337004012,disabled,,,
Agent_8,2,TALK_INTENT,,,,,,,0.19525566697120667,DAY_DISCUSS,0,,Worker,,1,run_1785020368_fdd2f7,,1337004012,disabled,,,
Agent_0,2,TALK_INTENT,,,,,,,0.39172276854515076,DAY_DISCUSS,0,,Worker,,1,run_1785020368_fdd2f7,,1337004012,disabled,,,
Agent_1,3,TALK_INTENT,,,,,,,0.21732454001903534,DAY_DISCUSS,0,,Worker,,1,run_1785020368_fdd2f7,,1337004012,disabled,,,
Agent_2,2,TALK_INTENT,,,,,,,0.4317970275878906,DAY_DISCUSS,0,,Werewolf,,1,run_1785020368_fdd2f7,,1337004012,disabled,,,
Agent_3,3,TALK_INTENT,,,,,,,0.1720457375049591,DAY_DISCUSS,0,,Worker,,1,run_1785020368_fdd2f7,,1337004012,disabled,,,
Agent_4,4,TALK_INTENT,,,,,,,0.2702183127403259,DAY_DISCUSS,0,,Werewolf,,1,run_1785020368_fdd2f7,,1337004012,disabled,,,
Agent_5,0,TALK_INTENT,,,,,,,0.35103756189346313,DAY_DISCUSS,0,,Worker,,1,run_1785020368_fdd2f7,,1337004012,disabled,,,
Agent_6,2,TALK_INTENT,,,,,,,0.11660865694284439,DAY_DISCUSS,0,,Worker,,1,run_1785020368_fdd2f7,,1337004012,disabled,,,
Agent_7,3,TALK_INTENT,,,,,,,0.22779437899589539,DAY_DISCUSS,0,,Worker,,1,run_1785020368_fdd2f7,,1337004012,disabled,,,
Agent_8,2,TALK_INTENT,,,,,,,0.19525566697120667,DAY_DISCUSS,0,,Worker,,1,run_1785020368_fdd2f7,,1337004012,disabled,,,
Agent_0,7,VOTE_TARGET,,0.004861,0.043054,judge_disabled,,8,0.39172276854515076,DAY_VOTE,1,,Worker,,1,run_1785020368_fdd2f7,,1337004012,disabled,Agent_7,0,
Agent_1,0,VOTE_TARGET,,0.000476,0.013384,judge_disabled,,8,0.21732454001903534,DAY_VOTE,1,,Worker,,1,run_1785020368_fdd2f7,,1337004012,disabled,Agent_0,0,
Agent_2,8,VOTE_TARGET,,0.000519,0.014074,judge_disabled,,8,0.4317970275878906,DAY_VOTE,1,,Werewolf,,1,run_1785020368_fdd2f7,,1337004012,disabled,Agent_8,0,
Agent_3,7,VOTE_TARGET,,0.000509,0.013826,judge_disabled,,8,0.1720457375049591,DAY_VOTE,1,,Worker,,1,run_1785020368_fdd2f7,,1337004012,disabled,Agent_7,0,
Agent_4,8,VOTE_TARGET,,0.000390,0.012547,judge_disabled,,8,0.2702183127403259,DAY_VOTE,1,,Werewolf,,1,run_1785020368_fdd2f7,,1337004012,disabled,Agent_8,0,
Agent_5,7,VOTE_TARGET,,0.000458,0.013703,judge_disabled,,8,0.35103756189346313,DAY_VOTE,1,,Worker,,1,run_1785020368_fdd2f7,,1337004012,disabled,Agent_7,0,
Agent_6,7,VOTE_TARGET,,0.000370,0.012424,judge_disabled,,8,0.11660865694284439,DAY_VOTE,1,,Worker,,1,run_1785020368_fdd2f7,,1337004012,disabled,Agent_7,0,
Agent_7,0,VOTE_TARGET,,0.005043,0.043640,judge_disabled,,8,0.22779437899589539,DAY_VOTE,1,,Worker,,1,run_1785020368_fdd2f7,,1337004012,disabled,Agent_0,0,
Agent_8,0,VOTE_TARGET,,0.000460,0.013201,judge_disabled,,8,0.19525566697120667,DAY_VOTE,1,,Worker,,1,run_1785020368_fdd2f7,,1337004012,disabled,Agent_0,0,
Agent_2,0,KILL_TARGET,,,,,,6,0.4317970275878906,NIGHT_KILL,2,,Werewolf,,1,run_1785020368_fdd2f7,,1337004012,disabled,,,
Agent_1,2,TALK_INTENT,,,,,,,0.21732454001903534,DAY_DISCUSS,0,,Worker,,2,run_1785020368_fdd2f7,,1337004012,disabled,,,
Agent_2,3,TALK_INTENT,,,,,,,0.4317970275878906,DAY_DISCUSS,0,,Werewolf,,2,run_1785020368_fdd2f7,,1337004012,disabled,,,
Agent_3,1,TALK_INTENT,,,,,,,0.1720457375049591,DAY_DISCUSS,0,,Worker,,2,run_1785020368_fdd2f7,,1337004012,disabled,,,
Agent_4,2,TALK_INTENT,,,,,,,0.2702183127403259,DAY_DISCUSS,0,,Werewolf,,2,run_1785020368_fdd2f7,,1337004012,disabled,,,
Agent_5,4,TALK_INTENT,,,,,,,0.35103756189346313,DAY_DISCUSS,0,,Worker,,2,run_1785020368_fdd2f7,,1337004012,disabled,,,
Agent_6,1,TALK_INTENT,,,,,,,0.11660865694284439,DAY_DISCUSS,0,,Worker,,2,run_1785020368_fdd2f7,,1337004012,disabled,,,
Agent_8,0,TALK_INTENT,,,,,,,0.19525566697120667,DAY_DISCUSS,0,,Worker,,2,run_1785020368_fdd2f7,,1337004012,disabled,,,
Agent_1,3,TALK_INTENT,,,,,,,0.21732454001903534,DAY_DISCUSS,0,,Worker,,2,run_1785020368_fdd2f7,,1337004012,disabled,,,
Agent_2,3,TALK_INTENT,,,,,,,0.4317970275878906,DAY_DISCUSS,0,,Werewolf,,2,run_1785020368_fdd2f7,,1337004012,disabled,,,
Agent_3,2,TALK_INTENT,,,,,,,0.1720457375049591,DAY_DISCUSS,0,,Worker,,2,run_1785020368_fdd2f7,,1337004012,disabled,,,
Agent_4,4,TALK_INTENT,,,,,,,0.2702183127403259,DAY_DISCUSS,0,,Werewolf,,2,run_1785020368_fdd2f7,,1337004012,disabled,,,
Agent_5,2,TALK_INTENT,,,,,,,0.35103756189346313,DAY_DISCUSS,0,,Worker,,2,run_1785020368_fdd2f7,,1337004012,disabled,,,
Agent_6,0,TALK_INTENT,,,,,,,0.11660865694284439,DAY_DISCUSS,0,,Worker,,2,run_1785020368_fdd2f7,,1337004012,disabled,,,
Agent_8,0,TALK_INTENT,,,,,,,0.19525566697120667,DAY_DISCUSS,0,,Worker,,2,run_1785020368_fdd2f7,,1337004012,disabled,,,
Agent_1,5,VOTE_TARGET,,0.004802,0.042565,judge_disabled,,6,0.21732454001903534,DAY_VOTE,1,,Worker,,2,run_1785020368_fdd2f7,,1337004012,disabled,Agent_5,0,
Agent_2,8,VOTE_TARGET,,0.000517,0.014065,judge_disabled,,6,0.4317970275878906,DAY_VOTE,1,,Werewolf,,2,run_1785020368_fdd2f7,,1337004012,disabled,Agent_8,0,
Agent_3,5,VOTE_TARGET,,0.000504,0.013785,judge_disabled,,6,0.1720457375049591,DAY_VOTE,1,,Worker,,2,run_1785020368_fdd2f7,,1337004012,disabled,Agent_5,0,
Agent_4,8,VOTE_TARGET,,0.000386,0.012511,judge_disabled,,6,0.2702183127403259,DAY_VOTE,1,,Werewolf,,2,run_1785020368_fdd2f7,,1337004012,disabled,Agent_8,0,
Agent_5,6,VOTE_TARGET,,0.005259,0.043980,judge_disabled,,6,0.35103756189346313,DAY_VOTE,1,,Worker,,2,run_1785020368_fdd2f7,,1337004012,disabled,Agent_6,0,
Agent_6,5,VOTE_TARGET,,0.000367,0.012401,judge_disabled,,6,0.11660865694284439,DAY_VOTE,1,,Worker,,2,run_1785020368_fdd2f7,,1337004012,disabled,Agent_5,0,
Agent_8,5,VOTE_TARGET,,0.000458,0.013185,judge_disabled,,6,0.19525566697120667,DAY_VOTE,1,,Worker,,2,run_1785020368_fdd2f7,,1337004012,disabled,Agent_5,0,
Agent_2,1,KILL_TARGET,,,,,,4,0.4317970275878906,NIGHT_KILL,2,,Werewolf,,2,run_1785020368_fdd2f7,,1337004012,disabled,,,
Agent_2,2,TALK_INTENT,,,,,,,0.4317970275878906,DAY_DISCUSS,0,,Werewolf,,3,run_1785020368_fdd2f7,,1337004012,disabled,,,
Agent_3,3,TALK_INTENT,,,,,,,0.1720457375049591,DAY_DISCUSS,0,,Worker,,3,run_1785020368_fdd2f7,,1337004012,disabled,,,
Agent_4,3,TALK_INTENT,,,,,,,0.2702183127403259,DAY_DISCUSS,0,,Werewolf,,3,run_1785020368_fdd2f7,,1337004012,disabled,,,
Agent_6,0,TALK_INTENT,,,,,,,0.11660865694284439,DAY_DISCUSS,0,,Worker,,3,run_1785020368_fdd2f7,,1337004012,disabled,,,
Agent_8,1,TALK_INTENT,,,,,,,0.19525566697120667,DAY_DISCUSS,0,,Worker,,3,run_1785020368_fdd2f7,,1337004012,disabled,,,
Agent_2,0,TALK_INTENT,,,,,,,0.4317970275878906,DAY_DISCUSS,0,,Werewolf,,3,run_1785020368_fdd2f7,,1337004012,disabled,,,
Agent_3,2,TALK_INTENT,,,,,,,0.1720457375049591,DAY_DISCUSS,0,,Worker,,3,run_1785020368_fdd2f7,,1337004012,disabled,,,
Agent_4,4,TALK_INTENT,,,,,,,0.2702183127403259,DAY_DISCUSS,0,,Werewolf,,3,run_1785020368_fdd2f7,,1337004012,disabled,,,
Agent_6,2,TALK_INTENT,,,,,,,0.11660865694284439,DAY_DISCUSS,0,,Worker,,3,run_1785020368_fdd2f7,,1337004012,disabled,,,
Agent_8,3,TALK_INTENT,,,,,,,0.19525566697120667,DAY_DISCUSS,0,,Worker,,3,run_1785020368_fdd2f7,,1337004012,disabled,,,
Agent_2,8,VOTE_TARGET,,0.000520,0.014119,judge_disabled,,4,0.4317970275878906,DAY_VOTE,1,,Werewolf,,3,run_1785020368_fdd2f7,,1337004012,disabled,Agent_8,0,
Agent_3,6,VOTE_TARGET,,0.005120,0.044050,judge_disabled,,4,0.1720457375049591,DAY_VOTE,1,,Worker,,3,run_1785020368_fdd2f7,,1337004012,disabled,Agent_6,0,
Agent_4,8,VOTE_TARGET,,0.000372,0.012300,judge_disabled,,4,0.2702183127403259,DAY_VOTE,1,,Werewolf,,3,run_1785020368_fdd2f7,,1337004012,disabled,Agent_8,0,
Agent_6,3,VOTE_TARGET,,0.000355,0.012252,judge_disabled,,4,0.11660865694284439,DAY_VOTE,1,,Worker,,3,run_1785020368_fdd2f7,,1337004012,disabled,Agent_3,0,
Agent_8,6,VOTE_TARGET,,0.000457,0.013188,judge_disabled,,4,0.19525566697120667,DAY_VOTE,1,,Worker,,3,run_1785020368_fdd2f7,,1337004012,disabled,Agent_6,0,
Agent_2,3,KILL_TARGET,,,,,,3,0.4317970275878906,NIGHT_KILL,2,,Werewolf,,3,run_1785020368_fdd2f7,,1337004012,disabled,,,
Agent_0,1,TALK_INTENT,,,,,,,0.39172276854515076,DAY_DISCUSS,0,,Worker,,1,run_1785020374_936047,,1337013985,disabled,,,
Agent_1,2,TALK_INTENT,,,,,,,0.21732454001903534,DAY_DISCUSS,0,,Worker,,1,run_1785020374_936047,,1337013985,disabled,,,
Agent_2,4,TALK_INTENT,,,,,,,0.4317970275878906,DAY_DISCUSS,0,,Worker,,1,run_1785020374_936047,,1337013985,disabled,,,
Agent_3,3,TALK_INTENT,,,,,,,0.1720457375049591,DAY_DISCUSS,0,,Worker,,1,run_1785020374_936047,,1337013985,disabled,,,
Agent_4,4,TALK_INTENT,,,,,,,0.2702183127403259,DAY_DISCUSS,0,,Werewolf,,1,run_1785020374_936047,,1337013985,disabled,,,
Agent_5,2,TALK_INTENT,,,,,,,0.35103756189346313,DAY_DISCUSS,0,,Werewolf,,1,run_1785020374_936047,,1337013985,disabled,,,
Agent_6,0,TALK_INTENT,,,,,,,0.11660865694284439,DAY_DISCUSS,0,,Worker,,1,run_1785020374_936047,,1337013985,disabled,,,
Agent_7,0,TALK_INTENT,,,,,,,0.22779437899589539,DAY_DISCUSS,0,,Worker,,1,run_1785020374_936047,,1337013985,disabled,,,
Agent_8,1,TALK_INTENT,,,,,,,0.19525566697120667,DAY_DISCUSS,0,,Worker,,1,run_1785020374_936047,,1337013985,disabled,,,
Agent_0,3,TALK_INTENT,,,,,,,0.39172276854515076,DAY_DISCUSS,0,,Worker,,1,run_1785020374_936047,,1337013985,disabled,,,
Agent_1,3,TALK_INTENT,,,,,,,0.21732454001903534,DAY_DISCUSS,0,,Worker,,1,run_1785020374_936047,,1337013985,disabled,,,
Agent_2,4,TALK_INTENT,,,,,,,0.4317970275878906,DAY_DISCUSS,0,,Worker,,1,run_1785020374_936047,,1337013985,disabled,,,
Agent_3,2,TALK_INTENT,,,,,,,0.1720457375049591,DAY_DISCUSS,0,,Worker,,1,run_1785020374_936047,,1337013985,disabled,,,
Agent_4,1,TALK_INTENT,,,,,,,0.2702183127403259,DAY_DISCUSS,0,,Werewolf,,1,run_1785020374_936047,,1337013985,disabled,,,
Agent_5,1,TALK_INTENT,,,,,,,0.35103756189346313,DAY_DISCUSS,0,,Werewolf,,1,run_1785020374_936047,,1337013985,disabled,,,
Agent_6,2,TALK_INTENT,,,,,,,0.11660865694284439,DAY_DISCUSS,0,,Worker,,1,run_1785020374_936047,,1337013985,disabled,,,
Agent_7,0,TALK_INTENT,,,,,,,0.22779437899589539,DAY_DISCUSS,0,,Worker,,1,run_1785020374_936047,,1337013985,disabled,,,
Agent_8,2,TALK_INTENT,,,,,,,0.19525566697120667,DAY_DISCUSS,0,,Worker,,1,run_1785020374_936047,,1337013985,disabled,,,
Agent_0,7,VOTE_TARGET,,0.000523,0.013620,judge_disabled,,8,0.39172276854515076,DAY_VOTE,1,,Worker,,1,run_1785020374_936047,,1337013985,disabled,Agent_7,0,
Agent_1,7,VOTE_TARGET,,0.000492,0.013562,judge_disabled,,8,0.21732454001903534,DAY_VOTE,1,,Worker,,1,run_1785020374_936047,,1337013985,disabled,Agent_7,0,
Agent_2,7,VOTE_TARGET,,0.000427,0.012298,judge_disabled,,8,0.4317970275878906,DAY_VOTE,1,,Worker,,1,run_1785020374_936047,,1337013985,disabled,Agent_7,0,
Agent_3,7,VOTE_TARGET,,0.000625,0.015014,judge_disabled,,8,0.1720457375049591,DAY_VOTE,1,,Worker,,1,run_1785020374_936047,,1337013985,disabled,Agent_7,0,
Agent_4,1,VOTE_TARGET,,0.000546,0.013958,judge_disabled,,8,0.2702183127403259,DAY_VOTE,1,,Werewolf,,1,run_1785020374_936047,,1337013985,disabled,Agent_1,0,
Agent_5,1,VOTE_TARGET,,0.000473,0.012973,judge_disabled,,8,0.35103756189346313,DAY_VOTE,1,,Werewolf,,1,run_1785020374_936047,,1337013985,disabled,Agent_1,0,
Agent_6,7,VOTE_TARGET,,0.004092,0.038181,judge_disabled,,8,0.11660865694284439,DAY_VOTE,1,,Worker,,1,run_1785020374_936047,,1337013985,disabled,Agent_7,0,
Agent_7,5,VOTE_TARGET,,0.005278,0.043345,judge_disabled,,8,0.22779437899589539,DAY_VOTE,1,,Worker,,1,run_1785020374_936047,,1337013985,disabled,Agent_5,1,
Agent_8,7,VOTE_TARGET,,0.000408,0.012031,judge_disabled,,8,0.19525566697120667,DAY_VOTE,1,,Worker,,1,run_1785020374_936047,,1337013985,disabled,Agent_7,0,
Agent_4,6,KILL_TARGET,,,,,,6,0.2702183127403259,NIGHT_KILL,2,,Werewolf,,1,run_1785020374_936047,,1337013985,disabled,,,
Agent_0,1,TALK_INTENT,,,,,,,0.39172276854515076,DAY_DISCUSS,0,,Worker,,2,run_1785020374_936047,,1337013985,disabled,,,
Agent_1,0,TALK_INTENT,,,,,,,0.21732454001903534,DAY_DISCUSS,0,,Worker,,2,run_1785020374_936047,,1337013985,disabled,,,
Agent_2,4,TALK_INTENT,,,,,,,0.4317970275878906,DAY_DISCUSS,0,,Worker,,2,run_1785020374_936047,,1337013985,disabled,,,
Agent_3,1,TALK_INTENT,,,,,,,0.1720457375049591,DAY_DISCUSS,0,,Worker,,2,run_1785020374_936047,,1337013985,disabled,,,
Agent_4,2,TALK_INTENT,,,,,,,0.2702183127403259,DAY_DISCUSS,0,,Werewolf,,2,run_1785020374_936047,,1337013985,disabled,,,
Agent_5,2,TALK_INTENT,,,,,,,0.35103756189346313,DAY_DISCUSS,0,,Werewolf,,2,run_1785020374_936047,,1337013985,disabled,,,
Agent_8,2,TALK_INTENT,,,,,,,0.19525566697120667,DAY_DISCUSS,0,,Worker,,2,run_1785020374_936047,,1337013985,disabled,,,
Agent_0,0,TALK_INTENT,,,,,,,0.39172276854515076,DAY_DISCUSS,0,,Worker,,2,run_1785020374_936047,,1337013985,disabled,,,
Agent_1,4,TALK_INTENT,,,,,,,0.21732454001903534,DAY_DISCUSS,0,,Worker,,2,run_1785020374_936047,,1337013985,disabled,,,
Agent_2,4,TALK_INTENT,,,,,,,0.4317970275878906,DAY_DISCUSS,0,,Worker,,2,run_1785020374_936047,,1337013985,disabled,,,
Agent_3,1,TALK_INTENT,,,,,,,0.1720457375049591,DAY_DISCUSS,0,,Worker,,2,run_1785020374_936047,,1337013985,disabled,,,
Agent_4,4,TALK_INTENT,,,,,,,0.2702183127403259,DAY_DISCUSS,0,,Werewolf,,2,run_1785020374_936047,,1337013985,disabled,,,
Agent_5,3,TALK_INTENT,,,,,,,0.35103756189346313,DAY_DISCUSS,0,,Werewolf,,2,run_1785020374_936047,,1337013985,disabled,,,
Agent_8,1,TALK_INTENT,,,,,,,0.19525566697120667,DAY_DISCUSS,0,,Worker,,2,run_1785020374_936047,,1337013985,disabled,,,
Agent_0,2,VOTE_TARGET,,0.000508,0.013459,judge_disabled,,6,0.39172276854515076,DAY_VOTE,1,,Worker,,2,run_1785020374_936047,,1337013985,disabled,Agent_2,0,
Agent_1,2,VOTE_TARGET,,0.004657,0.040828,judge_disabled,,6,0.21732454001903534,DAY_VOTE,1,,Worker,,2,run_1785020374_936047,,1337013985,disabled,Agent_2,0,
Agent_2,5,VOTE_TARGET,,0.003852,0.037060,judge_disabled,,6,0.4317970275878906,DAY_VOTE,1,,Worker,,2,run_1785020374_936047,,1337013985,disabled,Agent_5,1,
Agent_3,2,VOTE_TARGET,,0.000628,0.014990,judge_disabled,,6,0.1720457375049591,DAY_VOTE,1,,Worker,,2,run_1785020374_936047,,1337013985,disabled,Agent_2,0,
Agent_4,1,VOTE_TARGET,,0.000537,0.013816,judge_disabled,,6,0.2702183127403259,DAY_VOTE,1,,Werewolf,,2,run_1785020374_936047,,1337013985,disabled,Agent_1,0,
Agent_5,1,VOTE_TARGET,,0.000467,0.012925,judge_disabled,,6,0.35103756189346313,DAY_VOTE,1,,Werewolf,,2,run_1785020374_936047,,1337013985,disabled,Agent_1,0,
Agent_8,2,VOTE_TARGET,,0.000427,0.012304,judge_disabled,,6,0.19525566697120667,DAY_VOTE,1,,Worker,,2,run_1785020374_936047,,1337013985,disabled,Agent_2,0,
Agent_4,1,KILL_TARGET,,,,,,4,0.2702183127403259,NIGHT_KILL,2,,Werewolf,,2,run_1785020374_936047,,1337013985,disabled,,,
Agent_0,0,TALK_INTENT,,,,,,,0.39172276854515076,DAY_DISCUSS,0,,Worker,,3,run_1785020374_936047,,1337013985,disabled,,,
Agent_3,1,TALK_INTENT,,,,,,,0.1720457375049591,DAY_DISCUSS,0,,Worker,,3,run_1785020374_936047,,1337013985,disabled,,,
Agent_4,2,TALK_INTENT,,,,,,,0.2702183127403259,DAY_DISCUSS,0,,Werewolf,,3,run_1785020374_936047,,1337013985,disabled,,,
Agent_5,0,TALK_INTENT,,,,,,,0.35103756189346313,DAY_DISCUSS,0,,Werewolf,,3,run_1785020374_936047,,1337013985,disabled,,,
Agent_8,1,TALK_INTENT,,,,,,,0.19525566697120667,DAY_DISCUSS,0,,Worker,,3,run_1785020374_936047,,1337013985,disabled,,,
Agent_0,2,TALK_INTENT,,,,,,,0.39172276854515076,DAY_DISCUSS,0,,Worker,,3,run_1785020374_936047,,1337013985,disabled,,,
Agent_3,3,TALK_INTENT,,,,,,,0.1720457375049591,DAY_DISCUSS,0,,Worker,,3,run_1785020374_936047,,1337013985,disabled,,,
Agent_4,1,TALK_INTENT,,,,,,,0.2702183127403259,DAY_DISCUSS,0,,Werewolf,,3,run_1785020374_936047,,1337013985,disabled,,,
Agent_5,3,TALK_INTENT,,,,,,,0.35103756189346313,DAY_DISCUSS,0,,Werewolf,,3,run_1785020374_936047,,1337013985,disabled,,,
Agent_8,0,TALK_INTENT,,,,,,,0.19525566697120667,DAY_DISCUSS,0,,Worker,,3,run_1785020374_936047,,1337013985,disabled,,,
Agent_0,5,VOTE_TARGET,,0.000494,0.013290,judge_disabled,,4,0.39172276854515076,DAY_VOTE,1,,Worker,,3,run_1785020374_936047,,1337013985,disabled,Agent_5,1,
Agent_3,5,VOTE_TARGET,,0.000645,0.015193,judge_disabled,,4,0.1720457375049591,DAY_VOTE,1,,Worker,,3,run_1785020374_936047,,1337013985,disabled,Agent_5,1,
Agent_4,0,VOTE_TARGET,,0.000536,0.013817,judge_disabled,,4,0.2702183127403259,DAY_VOTE,1,,Werewolf,,3,run_1785020374_936047,,1337013985,disabled,Agent_0,0,
Agent_5,0,VOTE_TARGET,,0.004610,0.040552,judge_disabled,,4,0.35103756189346313,DAY_VOTE,1,,Werewolf,,3,run_1785020374_936047,,1337013985,disabled,Agent_0,0,
Agent_8,5,VOTE_TARGET,,0.005326,0.043578,judge_disabled,,4,0.19525566697120667,DAY_VOTE,1,,Worker,,3,run_1785020374_936047,,1337013985,disabled,Agent_5,1,
Agent_4,8,KILL_TARGET,,,,,,3,0.2702183127403259,NIGHT_KILL,2,,Werewolf,,3,run_1785020374_936047,,1337013985,disabled,,,
Agent_0,4,TALK_INTENT,,,,,,,0.39172276854515076,DAY_DISCUSS,0,,Worker,,4,run_1785020374_936047,,1337013985,disabled,,,
Agent_3,2,TALK_INTENT,,,,,,,0.1720457375049591,DAY_DISCUSS,0,,Worker,,4,run_1785020374_936047,,1337013985,disabled,,,
Agent_4,2,TALK_INTENT,,,,,,,0.2702183127403259,DAY_DISCUSS,0,,Werewolf,,4,run_1785020374_936047,,1337013985,disabled,,,
Agent_0,0,TALK_INTENT,,,,,,,0.39172276854515076,DAY_DISCUSS,0,,Worker,,4,run_1785020374_936047,,1337013985,disabled,,,
Agent_3,4,TALK_INTENT,,,,,,,0.1720457375049591,DAY_DISCUSS,0,,Worker,,4,run_1785020374_936047,,1337013985,disabled,,,
Agent_4,3,TALK_INTENT,,,,,,,0.2702183127403259,DAY_DISCUSS,0,,Werewolf,,4,run_1785020374_936047,,1337013985,disabled,,,
Agent_0,3,VOTE_TARGET,,0.004159,0.038540,judge_disabled,,2,0.39172276854515076,DAY_VOTE,1,,Worker,,4,run_1785020374_936047,,1337013985,disabled,Agent_3,0,
Agent_3,0,VOTE_TARGET,,0.004928,0.041984,judge_disabled,,2,0.1720457375049591,DAY_VOTE,1,,Worker,,4,run_1785020374_936047,,1337013985,disabled,Agent_0,0,
Agent_4,0,VOTE_TARGET,,0.000537,0.013833,judge_disabled,,2,0.2702183127403259,DAY_VOTE,1,,Werewolf,,4,run_1785020374_936047,,1337013985,disabled,Agent_0,0,
Agent_4,3,KILL_TARGET,,,,,,1,0.2702183127403259,NIGHT_KILL,2,,Werewolf,,4,run_1785020374_936047,,1337013985,disabled,,,
Agent_0,1,TALK_INTENT,,,,,,,0.39172276854515076,DAY_DISCUSS,0,,Worker,,1,run_1785020381_8c0bee,,1337023958,disabled,,,
Agent_1,4,TALK_INTENT,,,,,,,0.21732454001903534,DAY_DISCUSS,0,,Werewolf,,1,run_1785020381_8c0bee,,1337023958,disabled,,,
Agent_2,0,TALK_INTENT,,,,,,,0.4317970275878906,DAY_DISCUSS,0,,Worker,,1,run_1785020381_8c0bee,,1337023958,disabled,,,
Agent_3,4,TALK_INTENT,,,,,,,0.1720457375049591,DAY_DISCUSS,0,,Worker,,1,run_1785020381_8c0bee,,1337023958,disabled,,,
Agent_4,2,TALK_INTENT,,,,,,,0.2702183127403259,DAY_DISCUSS,0,,Worker,,1,run_1785020381_8c0bee,,1337023958,disabled,,,
Agent_5,3,TALK_INTENT,,,,,,,0.35103756189346313,DAY_DISCUSS,0,,Worker,,1,run_1785020381_8c0bee,,1337023958,disabled,,,
Agent_6,1,TALK_INTENT,,,,,,,0.11660865694284439,DAY_DISCUSS,0,,Worker,,1,run_1785020381_8c0bee,,1337023958,disabled,,,
Agent_7,2,TALK_INTENT,,,,,,,0.22779437899589539,DAY_DISCUSS,0,,Werewolf,,1,run_1785020381_8c0bee,,1337023958,disabled,,,
Agent_8,4,TALK_INTENT,,,,,,,0.19525566697120667,DAY_DISCUSS,0,,Worker,,1,run_1785020381_8c0bee,,1337023958,disabled,,,
Agent_0,4,TALK_INTENT,,,,,,,0.39172276854515076,DAY_DISCUSS,0,,Worker,,1,run_1785020381_8c0bee,,1337023958,disabled,,,
Agent_1,4,TALK_INTENT,,,,,,,0.21732454001903534,DAY_DISCUSS,0,,Werewolf,,1,run_1785020381_8c0bee,,1337023958,disabled,,,
Agent_2,3,TALK_INTENT,,,,,,,0.4317970275878906,DAY_DISCUSS,0,,Worker,,1,run_1785020381_8c0bee,,1337023958,disabled,,,
Agent_3,2,TALK_INTENT,,,,,,,0.1720457375049591,DAY_DISCUSS,0,,Worker,,1,run_1785020381_8c0bee,,1337023958,disabled,,,
Agent_4,1,TALK_INTENT,,,,,,,0.2702183127403259,DAY_DISCUSS,0,,Worker,,1,run_1785020381_8c0bee,,1337023958,disabled,,,
Agent_5,4,TALK_INTENT,,,,,,,0.35103756189346313,DAY_DISCUSS,0,,Worker,,1,run_1785020381_8c0bee,,1337023958,disabled,,,
Agent_6,4,TALK_INTENT,,,,,,,0.11660865694284439,DAY_DISCUSS,0,,Worker,,1,run_1785020381_8c0bee,,1337023958,disabled,,,
Agent_7,1,TALK_INTENT,,,,,,,0.22779437899589539,DAY_DISCUSS,0,,Werewolf,,1,run_1785020381_8c0bee,,1337023958,disabled,,,
Agent_8,2,TALK_INTENT,,,,,,,0.19525566697120667,DAY_DISCUSS,0,,Worker,,1,run_1785020381_8c0bee,,1337023958,disabled,,,
Agent_0,4,VOTE_TARGET,,0.000573,0.014114,judge_disabled,,8,0.39172276854515076,DAY_VOTE,1,,Worker,,1,run_1785020381_8c0bee,,1337023958,disabled,Agent_4,0,
Agent_1,6,VOTE_TARGET,,0.000590,0.014420,judge_disabled,,8,0.21732454001903534,DAY_VOTE,1,,Werewolf,,1,run_1785020381_8c0bee,,1337023958,disabled,Agent_6,0,
Agent_2,4,VOTE_TARGET,,0.007739,0.053330,judge_disabled,,8,0.4317970275878906,DAY_VOTE,1,,Worker,,1,run_1785020381_8c0bee,,1337023958,disabled,Agent_4,0,
Agent_3,4,VOTE_TARGET,,0.000484,0.013924,judge_disabled,,8,0.1720457375049591,DAY_VOTE,1,,Worker,,1,run_1785020381_8c0bee,,1337023958,disabled,Agent_4,0,
Agent_4,0,VOTE_TARGET,,0.008167,0.053462,judge_disabled,,8,0.2702183127403259,DAY_VOTE,1,,Worker,,1,run_1785020381_8c0bee,,1337023958,disabled,Agent_0,0,
Agent_5,0,VOTE_TARGET,,0.000505,0.013198,judge_disabled,,8,0.35103756189346313,DAY_VOTE,1,,Worker,,1,run_1785020381_8c0bee,,1337023958,disabled,Agent_0,0,
Agent_6,4,VOTE_TARGET,,0.000544,0.013767,judge_disabled,,8,0.11660865694284439,DAY_VOTE,1,,Worker,,1,run_1785020381_8c0bee,,1337023958,disabled,Agent_4,0,
Agent_7,6,VOTE_TARGET,,0.000602,0.014579,judge_disabled,,8,0.22779437899589539,DAY_VOTE,1,,Werewolf,,1,run_1785020381_8c0bee,,1337023958,disabled,Agent_6,0,
Agent_8,4,VOTE_TARGET,,0.000414,0.012141,judge_disabled,,8,0.19525566697120667,DAY_VOTE,1,,Worker,,1,run_1785020381_8c0bee,,1337023958,disabled,Agent_4,0,
Agent_1,2,KILL_TARGET,,,,,,6,0.21732454001903534,NIGHT_KILL,2,,Werewolf,,1,run_1785020381_8c0bee,,1337023958,disabled,,,
Agent_0,2,TALK_INTENT,,,,,,,0.39172276854515076,DAY_DISCUSS,0,,Worker,,2,run_1785020381_8c0bee,,1337023958,disabled,,,
Agent_1,0,TALK_INTENT,,,,,,,0.21732454001903534,DAY_DISCUSS,0,,Werewolf,,2,run_1785020381_8c0bee,,1337023958,disabled,,,
Agent_3,4,TALK_INTENT,,,,,,,0.1720457375049591,DAY_DISCUSS,0,,Worker,,2,run_1785020381_8c0bee,,1337023958,disabled,,,
Agent_5,2,TALK_INTENT,,,,,,,0.35103756189346313,DAY_DISCUSS,0,,Worker,,2,run_1785020381_8c0bee,,1337023958,disabled,,,
Agent_6,4,TALK_INTENT,,,,,,,0.11660865694284439,DAY_DISCUSS,0,,Worker,,2,run_1785020381_8c0bee,,1337023958,disabled,,,
Agent_7,4,TALK_INTENT,,,,,,,0.22779437899589539,DAY_DISCUSS,0,,Werewolf,,2,run_1785020381_8c0bee,,1337023958,disabled,,,
Agent_8,0,TALK_INTENT,,,,,,,0.19525566697120667,DAY_DISCUSS,0,,Worker,,2,run_1785020381_8c0bee,,1337023958,disabled,,,
Agent_0,0,TALK_INTENT,,,,,,,0.39172276854515076,DAY_DISCUSS,0,,Worker,,2,run_1785020381_8c0bee,,1337023958,disabled,,,
Agent_1,1,TALK_INTENT,,,,,,,0.21732454001903534,DAY_DISCUSS,0,,Werewolf,,2,run_1785020381_8c0bee,,1337023958,disabled,,,
Agent_3,2,TALK_INTENT,,,,,,,0.1720457375049591,DAY_DISCUSS,0,,Worker,,2,run_1785020381_8c0bee,,1337023958,disabled,,,
Agent_5,0,TALK_INTENT,,,,,,,0.35103756189346313,DAY_DISCUSS,0,,Worker,,2,run_1785020381_8c0bee,,1337023958,disabled,,,
Agent_6,4,TALK_INTENT,,,,,,,0.11660865694284439,DAY_DISCUSS,0,,Worker,,2,run_1785020381_8c0bee,,1337023958,disabled,,,
Agent_7,3,TALK_INTENT,,,,,,,0.22779437899589539,DAY_DISCUSS,0,,Werewolf,,2,run_1785020381_8c0bee,,1337023958,disabled,,,
Agent_8,4,TALK_INTENT,,,,,,,0.19525566697120667,DAY_DISCUSS,0,,Worker,,2,run_1785020381_8c0bee,,1337023958,disabled,,,
Agent_0,8,VOTE_TARGET,,0.008139,0.052898,judge_disabled,,6,0.39172276854515076,DAY_VOTE,1,,Worker,,2,run_1785020381_8c0bee,,1337023958,disabled,Agent_8,0,
Agent_1,6,VOTE_TARGET,,0.000601,0.014535,judge_disabled,,6,0.21732454001903534,DAY_VOTE,1,,Werewolf,,2,run_1785020381_8c0bee,,1337023958,disabled,Agent_6,0,
Agent_3,0,VOTE_TARGET,,0.000491,0.014077,judge_disabled,,6,0.1720457375049591,DAY_VOTE,1,,Worker,,2,run_1785020381_8c0bee,,1337023958,disabled,Agent_0,0,
Agent_5,0,VOTE_TARGET,,0.000489,0.012996,judge_disabled,,6,0.35103756189346313,DAY_VOTE,1,,Worker,,2,run_1785020381_8c0bee,,1337023958,disabled,Agent_0,0,
Agent_6,0,VOTE_TARGET,,0.008139,0.053527,judge_disabled,,6,0.11660865694284439,DAY_VOTE,1,,Worker,,2,run_1785020381_8c0bee,,1337023958,disabled,Agent_0,0,
Agent_7,6,VOTE_TARGET,,0.000607,0.014624,judge_disabled,,6,0.22779437899589539,DAY_VOTE,1,,Werewolf,,2,run_1785020381_8c0bee,,1337023958,disabled,Agent_6,0,
Agent_8,0,VOTE_TARGET,,0.000407,0.012065,judge_disabled,,6,0.19525566697120667,DAY_VOTE,1,,Worker,,2,run_1785020381_8c0bee,,1337023958,disabled,Agent_0,0,
Agent_1,6,KILL_TARGET,,,,,,4,0.21732454001903534,NIGHT_KILL,2,,Werewolf,,2,run_1785020381_8c0bee,,1337023958,disabled,,,
Agent_1,0,TALK_INTENT,,,,,,,0.21732454001903534,DAY_DISCUSS,0,,Werewolf,,3,run_1785020381_8c0bee,,1337023958,disabled,,,
Agent_3,4,TALK_INTENT,,,,,,,0.1720457375049591,DAY_DISCUSS,0,,Worker,,3,run_1785020381_8c0bee,,1337023958,disabled,,,
Agent_5,0,TALK_INTENT,,,,,,,0.35103756189346313,DAY_DISCUSS,0,,Worker,,3,run_1785020381_8c0bee,,1337023958,disabled,,,
Agent_7,4,TALK_INTENT,,,,,,,0.22779437899589539,DAY_DISCUSS,0,,Werewolf,,3,run_1785020381_8c0bee,,1337023958,disabled,,,
Agent_8,1,TALK_INTENT,,,,,,,0.19525566697120667,DAY_DISCUSS,0,,Worker,,3,run_1785020381_8c0bee,,1337023958,disabled,,,
Agent_1,1,TALK_INTENT,,,,,,,0.21732454001903534,DAY_DISCUSS,0,,Werewolf,,3,run_1785020381_8c0bee,,1337023958,disabled,,,
Agent_3,3,TALK_INTENT,,,,,,,0.1720457375049591,DAY_DISCUSS,0,,Worker,,3,run_1785020381_8c0bee,,1337023958,disabled,,,
Agent_5,4,TALK_INTENT,,,,,,,0.35103756189346313,DAY_DISCUSS,0,,Worker,,3,run_1785020381_8c0bee,,1337023958,disabled,,,
Agent_7,2,TALK_INTENT,,,,,,,0.22779437899589539,DAY_DISCUSS,0,,Werewolf,,3,run_1785020381_8c0bee,,1337023958,disabled,,,
Agent_8,1,TALK_INTENT,,,,,,,0.19525566697120667,DAY_DISCUSS,0,,Worker,,3,run_1785020381_8c0bee,,1337023958,disabled,,,
Agent_1,8,VOTE_TARGET,,0.000586,0.014346,judge_disabled,,4,0.21732454001903534,DAY_VOTE,1,,Werewolf,,3,run_1785020381_8c0bee,,1337023958,disabled,Agent_8,0,
Agent_3,8,VOTE_TARGET,,0.008226,0.052529,judge_disabled,,4,0.1720457375049591,DAY_VOTE,1,,Worker,,3,run_1785020381_8c0bee,,1337023958,disabled,Agent_8,0,
Agent_5,8,VOTE_TARGET,,0.000464,0.012675,judge_disabled,,4,0.35103756189346313,DAY_VOTE,1,,Worker,,3,run_1785020381_8c0bee,,1337023958,disabled,Agent_8,0,
Agent_7,8,VOTE_TARGET,,0.000589,0.014399,judge_disabled,,4,0.22779437899589539,DAY_VOTE,1,,Werewolf,,3,run_1785020381_8c0bee,,1337023958,disabled,Agent_8,0,
Agent_8,5,VOTE_TARGET,,0.008026,0.052414,judge_disabled,,4,0.19525566697120667,DAY_VOTE,1,,Worker,,3,run_1785020381_8c0bee,,1337023958,disabled,Agent_5,0,
Agent_1,3,KILL_TARGET,,,,,,2,0.21732454001903534,NIGHT_KILL,2,,Werewolf,,3,run_1785020381_8c0bee,,1337023958,disabled,,,
Agent_0,1,TALK_INTENT,,,,,,,0.39172276854515076,DAY_DISCUSS,0,,Worker,,1,run_1785020386_1c308f,,1337033931,disabled,,,
Agent_1,2,TALK_INTENT,,,,,,,0.21732454001903534,DAY_DISCUSS,0,,Worker,,1,run_1785020386_1c308f,,1337033931,disabled,,,
Agent_2,0,TALK_INTENT,,,,,,,0.4317970275878906,DAY_DISCUSS,0,,Worker,,1,run_1785020386_1c308f,,1337033931,disabled,,,
Agent_3,4,TALK_INTENT,,,,,,,0.1720457375049591,DAY_DISCUSS,0,,Werewolf,,1,run_1785020386_1c308f,,1337033931,disabled,,,
Agent_4,3,TALK_INTENT,,,,,,,0.2702183127403259,DAY_DISCUSS,0,,Worker,,1,run_1785020386_1c308f,,1337033931,disabled,,,
Agent_5,3,TALK_INTENT,,,,,,,0.35103756189346313,DAY_DISCUSS,0,,Werewolf,,1,run_1785020386_1c308f,,1337033931,disabled,,,
Agent_6,3,TALK_INTENT,,,,,,,0.11660865694284439,DAY_DISCUSS,0,,Worker,,1,run_1785020386_1c308f,,1337033931,disabled,,,
Agent_7,1,TALK_INTENT,,,,,,,0.22779437899589539,DAY_DISCUSS,0,,Worker,,1,run_1785020386_1c308f,,1337033931,disabled,,,
Agent_8,0,TALK_INTENT,,,,,,,0.19525566697120667,DAY_DISCUSS,0,,Worker,,1,run_1785020386_1c308f,,1337033931,disabled,,,
Agent_0,1,TALK_INTENT,,,,,,,0.39172276854515076,DAY_DISCUSS,0,,Worker,,1,run_1785020386_1c308f,,1337033931,disabled,,,
Agent_1,0,TALK_INTENT,,,,,,,0.21732454001903534,DAY_DISCUSS,0,,Worker,,1,run_1785020386_1c308f,,1337033931,disabled,,,
Agent_2,4,TALK_INTENT,,,,,,,0.4317970275878906,DAY_DISCUSS,0,,Worker,,1,run_1785020386_1c308f,,1337033931,disabled,,,
Agent_3,0,TALK_INTENT,,,,,,,0.1720457375049591,DAY_DISCUSS,0,,Werewolf,,1,run_1785020386_1c308f,,1337033931,disabled,,,
Agent_4,2,TALK_INTENT,,,,,,,0.2702183127403259,DAY_DISCUSS,0,,Worker,,1,run_1785020386_1c308f,,1337033931,disabled,,,
Agent_5,0,TALK_INTENT,,,,,,,0.35103756189346313,DAY_DISCUSS,0,,Werewolf,,1,run_1785020386_1c308f,,1337033931,disabled,,,
Agent_6,2,TALK_INTENT,,,,,,,0.11660865694284439,DAY_DISCUSS,0,,Worker,,1,run_1785020386_1c308f,,1337033931,disabled,,,
Agent_7,0,TALK_INTENT,,,,,,,0.22779437899589539,DAY_DISCUSS,0,,Worker,,1,run_1785020386_1c308f,,1337033931,disabled,,,
Agent_8,3,TALK_INTENT,,,,,,,0.19525566697120667,DAY_DISCUSS,0,,Worker,,1,run_1785020386_1c308f,,1337033931,disabled,,,
Agent_0,2,VOTE_TARGET,,0.000581,0.013728,judge_disabled,,8,0.39172276854515076,DAY_VOTE,1,,Worker,,1,run_1785020386_1c308f,,1337033931,disabled,Agent_2,0,
Agent_1,2,VOTE_TARGET,,0.005467,0.041917,judge_disabled,,8,0.21732454001903534,DAY_VOTE,1,,Worker,,1,run_1785020386_1c308f,,1337033931,disabled,Agent_2,0,
Agent_2,1,VOTE_TARGET,,0.005158,0.040788,judge_disabled,,8,0.4317970275878906,DAY_VOTE,1,,Worker,,1,run_1785020386_1c308f,,1337033931,disabled,Agent_1,0,
Agent_3,0,VOTE_TARGET,,0.000492,0.012584,judge_disabled,,8,0.1720457375049591,DAY_VOTE,1,,Werewolf,,1,run_1785020386_1c308f,,1337033931,disabled,Agent_0,0,
Agent_4,2,VOTE_TARGET,,0.000550,0.013256,judge_disabled,,8,0.2702183127403259,DAY_VOTE,1,,Worker,,1,run_1785020386_1c308f,,1337033931,disabled,Agent_2,0,
Agent_5,0,VOTE_TARGET,,0.000533,0.013084,judge_disabled,,8,0.35103756189346313,DAY_VOTE,1,,Werewolf,,1,run_1785020386_1c308f,,1337033931,disabled,Agent_0,0,
Agent_6,2,VOTE_TARGET,,0.000482,0.012702,judge_disabled,,8,0.11660865694284439,DAY_VOTE,1,,Worker,,1,run_1785020386_1c308f,,1337033931,disabled,Agent_2,0,
Agent_7,2,VOTE_TARGET,,0.000441,0.011871,judge_disabled,,8,0.22779437899589539,DAY_VOTE,1,,Worker,,1,run_1785020386_1c308f,,1337033931,disabled,Agent_2,0,
Agent_8,2,VOTE_TARGET,,0.000452,0.012014,judge_disabled,,8,0.19525566697120667,DAY_VOTE,1,,Worker,,1,run_1785020386_1c308f,,1337033931,disabled,Agent_2,0,
Agent_3,1,KILL_TARGET,,,,,,6,0.1720457375049591,NIGHT_KILL,2,,Werewolf,,1,run_1785020386_1c308f,,1337033931,disabled,,,
Agent_0,3,TALK_INTENT,,,,,,,0.39172276854515076,DAY_DISCUSS,0,,Worker,,2,run_1785020386_1c308f,,1337033931,disabled,,,
Agent_3,3,TALK_INTENT,,,,,,,0.1720457375049591,DAY_DISCUSS,0,,Werewolf,,2,run_1785020386_1c308f,,1337033931,disabled,,,
Agent_4,2,TALK_INTENT,,,,,,,0.2702183127403259,DAY_DISCUSS,0,,Worker,,2,run_1785020386_1c308f,,1337033931,disabled,,,
Agent_5,1,TALK_INTENT,,,,,,,0.35103756189346313,DAY_DISCUSS,0,,Werewolf,,2,run_1785020386_1c308f,,1337033931,disabled,,,
Agent_6,3,TALK_INTENT,,,,,,,0.11660865694284439,DAY_DISCUSS,0,,Worker,,2,run_1785020386_1c308f,,1337033931,disabled,,,
Agent_7,2,TALK_INTENT,,,,,,,0.22779437899589539,DAY_DISCUSS,0,,Worker,,2,run_1785020386_1c308f,,1337033931,disabled,,,
Agent_8,3,TALK_INTENT,,,,,,,0.19525566697120667,DAY_DISCUSS,0,,Worker,,2,run_1785020386_1c308f,,1337033931,disabled,,,
Agent_0,4,TALK_INTENT,,,,,,,0.39172276854515076,DAY_DISCUSS,0,,Worker,,2,run_1785020386_1c308f,,1337033931,disabled,,,
Agent_3,3,TALK_INTENT,,,,,,,0.1720457375049591,DAY_DISCUSS,0,,Werewolf,,2,run_1785020386_1c308f,,1337033931,disabled,,,
Agent_4,2,TALK_INTENT,,,,,,,0.2702183127403259,DAY_DISCUSS,0,,Worker,,2,run_1785020386_1c308f,,1337033931,disabled,,,
Agent_5,0,TALK_INTENT,,,,,,,0.35103756189346313,DAY_DISCUSS,0,,Werewolf,,2,run_1785020386_1c308f,,1337033931,disabled,,,
Agent_6,2,TALK_INTENT,,,,,,,0.11660865694284439,DAY_DISCUSS,0,,Worker,,2,run_1785020386_1c308f,,1337033931,disabled,,,
Agent_7,2,TALK_INTENT,,,,,,,0.22779437899589539,DAY_DISCUSS,0,,Worker,,2,run_1785020386_1c308f,,1337033931,disabled,,,
Agent_8,0,TALK_INTENT,,,,,,,0.19525566697120667,DAY_DISCUSS,0,,Worker,,2,run_1785020386_1c308f,,1337033931,disabled,,,
Agent_0,5,VOTE_TARGET,,0.005068,0.040598,judge_disabled,,6,0.39172276854515076,DAY_VOTE,1,,Worker,,2,run_1785020386_1c308f,,1337033931,disabled,Agent_5,1,
Agent_3,0,VOTE_TARGET,,0.000491,0.012577,judge_disabled,,6,0.1720457375049591,DAY_VOTE,1,,Werewolf,,2,run_1785020386_1c308f,,1337033931,disabled,Agent_0,0,
Agent_4,0,VOTE_TARGET,,0.000549,0.013255,judge_disabled,,6,0.2702183127403259,DAY_VOTE,1,,Worker,,2,run_1785020386_1c308f,,1337033931,disabled,Agent_0,0,
Agent_5,0,VOTE_TARGET,,0.000532,0.013089,judge_disabled,,6,0.35103756189346313,DAY_VOTE,1,,Werewolf,,2,run_1785020386_1c308f,,1337033931,disabled,Agent_0,0,
Agent_6,0,VOTE_TARGET,,0.004530,0.038681,judge_disabled,,6,0.11660865694284439,DAY_VOTE,1,,Worker,,2,run_1785020386_1c308f,,1337033931,disabled,Agent_0,0,
Agent_7,0,VOTE_TARGET,,0.000439,0.011863,judge_disabled,,6,0.22779437899589539,DAY_VOTE,1,,Worker,,2,run_1785020386_1c308f,,1337033931,disabled,Agent_0,0,
Agent_8,0,VOTE_TARGET,,0.000450,0.012007,judge_disabled,,6,0.19525566697120667,DAY_VOTE,1,,Worker,,2,run_1785020386_1c308f,,1337033931,disabled,Agent_0,0,
Agent_3,6,KILL_TARGET,,,,,,4,0.1720457375049591,NIGHT_KILL,2,,Werewolf,,2,run_1785020386_1c308f,,1337033931,disabled,,,
Agent_3,1,TALK_INTENT,,,,,,,0.1720457375049591,DAY_DISCUSS,0,,Werewolf,,3,run_1785020386_1c308f,,1337033931,disabled,,,
Agent_4,3,TALK_INTENT,,,,,,,0.2702183127403259,DAY_DISCUSS,0,,Worker,,3,run_1785020386_1c308f,,1337033931,disabled,,,
Agent_5,4,TALK_INTENT,,,,,,,0.35103756189346313,DAY_DISCUSS,0,,Werewolf,,3,run_1785020386_1c308f,,1337033931,disabled,,,
Agent_7,2,TALK_INTENT,,,,,,,0.22779437899589539,DAY_DISCUSS,0,,Worker,,3,run_1785020386_1c308f,,1337033931,disabled,,,
Agent_8,2,TALK_INTENT,,,,,,,0.19525566697120667,DAY_DISCUSS,0,,Worker,,3,run_1785020386_1c308f,,1337033931,disabled,,,
Agent_3,2,TALK_INTENT,,,,,,,0.1720457375049591,DAY_DISCUSS,0,,Werewolf,,3,run_1785020386_1c308f,,1337033931,disabled,,,
Agent_4,4,TALK_INTENT,,,,,,,0.2702183127403259,DAY_DISCUSS,0,,Worker,,3,run_1785020386_1c308f,,1337033931,disabled,,,
Agent_5,2,TALK_INTENT,,,,,,,0.35103756189346313,DAY_DISCUSS,0,,Werewolf,,3,run_1785020386_1c308f,,1337033931,disabled,,,
Agent_7,3,TALK_INTENT,,,,,,,0.22779437899589539,DAY_DISCUSS,0,,Worker,,3,run_1785020386_1c308f,,1337033931,disabled,,,
Agent_8,3,TALK_INTENT,,,,,,,0.19525566697120667,DAY_DISCUSS,0,,Worker,,3,run_1785020386_1c308f,,1337033931,disabled,,,
Agent_3,8,VOTE_TARGET,,0.000479,0.012443,judge_disabled,,4,0.1720457375049591,DAY_VOTE,1,,Werewolf,,3,run_1785020386_1c308f,,1337033931,disabled,Agent_8,0,
Agent_4,5,VOTE_TARGET,,0.000547,0.013257,judge_disabled,,4,0.2702183127403259,DAY_VOTE,1,,Worker,,3,run_1785020386_1c308f,,1337033931,disabled,Agent_5,1,
Agent_5,8,VOTE_TARGET,,0.003941,0.035842,judge_disabled,,4,0.35103756189346313,DAY_VOTE,1,,Werewolf,,3,run_1785020386_1c308f,,1337033931,disabled,Agent_8,0,
Agent_7,5,VOTE_TARGET,,0.000456,0.012112,judge_disabled,,4,0.22779437899589539,DAY_VOTE,1,,Worker,,3,run_1785020386_1c308f,,1337033931,disabled,Agent_5,1,
Agent_8,5,VOTE_TARGET,,0.005465,0.041886,judge_disabled,,4,0.19525566697120667,DAY_VOTE,1,,Worker,,3,run_1785020386_1c308f,,1337033931,disabled,Agent_5,1,
Agent_3,8,KILL_TARGET,,,,,,3,0.1720457375049591,NIGHT_KILL,2,,Werewolf,,3,run_1785020386_1c308f,,1337033931,disabled,,,
Agent_3,3,TALK_INTENT,,,,,,,0.1720457375049591,DAY_DISCUSS,0,,Werewolf,,4,run_1785020386_1c308f,,1337033931,disabled,,,
Agent_4,3,TALK_INTENT,,,,,,,0.2702183127403259,DAY_DISCUSS,0,,Worker,,4,run_1785020386_1c308f,,1337033931,disabled,,,
Agent_7,0,TALK_INTENT,,,,,,,0.22779437899589539,DAY_DISCUSS,0,,Worker,,4,run_1785020386_1c308f,,1337033931,disabled,,,
Agent_3,0,TALK_INTENT,,,,,,,0.1720457375049591,DAY_DISCUSS,0,,Werewolf,,4,run_1785020386_1c308f,,1337033931,disabled,,,
Agent_4,1,TALK_INTENT,,,,,,,0.2702183127403259,DAY_DISCUSS,0,,Worker,,4,run_1785020386_1c308f,,1337033931,disabled,,,
Agent_7,2,TALK_INTENT,,,,,,,0.22779437899589539,DAY_DISCUSS,0,,Worker,,4,run_1785020386_1c308f,,1337033931,disabled,,,
Agent_3,7,VOTE_TARGET,,0.000473,0.012388,judge_disabled,,2,0.1720457375049591,DAY_VOTE,1,,Werewolf,,4,run_1785020386_1c308f,,1337033931,disabled,Agent_7,0,
Agent_4,7,VOTE_TARGET,,0.003892,0.035465,judge_disabled,,2,0.2702183127403259,DAY_VOTE,1,,Worker,,4,run_1785020386_1c308f,,1337033931,disabled,Agent_7,0,
Agent_7,3,VOTE_TARGET,,0.005010,0.040177,judge_disabled,,2,0.22779437899589539,DAY_VOTE,1,,Worker,,4,run_1785020386_1c308f,,1337033931,disabled,Agent_3,1,
Agent_3,4,KILL_TARGET,,,,,,1,0.1720457375049591,NIGHT_KILL,2,,Werewolf,,4,run_1785020386_1c308f,,1337033931,disabled,,,
Agent_0,2,TALK_INTENT,,,,,,,0.39172276854515076,DAY_DISCUSS,0,,Worker,,1,run_1785020392_9f78a7,,1337043904,disabled,,,
Agent_1,0,TALK_INTENT,,,,,,,0.21732454001903534,DAY_DISCUSS,0,,Worker,,1,run_1785020392_9f78a7,,1337043904,disabled,,,
Agent_2,3,TALK_INTENT,,,,,,,0.4317970275878906,DAY_DISCUSS,0,,Worker,,1,run_1785020392_9f78a7,,1337043904,disabled,,,
Agent_3,0,TALK_INTENT,,,,,,,0.1720457375049591,DAY_DISCUSS,0,,Worker,,1,run_1785020392_9f78a7,,1337043904,disabled,,,
Agent_4,2,TALK_INTENT,,,,,,,0.2702183127403259,DAY_DISCUSS,0,,Worker,,1,run_1785020392_9f78a7,,1337043904,disabled,,,
Agent_5,0,TALK_INTENT,,,,,,,0.35103756189346313,DAY_DISCUSS,0,,Werewolf,,1,run_1785020392_9f78a7,,1337043904,disabled,,,
Agent_6,3,TALK_INTENT,,,,,,,0.11660865694284439,DAY_DISCUSS,0,,Werewolf,,1,run_1785020392_9f78a7,,1337043904,disabled,,,
Agent_7,1,TALK_INTENT,,,,,,,0.22779437899589539,DAY_DISCUSS,0,,Worker,,1,run_1785020392_9f78a7,,1337043904,disabled,,,
Agent_8,4,TALK_INTENT,,,,,,,0.19525566697120667,DAY_DISCUSS,0,,Worker,,1,run_1785020392_9f78a7,,1337043904,disabled,,,
Agent_0,0,TALK_INTENT,,,,,,,0.39172276854515076,DAY_DISCUSS,0,,Worker,,1,run_1785020392_9f78a7,,1337043904,disabled,,,
Agent_1,2,TALK_INTENT,,,,,,,0.21732454001903534,DAY_DISCUSS,0,,Worker,,1,run_1785020392_9f78a7,,1337043904,disabled,,,
Agent_2,4,TALK_INTENT,,,,,,,0.4317970275878906,DAY_DISCUSS,0,,Worker,,1,run_1785020392_9f78a7,,1337043904,disabled,,,
Agent_3,0,TALK_INTENT,,,,,,,0.1720457375049591,DAY_DISCUSS,0,,Worker,,1,run_1785020392_9f78a7,,1337043904,disabled,,,
Agent_4,3,TALK_INTENT,,,,,,,0.2702183127403259,DAY_DISCUSS,0,,Worker,,1,run_1785020392_9f78a7,,1337043904,disabled,,,
Agent_5,4,TALK_INTENT,,,,,,,0.35103756189346313,DAY_DISCUSS,0,,Werewolf,,1,run_1785020392_9f78a7,,1337043904,disabled,,,
Agent_6,4,TALK_INTENT,,,,,,,0.11660865694284439,DAY_DISCUSS,0,,Werewolf,,1,run_1785020392_9f78a7,,1337043904,disabled,,,
Agent_7,2,TALK_INTENT,,,,,,,0.22779437899589539,DAY_DISCUSS,0,,Worker,,1,run_1785020392_9f78a7,,1337043904,disabled,,,
Agent_8,4,TALK_INTENT,,,,,,,0.19525566697120667,DAY_DISCUSS,0,,Worker,,1,run_1785020392_9f78a7,,1337043904,disabled,,,
Agent_0,5,VOTE_TARGET,,0.000507,0.012784,judge_disabled,,8,0.39172276854515076,DAY_VOTE,1,,Worker,,1,run_1785020392_9f78a7,,1337043904,disabled,Agent_5,1,
Agent_1,5,VOTE_TARGET,,0.004548,0.038213,judge_disabled,,8,0.21732454001903534,DAY_VOTE,1,,Worker,,1,run_1785020392_9f78a7,,1337043904,disabled,Agent_5,1,
Agent_2,5,VOTE_TARGET,,0.000621,0.014407,judge_disabled,,8,0.4317970275878906,DAY_VOTE,1,,Worker,,1,run_1785020392_9f78a7,,1337043904,disabled,Agent_5,1,
Agent_3,5,VOTE_TARGET,,0.000481,0.012526,judge_disabled,,8,0.1720457375049591,DAY_VOTE,1,,Worker,,1,run_1785020392_9f78a7,,1337043904,disabled,Agent_5,1,
Agent_4,5,VOTE_TARGET,,0.000512,0.012877,judge_disabled,,8,0.2702183127403259,DAY_VOTE,1,,Worker,,1,run_1785020392_9f78a7,,1337043904,disabled,Agent_5,1,
Agent_5,0,VOTE_TARGET,,0.004922,0.039861,judge_disabled,,8,0.35103756189346313,DAY_VOTE,1,,Werewolf,,1,run_1785020392_9f78a7,,1337043904,disabled,Agent_0,0,
Agent_6,0,VOTE_TARGET,,0.000564,0.013523,judge_disabled,,8,0.11660865694284439,DAY_VOTE,1,,Werewolf,,1,run_1785020392_9f78a7,,1337043904,disabled,Agent_0,0,
Agent_7,5,VOTE_TARGET,,0.000501,0.012913,judge_disabled,,8,0.22779437899589539,DAY_VOTE,1,,Worker,,1,run_1785020392_9f78a7,,1337043904,disabled,Agent_5,1,
Agent_8,5,VOTE_TARGET,,0.000476,0.012738,judge_disabled,,8,0.19525566697120667,DAY_VOTE,1,,Worker,,1,run_1785020392_9f78a7,,1337043904,disabled,Agent_5,1,
Agent_6,1,KILL_TARGET,,,,,,7,0.11660865694284439,NIGHT_KILL,2,,Werewolf,,1,run_1785020392_9f78a7,,1337043904,disabled,,,
Agent_0,3,TALK_INTENT,,,,,,,0.39172276854515076,DAY_DISCUSS,0,,Worker,,2,run_1785020392_9f78a7,,1337043904,disabled,,,
Agent_2,0,TALK_INTENT,,,,,,,0.4317970275878906,DAY_DISCUSS,0,,Worker,,2,run_1785020392_9f78a7,,1337043904,disabled,,,
Agent_3,1,TALK_INTENT,,,,,,,0.1720457375049591,DAY_DISCUSS,0,,Worker,,2,run_1785020392_9f78a7,,1337043904,disabled,,,
Agent_4,3,TALK_INTENT,,,,,,,0.2702183127403259,DAY_DISCUSS,0,,Worker,,2,run_1785020392_9f78a7,,1337043904,disabled,,,
Agent_6,4,TALK_INTENT,,,,,,,0.11660865694284439,DAY_DISCUSS,0,,Werewolf,,2,run_1785020392_9f78a7,,1337043904,disabled,,,
Agent_7,2,TALK_INTENT,,,,,,,0.22779437899589539,DAY_DISCUSS,0,,Worker,,2,run_1785020392_9f78a7,,1337043904,disabled,,,
Agent_8,0,TALK_INTENT,,,,,,,0.19525566697120667,DAY_DISCUSS,0,,Worker,,2,run_1785020392_9f78a7,,1337043904,disabled,,,
Agent_0,4,TALK_INTENT,,,,,,,0.39172276854515076,DAY_DISCUSS,0,,Worker,,2,run_1785020392_9f78a7,,1337043904,disabled,,,
Agent_2,4,TALK_INTENT,,,,,,,0.4317970275878906,DAY_DISCUSS,0,,Worker,,2,run_1785020392_9f78a7,,1337043904,disabled,,,
Agent_3,1,TALK_INTENT,,,,,,,0.1720457375049591,DAY_DISCUSS,0,,Worker,,2,run_1785020392_9f78a7,,1337043904,disabled,,,
Agent_4,3,TALK_INTENT,,,,,,,0.2702183127403259,DAY_DISCUSS,0,,Worker,,2,run_1785020392_9f78a7,,1337043904,disabled,,,
Agent_6,4,TALK_INTENT,,,,,,,0.11660865694284439,DAY_DISCUSS,0,,Werewolf,,2,run_1785020392_9f78a7,,1337043904,disabled,,,
Agent_7,2,TALK_INTENT,,,,,,,0.22779437899589539,DAY_DISCUSS,0,,Worker,,2,run_1785020392_9f78a7,,1337043904,disabled,,,
Agent_8,4,TALK_INTENT,,,,,,,0.19525566697120667,DAY_DISCUSS,0,,Worker,,2,run_1785020392_9f78a7,,1337043904,disabled,,,
Agent_0,7,VOTE_TARGET,,0.003652,0.034097,judge_disabled,,6,0.39172276854515076,DAY_VOTE,1,,Worker,,2,run_1785020392_9f78a7,,1337043904,disabled,Agent_7,0,
Agent_2,7,VOTE_TARGET,,0.000619,0.014415,judge_disabled,,6,0.4317970275878906,DAY_VOTE,1,,Worker,,2,run_1785020392_9f78a7,,1337043904,disabled,Agent_7,0,
Agent_3,7,VOTE_TARGET,,0.000480,0.012527,judge_disabled,,6,0.1720457375049591,DAY_VOTE,1,,Worker,,2,run_1785020392_9f78a7,,1337043904,disabled,Agent_7,0,
Agent_4,7,VOTE_TARGET,,0.000510,0.012875,judge_disabled,,6,0.2702183127403259,DAY_VOTE,1,,Worker,,2,run_1785020392_9f78a7,,1337043904,disabled,Agent_7,0,
Agent_6,0,VOTE_TARGET,,0.000563,0.013529,judge_disabled,,6,0.11660865694284439,DAY_VOTE,1,,Werewolf,,2,run_1785020392_9f78a7,,1337043904,disabled,Agent_0,0,
Agent_7,3,VOTE_TARGET,,0.004533,0.038661,judge_disabled,,6,0.22779437899589539,DAY_VOTE,1,,Worker,,2,run_1785020392_9f78a7,,1337043904,disabled,Agent_3,0,
Agent_8,7,VOTE_TARGET,,0.000472,0.012719,judge_disabled,,6,0.19525566697120667,DAY_VOTE,1,,Worker,,2,run_1785020392_9f78a7,,1337043904,disabled,Agent_7,0,
Agent_6,0,KILL_TARGET,,,,,,5,0.11660865694284439,NIGHT_KILL,2,,Werewolf,,2,run_1785020392_9f78a7,,1337043904,disabled,,,
Agent_2,4,TALK_INTENT,,,,,,,0.4317970275878906,DAY_DISCUSS,0,,Worker,,3,run_1785020392_9f78a7,,1337043904,disabled,,,
Agent_3,4,TALK_INTENT,,,,,,,0.1720457375049591,DAY_DISCUSS,0,,Worker,,3,run_1785020392_9f78a7,,1337043904,disabled,,,
Agent_4,4,TALK_INTENT,,,,,,,0.2702183127403259,DAY_DISCUSS,0,,Worker,,3,run_1785020392_9f78a7,,1337043904,disabled,,,
Agent_6,1,TALK_INTENT,,,,,,,0.11660865694284439,DAY_DISCUSS,0,,Werewolf,,3,run_1785020392_9f78a7,,1337043904,disabled,,,
Agent_8,4,TALK_INTENT,,,,,,,0.19525566697120667,DAY_DISCUSS,0,,Worker,,3,run_1785020392_9f78a7,,1337043904,disabled,,,
Agent_2,3,TALK_INTENT,,,,,,,0.4317970275878906,DAY_DISCUSS,0,,Worker,,3,run_1785020392_9f78a7,,1337043904,disabled,,,
Agent_3,2,TALK_INTENT,,,,,,,0.1720457375049591,DAY_DISCUSS,0,,Worker,,3,run_1785020392_9f78a7,,1337043904,disabled,,,
Agent_4,4,TALK_INTENT,,,,,,,0.2702183127403259,DAY_DISCUSS,0,,Worker,,3,run_1785020392_9f78a7,,1337043904,disabled,,,
Agent_6,0,TALK_INTENT,,,,,,,0.11660865694284439,DAY_DISCUSS,0,,Werewolf,,3,run_1785020392_9f78a7,,1337043904,disabled,,,
Agent_8,3,TALK_INTENT,,,,,,,0.19525566697120667,DAY_DISCUSS,0,,Worker,,3,run_1785020392_9f78a7,,1337043904,disabled,,,
Agent_2,3,VOTE_TARGET,,0.004457,0.037474,judge_disabled,,4,0.4317970275878906,DAY_VOTE,1,,Worker,,3,run_1785020392_9f78a7,,1337043904,disabled,Agent_3,0,
Agent_3,4,VOTE_TARGET,,0.003884,0.035136,judge_disabled,,4,0.1720457375049591,DAY_VOTE,1,,Worker,,3,run_1785020392_9f78a7,,1337043904,disabled,Agent_4,0,
Agent_4,3,VOTE_TARGET,,0.000511,0.012915,judge_disabled,,4,0.2702183127403259,DAY_VOTE,1,,Worker,,3,run_1785020392_9f78a7,,1337043904,disabled,Agent_3,0,
Agent_6,8,VOTE_TARGET,,0.000559,0.013487,judge_disabled,,4,0.11660865694284439,DAY_VOTE,1,,Werewolf,,3,run_1785020392_9f78a7,,1337043904,disabled,Agent_8,0,
Agent_8,3,VOTE_TARGET,,0.000457,0.012555,judge_disabled,,4,0.19525566697120667,DAY_VOTE,1,,Worker,,3,run_1785020392_9f78a7,,1337043904,disabled,Agent_3,0,
Agent_6,2,KILL_TARGET,,,,,,3,0.11660865694284439,NIGHT_KILL,2,,Werewolf,,3,run_1785020392_9f78a7,,1337043904,disabled,,,
Agent_4,2,TALK_INTENT,,,,,,,0.2702183127403259,DAY_DISCUSS,0,,Worker,,4,run_1785020392_9f78a7,,1337043904,disabled,,,
Agent_6,2,TALK_INTENT,,,,,,,0.11660865694284439,DAY_DISCUSS,0,,Werewolf,,4,run_1785020392_9f78a7,,1337043904,disabled,,,
Agent_8,0,TALK_INTENT,,,,,,,0.19525566697120667,DAY_DISCUSS,0,,Worker,,4,run_1785020392_9f78a7,,1337043904,disabled,,,
Agent_4,1,TALK_INTENT,,,,,,,0.2702183127403259,DAY_DISCUSS,0,,Worker,,4,run_1785020392_9f78a7,,1337043904,disabled,,,
Agent_6,2,TALK_INTENT,,,,,,,0.11660865694284439,DAY_DISCUSS,0,,Werewolf,,4,run_1785020392_9f78a7,,1337043904,disabled,,,
Agent_8,4,TALK_INTENT,,,,,,,0.19525566697120667,DAY_DISCUSS,0,,Worker,,4,run_1785020392_9f78a7,,1337043904,disabled,,,
Agent_4,6,VOTE_TARGET,,0.000511,0.012944,judge_disabled,,2,0.2702183127403259,DAY_VOTE,1,,Worker,,4,run_1785020392_9f78a7,,1337043904,disabled,Agent_6,1,
Agent_6,8,VOTE_TARGET,,0.000558,0.013490,judge_disabled,,2,0.11660865694284439,DAY_VOTE,1,,Werewolf,,4,run_1785020392_9f78a7,,1337043904,disabled,Agent_8,0,
Agent_8,4,VOTE_TARGET,,0.004831,0.039072,judge_disabled,,2,0.19525566697120667,DAY_VOTE,1,,Worker,,4,run_1785020392_9f78a7,,1337043904,disabled,Agent_4,0,
Agent_6,8,KILL_TARGET,,,,,,2,0.11660865694284439,NIGHT_KILL,2,,Werewolf,,4,run_1785020392_9f78a7,,1337043904,disabled,,,
Agent_0,0,TALK_INTENT,,,,,,,0.39172276854515076,DAY_DISCUSS,0,,Werewolf,,1,run_1785020398_683bb4,,1337053877,disabled,,,
Agent_1,1,TALK_INTENT,,,,,,,0.21732454001903534,DAY_DISCUSS,0,,Worker,,1,run_1785020398_683bb4,,1337053877,disabled,,,
Agent_2,2,TALK_INTENT,,,,,,,0.4317970275878906,DAY_DISCUSS,0,,Worker,,1,run_1785020398_683bb4,,1337053877,disabled,,,
Agent_3,2,TALK_INTENT,,,,,,,0.1720457375049591,DAY_DISCUSS,0,,Worker,,1,run_1785020398_683bb4,,1337053877,disabled,,,
Agent_4,4,TALK_INTENT,,,,,,,0.2702183127403259,DAY_DISCUSS,0,,Werewolf,,1,run_1785020398_683bb4,,1337053877,disabled,,,
Agent_5,4,TALK_INTENT,,,,,,,0.35103756189346313,DAY_DISCUSS,0,,Worker,,1,run_1785020398_683bb4,,1337053877,disabled,,,
Agent_6,0,TALK_INTENT,,,,,,,0.11660865694284439,DAY_DISCUSS,0,,Worker,,1,run_1785020398_683bb4,,1337053877,disabled,,,
Agent_7,2,TALK_INTENT,,,,,,,0.22779437899589539,DAY_DISCUSS,0,,Worker,,1,run_1785020398_683bb4,,1337053877,disabled,,,
Agent_8,1,TALK_INTENT,,,,,,,0.19525566697120667,DAY_DISCUSS,0,,Worker,,1,run_1785020398_683bb4,,1337053877,disabled,,,
Agent_0,4,TALK_INTENT,,,,,,,0.39172276854515076,DAY_DISCUSS,0,,Werewolf,,1,run_1785020398_683bb4,,1337053877,disabled,,,
Agent_1,3,TALK_INTENT,,,,,,,0.21732454001903534,DAY_DISCUSS,0,,Worker,,1,run_1785020398_683bb4,,1337053877,disabled,,,
Agent_2,2,TALK_INTENT,,,,,,,0.4317970275878906,DAY_DISCUSS,0,,Worker,,1,run_1785020398_683bb4,,1337053877,disabled,,,
Agent_3,3,TALK_INTENT,,,,,,,0.1720457375049591,DAY_DISCUSS,0,,Worker,,1,run_1785020398_683bb4,,1337053877,disabled,,,
Agent_4,3,TALK_INTENT,,,,,,,0.2702183127403259,DAY_DISCUSS,0,,Werewolf,,1,run_1785020398_683bb4,,1337053877,disabled,,,
Agent_5,2,TALK_INTENT,,,,,,,0.35103756189346313,DAY_DISCUSS,0,,Worker,,1,run_1785020398_683bb4,,1337053877,disabled,,,
Agent_6,3,TALK_INTENT,,,,,,,0.11660865694284439,DAY_DISCUSS,0,,Worker,,1,run_1785020398_683bb4,,1337053877,disabled,,,
Agent_7,4,TALK_INTENT,,,,,,,0.22779437899589539,DAY_DISCUSS,0,,Worker,,1,run_1785020398_683bb4,,1337053877,disabled,,,
Agent_8,3,TALK_INTENT,,,,,,,0.19525566697120667,DAY_DISCUSS,0,,Worker,,1,run_1785020398_683bb4,,1337053877,disabled,,,
Agent_0,8,VOTE_TARGET,,0.005884,0.043400,judge_disabled,,8,0.39172276854515076,DAY_VOTE,1,,Werewolf,,1,run_1785020398_683bb4,,1337053877,disabled,Agent_8,0,
Agent_1,0,VOTE_TARGET,,0.004403,0.037088,judge_disabled,,8,0.21732454001903534,DAY_VOTE,1,,Worker,,1,run_1785020398_683bb4,,1337053877,disabled,Agent_0,1,
Agent_2,0,VOTE_TARGET,,0.000515,0.012884,judge_disabled,,8,0.4317970275878906,DAY_VOTE,1,,Worker,,1,run_1785020398_683bb4,,1337053877,disabled,Agent_0,1,
Agent_3,0,VOTE_TARGET,,0.000522,0.012945,judge_disabled,,8,0.1720457375049591,DAY_VOTE,1,,Worker,,1,run_1785020398_683bb4,,1337053877,disabled,Agent_0,1,
Agent_4,0,VOTE_TARGET,,0.000556,0.013595,judge_disabled,,8,0.2702183127403259,DAY_VOTE,1,,Werewolf,,1,run_1785020398_683bb4,,1337053877,disabled,Agent_0,1,
Agent_5,0,VOTE_TARGET,,0.000415,0.011580,judge_disabled,,8,0.35103756189346313,DAY_VOTE,1,,Worker,,1,run_1785020398_683bb4,,1337053877,disabled,Agent_0,1,
Agent_6,0,VOTE_TARGET,,0.000526,0.013296,judge_disabled,,8,0.11660865694284439,DAY_VOTE,1,,Worker,,1,run_1785020398_683bb4,,1337053877,disabled,Agent_0,1,
Agent_7,0,VOTE_TARGET,,0.000554,0.013594,judge_disabled,,8,0.22779437899589539,DAY_VOTE,1,,Worker,,1,run_1785020398_683bb4,,1337053877,disabled,Agent_0,1,
Agent_8,0,VOTE_TARGET,,0.000548,0.013537,judge_disabled,,8,0.19525566697120667,DAY_VOTE,1,,Worker,,1,run_1785020398_683bb4,,1337053877,disabled,Agent_0,1,
Agent_4,1,KILL_TARGET,,,,,,7,0.2702183127403259,NIGHT_KILL,2,,Werewolf,,1,run_1785020398_683bb4,,1337053877,disabled,,,
Agent_2,0,TALK_INTENT,,,,,,,0.4317970275878906,DAY_DISCUSS,0,,Worker,,2,run_1785020398_683bb4,,1337053877,disabled,,,
Agent_3,1,TALK_INTENT,,,,,,,0.1720457375049591,DAY_DISCUSS,0,,Worker,,2,run_1785020398_683bb4,,1337053877,disabled,,,
Agent_4,3,TALK_INTENT,,,,,,,0.2702183127403259,DAY_DISCUSS,0,,Werewolf,,2,run_1785020398_683bb4,,1337053877,disabled,,,
Agent_5,2,TALK_INTENT,,,,,,,0.35103756189346313,DAY_DISCUSS,0,,Worker,,2,run_1785020398_683bb4,,1337053877,disabled,,,
Agent_6,1,TALK_INTENT,,,,,,,0.11660865694284439,DAY_DISCUSS,0,,Worker,,2,run_1785020398_683bb4,,1337053877,disabled,,,
Agent_7,2,TALK_INTENT,,,,,,,0.22779437899589539,DAY_DISCUSS,0,,Worker,,2,run_1785020398_683bb4,,1337053877,disabled,,,
Agent_8,1,TALK_INTENT,,,,,,,0.19525566697120667,DAY_DISCUSS,0,,Worker,,2,run_1785020398_683bb4,,1337053877,disabled,,,
Agent_2,0,TALK_INTENT,,,,,,,0.4317970275878906,DAY_DISCUSS,0,,Worker,,2,run_1785020398_683bb4,,1337053877,disabled,,,
Agent_3,3,TALK_INTENT,,,,,,,0.1720457375049591,DAY_DISCUSS,0,,Worker,,2,run_1785020398_683bb4,,1337053877,disabled,,,
Agent_4,3,TALK_INTENT,,,,,,,0.2702183127403259,DAY_DISCUSS,0,,Werewolf,,2,run_1785020398_683bb4,,1337053877,disabled,,,
Agent_5,1,TALK_INTENT,,,,,,,0.35103756189346313,DAY_DISCUSS,0,,Worker,,2,run_1785020398_683bb4,,1337053877,disabled,,,
Agent_6,3,TALK_INTENT,,,,,,,0.11660865694284439,DAY_DISCUSS,0,,Worker,,2,run_1785020398_683bb4,,1337053877,disabled,,,
Agent_7,1,TALK_INTENT,,,,,,,0.22779437899589539,DAY_DISCUSS,0,,Worker,,2,run_1785020398_683bb4,,1337053877,disabled,,,
Agent_8,2,TALK_INTENT,,,,,,,0.19525566697120667,DAY_DISCUSS,0,,Worker,,2,run_1785020398_683bb4,,1337053877,disabled,,,
Agent_2,7,VOTE_TARGET,,0.004396,0.037375,judge_disabled,,6,0.4317970275878906,DAY_VOTE,1,,Worker,,2,run_1785020398_683bb4,,1337053877,disabled,Agent_7,0,
Agent_3,7,VOTE_TARGET,,0.000521,0.012956,judge_disabled,,6,0.1720457375049591,DAY_VOTE,1,,Worker,,2,run_1785020398_683bb4,,1337053877,disabled,Agent_7,0,
Agent_4,7,VOTE_TARGET,,0.000554,0.013602,judge_disabled,,6,0.2702183127403259,DAY_VOTE,1,,Werewolf,,2,run_1785020398_683bb4,,1337053877,disabled,Agent_7,0,
Agent_5,7,VOTE_TARGET,,0.000413,0.011566,judge_disabled,,6,0.35103756189346313,DAY_VOTE,1,,Worker,,2,run_1785020398_683bb4,,1337053877,disabled,Agent_7,0,
Agent_6,7,VOTE_TARGET,,0.000526,0.013299,judge_disabled,,6,0.11660865694284439,DAY_VOTE,1,,Worker,,2,run_1785020398_683bb4,,1337053877,disabled,Agent_7,0,
Agent_7,5,VOTE_TARGET,,0.004722,0.038543,judge_disabled,,6,0.22779437899589539,DAY_VOTE,1,,Worker,,2,run_1785020398_683bb4,,1337053877,disabled,Agent_5,0,
Agent_8,7,VOTE_TARGET,,0.000545,0.013529,judge_disabled,,6,0.19525566697120667,DAY_VOTE,1,,Worker,,2,run_1785020398_683bb4,,1337053877,disabled,Agent_7,0,
Agent_4,2,KILL_TARGET,,,,,,5,0.2702183127403259,NIGHT_KILL,2,,Werewolf,,2,run_1785020398_683bb4,,1337053877,disabled,,,
Agent_3,1,TALK_INTENT,,,,,,,0.1720457375049591,DAY_DISCUSS,0,,Worker,,3,run_1785020398_683bb4,,1337053877,disabled,,,
Agent_4,3,TALK_INTENT,,,,,,,0.2702183127403259,DAY_DISCUSS,0,,Werewolf,,3,run_1785020398_683bb4,,1337053877,disabled,,,
Agent_5,3,TALK_INTENT,,,,,,,0.35103756189346313,DAY_DISCUSS,0,,Worker,,3,run_1785020398_683bb4,,1337053877,disabled,,,
Agent_6,1,TALK_INTENT,,,,,,,0.11660865694284439,DAY_DISCUSS,0,,Worker,,3,run_1785020398_683bb4,,1337053877,disabled,,,
Agent_8,4,TALK_INTENT,,,,,,,0.19525566697120667,DAY_DISCUSS,0,,Worker,,3,run_1785020398_683bb4,,1337053877,disabled,,,
Agent_3,4,TALK_INTENT,,,,,,,0.1720457375049591,DAY_DISCUSS,0,,Worker,,3,run_1785020398_683bb4,,1337053877,disabled,,,
Agent_4,0,TALK_INTENT,,,,,,,0.2702183127403259,DAY_DISCUSS,0,,Werewolf,,3,run_1785020398_683bb4,,1337053877,disabled,,,
Agent_5,0,TALK_INTENT,,,,,,,0.35103756189346313,DAY_DISCUSS,0,,Worker,,3,run_1785020398_683bb4,,1337053877,disabled,,,
Agent_6,3,TALK_INTENT,,,,,,,0.11660865694284439,DAY_DISCUSS,0,,Worker,,3,run_1785020398_683bb4,,1337053877,disabled,,,
Agent_8,3,TALK_INTENT,,,,,,,0.19525566697120667,DAY_DISCUSS,0,,Worker,,3,run_1785020398_683bb4,,1337053877,disabled,,,
Agent_3,5,VOTE_TARGET,,0.000518,0.012947,judge_disabled,,4,0.1720457375049591,DAY_VOTE,1,,Worker,,3,run_1785020398_683bb4,,1337053877,disabled,Agent_5,0,
Agent_4,8,VOTE_TARGET,,0.000543,0.013510,judge_disabled,,4,0.2702183127403259,DAY_VOTE,1,,Werewolf,,3,run_1785020398_683bb4,,1337053877,disabled,Agent_8,0,
Agent_5,6,VOTE_TARGET,,0.005192,0.040672,judge_disabled,,4,0.35103756189346313,DAY_VOTE,1,,Worker,,3,run_1785020398_683bb4,,1337053877,disabled,Agent_6,0,
Agent_6,5,VOTE_TARGET,,0.004877,0.040183,judge_disabled,,4,0.11660865694284439,DAY_VOTE,1,,Worker,,3,run_1785020398_683bb4,,1337053877,disabled,Agent_5,0,
Agent_8,5,VOTE_TARGET,,0.000540,0.013513,judge_disabled,,4,0.19525566697120667,DAY_VOTE,1,,Worker,,3,run_1785020398_683bb4,,1337053877,disabled,Agent_5,0,
Agent_4,6,KILL_TARGET,,,,,,3,0.2702183127403259,NIGHT_KILL,2,,Werewolf,,3,run_1785020398_683bb4,,1337053877,disabled,,,
Agent_3,2,TALK_INTENT,,,,,,,0.1720457375049591,DAY_DISCUSS,0,,Worker,,4,run_1785020398_683bb4,,1337053877,disabled,,,
Agent_4,4,TALK_INTENT,,,,,,,0.2702183127403259,DAY_DISCUSS,0,,Werewolf,,4,run_1785020398_683bb4,,1337053877,disabled,,,
Agent_8,3,TALK_INTENT,,,,,,,0.19525566697120667,DAY_DISCUSS,0,,Worker,,4,run_1785020398_683bb4,,1337053877,disabled,,,
Agent_3,4,TALK_INTENT,,,,,,,0.1720457375049591,DAY_DISCUSS,0,,Worker,,4,run_1785020398_683bb4,,1337053877,disabled,,,
Agent_4,1,TALK_INTENT,,,,,,,0.2702183127403259,DAY_DISCUSS,0,,Werewolf,,4,run_1785020398_683bb4,,1337053877,disabled,,,
Agent_8,3,TALK_INTENT,,,,,,,0.19525566697120667,DAY_DISCUSS,0,,Worker,,4,run_1785020398_683bb4,,1337053877,disabled,,,
Agent_3,4,VOTE_TARGET,,0.000516,0.012951,judge_disabled,,2,0.1720457375049591,DAY_VOTE,1,,Worker,,4,run_1785020398_683bb4,,1337053877,disabled,Agent_4,1,
Agent_4,8,VOTE_TARGET,,0.000538,0.013482,judge_disabled,,2,0.2702183127403259,DAY_VOTE,1,,Werewolf,,4,run_1785020398_683bb4,,1337053877,disabled,Agent_8,0,
Agent_8,3,VOTE_TARGET,,0.005263,0.040804,judge_disabled,,2,0.19525566697120667,DAY_VOTE,1,,Worker,,4,run_1785020398_683bb4,,1337053877,disabled,Agent_3,0,
Agent_4,8,KILL_TARGET,,,,,,2,0.2702183127403259,NIGHT_KILL,2,,Werewolf,,4,run_1785020398_683bb4,,1337053877,disabled,,,
Agent_0,3,TALK_INTENT,,,,,,,0.39172276854515076,DAY_DISCUSS,0,,Worker,,1,run_1785020429_715b99,,1337004012,disabled,,,
Agent_1,3,TALK_INTENT,,,,,,,0.21732454001903534,DAY_DISCUSS,0,,Worker,,1,run_1785020429_715b99,,1337004012,disabled,,,
Agent_2,2,TALK_INTENT,,,,,,,0.4317970275878906,DAY_DISCUSS,0,,Werewolf,,1,run_1785020429_715b99,,1337004012,disabled,,,
Agent_3,2,TALK_INTENT,,,,,,,0.1720457375049591,DAY_DISCUSS,0,,Worker,,1,run_1785020429_715b99,,1337004012,disabled,,,
Agent_4,4,TALK_INTENT,,,,,,,0.2702183127403259,DAY_DISCUSS,0,,Werewolf,,1,run_1785020429_715b99,,1337004012,disabled,,,
Agent_5,3,TALK_INTENT,,,,,,,0.35103756189346313,DAY_DISCUSS,0,,Worker,,1,run_1785020429_715b99,,1337004012,disabled,,,
Agent_6,1,TALK_INTENT,,,,,,,0.11660865694284439,DAY_DISCUSS,0,,Worker,,1,run_1785020429_715b99,,1337004012,disabled,,,
Agent_7,4,TALK_INTENT,,,,,,,0.22779437899589539,DAY_DISCUSS,0,,Worker,,1,run_1785020429_715b99,,1337004012,disabled,,,
Agent_8,2,TALK_INTENT,,,,,,,0.19525566697120667,DAY_DISCUSS,0,,Worker,,1,run_1785020429_715b99,,1337004012,disabled,,,
Agent_0,2,TALK_INTENT,,,,,,,0.39172276854515076,DAY_DISCUSS,0,,Worker,,1,run_1785020429_715b99,,1337004012,disabled,,,
Agent_1,3,TALK_INTENT,,,,,,,0.21732454001903534,DAY_DISCUSS,0,,Worker,,1,run_1785020429_715b99,,1337004012,disabled,,,
Agent_2,2,TALK_INTENT,,,,,,,0.4317970275878906,DAY_DISCUSS,0,,Werewolf,,1,run_1785020429_715b99,,1337004012,disabled,,,
Agent_3,3,TALK_INTENT,,,,,,,0.1720457375049591,DAY_DISCUSS,0,,Worker,,1,run_1785020429_715b99,,1337004012,disabled,,,
Agent_4,4,TALK_INTENT,,,,,,,0.2702183127403259,DAY_DISCUSS,0,,Werewolf,,1,run_1785020429_715b99,,1337004012,disabled,,,
Agent_5,0,TALK_INTENT,,,,,,,0.35103756189346313,DAY_DISCUSS,0,,Worker,,1,run_1785020429_715b99,,1337004012,disabled,,,
Agent_6,2,TALK_INTENT,,,,,,,0.11660865694284439,DAY_DISCUSS,0,,Worker,,1,run_1785020429_715b99,,1337004012,disabled,,,
Agent_7,3,TALK_INTENT,,,,,,,0.22779437899589539,DAY_DISCUSS,0,,Worker,,1,run_1785020429_715b99,,1337004012,disabled,,,
Agent_8,2,TALK_INTENT,,,,,,,0.19525566697120667,DAY_DISCUSS,0,,Worker,,1,run_1785020429_715b99,,1337004012,disabled,,,
Agent_0,7,VOTE_TARGET,,0.000027,0.002973,judge_disabled,,8,0.39172276854515076,DAY_VOTE,1,,Worker,,1,run_1785020429_715b99,,1337004012,disabled,Agent_7,0,
Agent_1,7,VOTE_TARGET,,0.003991,0.036186,judge_disabled,,8,0.21732454001903534,DAY_VOTE,1,,Worker,,1,run_1785020429_715b99,,1337004012,disabled,Agent_7,0,
Agent_2,0,VOTE_TARGET,,0.000027,0.002968,judge_disabled,,8,0.4317970275878906,DAY_VOTE,1,,Werewolf,,1,run_1785020429_715b99,,1337004012,disabled,Agent_0,0,
Agent_3,7,VOTE_TARGET,,0.000027,0.002973,judge_disabled,,8,0.1720457375049591,DAY_VOTE,1,,Worker,,1,run_1785020429_715b99,,1337004012,disabled,Agent_7,0,
Agent_4,0,VOTE_TARGET,,0.000027,0.002968,judge_disabled,,8,0.2702183127403259,DAY_VOTE,1,,Werewolf,,1,run_1785020429_715b99,,1337004012,disabled,Agent_0,0,
Agent_5,7,VOTE_TARGET,,0.000027,0.002973,judge_disabled,,8,0.35103756189346313,DAY_VOTE,1,,Worker,,1,run_1785020429_715b99,,1337004012,disabled,Agent_7,0,
Agent_6,7,VOTE_TARGET,,0.000027,0.002973,judge_disabled,,8,0.11660865694284439,DAY_VOTE,1,,Worker,,1,run_1785020429_715b99,,1337004012,disabled,Agent_7,0,
Agent_7,2,VOTE_TARGET,,0.003991,0.036186,judge_disabled,,8,0.22779437899589539,DAY_VOTE,1,,Worker,,1,run_1785020429_715b99,,1337004012,disabled,Agent_2,1,
Agent_8,7,VOTE_TARGET,,0.000027,0.002973,judge_disabled,,8,0.19525566697120667,DAY_VOTE,1,,Worker,,1,run_1785020429_715b99,,1337004012,disabled,Agent_7,0,
Agent_2,1,KILL_TARGET,,,,,,6,0.4317970275878906,NIGHT_KILL,2,,Werewolf,,1,run_1785020429_715b99,,1337004012,disabled,,,
Agent_0,0,TALK_INTENT,,,,,,,0.39172276854515076,DAY_DISCUSS,0,,Worker,,2,run_1785020429_715b99,,1337004012,disabled,,,
Agent_2,2,TALK_INTENT,,,,,,,0.4317970275878906,DAY_DISCUSS,0,,Werewolf,,2,run_1785020429_715b99,,1337004012,disabled,,,
Agent_3,2,TALK_INTENT,,,,,,,0.1720457375049591,DAY_DISCUSS,0,,Worker,,2,run_1785020429_715b99,,1337004012,disabled,,,
Agent_4,0,TALK_INTENT,,,,,,,0.2702183127403259,DAY_DISCUSS,0,,Werewolf,,2,run_1785020429_715b99,,1337004012,disabled,,,
Agent_5,3,TALK_INTENT,,,,,,,0.35103756189346313,DAY_DISCUSS,0,,Worker,,2,run_1785020429_715b99,,1337004012,disabled,,,
Agent_6,0,TALK_INTENT,,,,,,,0.11660865694284439,DAY_DISCUSS,0,,Worker,,2,run_1785020429_715b99,,1337004012,disabled,,,
Agent_8,2,TALK_INTENT,,,,,,,0.19525566697120667,DAY_DISCUSS,0,,Worker,,2,run_1785020429_715b99,,1337004012,disabled,,,
Agent_0,0,TALK_INTENT,,,,,,,0.39172276854515076,DAY_DISCUSS,0,,Worker,,2,run_1785020429_715b99,,1337004012,disabled,,,
Agent_2,4,TALK_INTENT,,,,,,,0.4317970275878906,DAY_DISCUSS,0,,Werewolf,,2,run_1785020429_715b99,,1337004012,disabled,,,
Agent_3,3,TALK_INTENT,,,,,,,0.1720457375049591,DAY_DISCUSS,0,,Worker,,2,run_1785020429_715b99,,1337004012,disabled,,,
Agent_4,2,TALK_INTENT,,,,,,,0.2702183127403259,DAY_DISCUSS,0,,Werewolf,,2,run_1785020429_715b99,,1337004012,disabled,,,
Agent_5,1,TALK_INTENT,,,,,,,0.35103756189346313,DAY_DISCUSS,0,,Worker,,2,run_1785020429_715b99,,1337004012,disabled,,,
Agent_6,2,TALK_INTENT,,,,,,,0.11660865694284439,DAY_DISCUSS,0,,Worker,,2,run_1785020429_715b99,,1337004012,disabled,,,
Agent_8,2,TALK_INTENT,,,,,,,0.19525566697120667,DAY_DISCUSS,0,,Worker,,2,run_1785020429_715b99,,1337004012,disabled,,,
Agent_0,2,VOTE_TARGET,,0.004116,0.036786,judge_disabled,,6,0.39172276854515076,DAY_VOTE,1,,Worker,,2,run_1785020429_715b99,,1337004012,disabled,Agent_2,1,
Agent_2,0,VOTE_TARGET,,0.004116,0.036786,judge_disabled,,6,0.4317970275878906,DAY_VOTE,1,,Werewolf,,2,run_1785020429_715b99,,1337004012,disabled,Agent_0,0,
Agent_3,2,VOTE_TARGET,,0.000027,0.002976,judge_disabled,,6,0.1720457375049591,DAY_VOTE,1,,Worker,,2,run_1785020429_715b99,,1337004012,disabled,Agent_2,1,
Agent_4,0,VOTE_TARGET,,0.000027,0.002972,judge_disabled,,6,0.2702183127403259,DAY_VOTE,1,,Werewolf,,2,run_1785020429_715b99,,1337004012,disabled,Agent_0,0,
Agent_5,2,VOTE_TARGET,,0.000027,0.002976,judge_disabled,,6,0.35103756189346313,DAY_VOTE,1,,Worker,,2,run_1785020429_715b99,,1337004012,disabled,Agent_2,1,
Agent_6,2,VOTE_TARGET,,0.000027,0.002976,judge_disabled,,6,0.11660865694284439,DAY_VOTE,1,,Worker,,2,run_1785020429_715b99,,1337004012,disabled,Agent_2,1,
Agent_8,2,VOTE_TARGET,,0.000027,0.002976,judge_disabled,,6,0.19525566697120667,DAY_VOTE,1,,Worker,,2,run_1785020429_715b99,,1337004012,disabled,Agent_2,1,
Agent_4,0,KILL_TARGET,,,,,,5,0.2702183127403259,NIGHT_KILL,2,,Werewolf,,2,run_1785020429_715b99,,1337004012,disabled,,,
Agent_3,0,TALK_INTENT,,,,,,,0.1720457375049591,DAY_DISCUSS,0,,Worker,,3,run_1785020429_715b99,,1337004012,disabled,,,
Agent_4,1,TALK_INTENT,,,,,,,0.2702183127403259,DAY_DISCUSS,0,,Werewolf,,3,run_1785020429_715b99,,1337004012,disabled,,,
Agent_5,2,TALK_INTENT,,,,,,,0.35103756189346313,DAY_DISCUSS,0,,Worker,,3,run_1785020429_715b99,,1337004012,disabled,,,
Agent_6,2,TALK_INTENT,,,,,,,0.11660865694284439,DAY_DISCUSS,0,,Worker,,3,run_1785020429_715b99,,1337004012,disabled,,,
Agent_8,3,TALK_INTENT,,,,,,,0.19525566697120667,DAY_DISCUSS,0,,Worker,,3,run_1785020429_715b99,,1337004012,disabled,,,
Agent_3,1,TALK_INTENT,,,,,,,0.1720457375049591,DAY_DISCUSS,0,,Worker,,3,run_1785020429_715b99,,1337004012,disabled,,,
Agent_4,0,TALK_INTENT,,,,,,,0.2702183127403259,DAY_DISCUSS,0,,Werewolf,,3,run_1785020429_715b99,,1337004012,disabled,,,
Agent_5,4,TALK_INTENT,,,,,,,0.35103756189346313,DAY_DISCUSS,0,,Worker,,3,run_1785020429_715b99,,1337004012,disabled,,,
Agent_6,3,TALK_INTENT,,,,,,,0.11660865694284439,DAY_DISCUSS,0,,Worker,,3,run_1785020429_715b99,,1337004012,disabled,,,
Agent_8,3,TALK_INTENT,,,,,,,0.19525566697120667,DAY_DISCUSS,0,,Worker,,3,run_1785020429_715b99,,1337004012,disabled,,,
Agent_3,5,VOTE_TARGET,,0.000029,0.003081,judge_disabled,,4,0.1720457375049591,DAY_VOTE,1,,Worker,,3,run_1785020429_715b99,,1337004012,disabled,Agent_5,0,
Agent_4,6,VOTE_TARGET,,0.000029,0.003065,judge_disabled,,4,0.2702183127403259,DAY_VOTE,1,,Werewolf,,3,run_1785020429_715b99,,1337004012,disabled,Agent_6,0,
Agent_5,6,VOTE_TARGET,,0.004234,0.037317,judge_disabled,,4,0.35103756189346313,DAY_VOTE,1,,Worker,,3,run_1785020429_715b99,,1337004012,disabled,Agent_6,0,
Agent_6,5,VOTE_TARGET,,0.004234,0.037317,judge_disabled,,4,0.11660865694284439,DAY_VOTE,1,,Worker,,3,run_1785020429_715b99,,1337004012,disabled,Agent_5,0,
Agent_8,5,VOTE_TARGET,,0.000029,0.003081,judge_disabled,,4,0.19525566697120667,DAY_VOTE,1,,Worker,,3,run_1785020429_715b99,,1337004012,disabled,Agent_5,0,
Agent_4,6,KILL_TARGET,,,,,,3,0.2702183127403259,NIGHT_KILL,2,,Werewolf,,3,run_1785020429_715b99,,1337004012,disabled,,,
Agent_3,2,TALK_INTENT,,,,,,,0.1720457375049591,DAY_DISCUSS,0,,Worker,,4,run_1785020429_715b99,,1337004012,disabled,,,
Agent_4,0,TALK_INTENT,,,,,,,0.2702183127403259,DAY_DISCUSS,0,,Werewolf,,4,run_1785020429_715b99,,1337004012,disabled,,,
Agent_8,2,TALK_INTENT,,,,,,,0.19525566697120667,DAY_DISCUSS,0,,Worker,,4,run_1785020429_715b99,,1337004012,disabled,,,
Agent_3,3,TALK_INTENT,,,,,,,0.1720457375049591,DAY_DISCUSS,0,,Worker,,4,run_1785020429_715b99,,1337004012,disabled,,,
Agent_4,2,TALK_INTENT,,,,,,,0.2702183127403259,DAY_DISCUSS,0,,Werewolf,,4,run_1785020429_715b99,,1337004012,disabled,,,
Agent_8,2,TALK_INTENT,,,,,,,0.19525566697120667,DAY_DISCUSS,0,,Worker,,4,run_1785020429_715b99,,1337004012,disabled,,,
Agent_3,4,VOTE_TARGET,,0.000031,0.003145,judge_disabled,,2,0.1720457375049591,DAY_VOTE,1,,Worker,,4,run_1785020429_715b99,,1337004012,disabled,Agent_4,1,
Agent_4,8,VOTE_TARGET,,0.000031,0.003139,judge_disabled,,2,0.2702183127403259,DAY_VOTE,1,,Werewolf,,4,run_1785020429_715b99,,1337004012,disabled,Agent_8,0,
Agent_8,3,VOTE_TARGET,,0.004404,0.037954,judge_disabled,,2,0.19525566697120667,DAY_VOTE,1,,Worker,,4,run_1785020429_715b99,,1337004012,disabled,Agent_3,0,
Agent_4,8,KILL_TARGET,,,,,,2,0.2702183127403259,NIGHT_KILL,2,,Werewolf,,4,run_1785020429_715b99,,1337004012,disabled,,,
Agent_0,1,TALK_INTENT,,,,,,,0.39172276854515076,DAY_DISCUSS,0,,Worker,,1,run_1785020435_9dae48,,1337013985,disabled,,,
Agent_1,2,TALK_INTENT,,,,,,,0.21732454001903534,DAY_DISCUSS,0,,Worker,,1,run_1785020435_9dae48,,1337013985,disabled,,,
Agent_2,4,TALK_INTENT,,,,,,,0.4317970275878906,DAY_DISCUSS,0,,Worker,,1,run_1785020435_9dae48,,1337013985,disabled,,,
Agent_3,3,TALK_INTENT,,,,,,,0.1720457375049591,DAY_DISCUSS,0,,Worker,,1,run_1785020435_9dae48,,1337013985,disabled,,,
Agent_4,4,TALK_INTENT,,,,,,,0.2702183127403259,DAY_DISCUSS,0,,Werewolf,,1,run_1785020435_9dae48,,1337013985,disabled,,,
Agent_5,2,TALK_INTENT,,,,,,,0.35103756189346313,DAY_DISCUSS,0,,Werewolf,,1,run_1785020435_9dae48,,1337013985,disabled,,,
Agent_6,0,TALK_INTENT,,,,,,,0.11660865694284439,DAY_DISCUSS,0,,Worker,,1,run_1785020435_9dae48,,1337013985,disabled,,,
Agent_7,0,TALK_INTENT,,,,,,,0.22779437899589539,DAY_DISCUSS,0,,Worker,,1,run_1785020435_9dae48,,1337013985,disabled,,,
Agent_8,1,TALK_INTENT,,,,,,,0.19525566697120667,DAY_DISCUSS,0,,Worker,,1,run_1785020435_9dae48,,1337013985,disabled,,,
Agent_0,3,TALK_INTENT,,,,,,,0.39172276854515076,DAY_DISCUSS,0,,Worker,,1,run_1785020435_9dae48,,1337013985,disabled,,,
Agent_1,3,TALK_INTENT,,,,,,,0.21732454001903534,DAY_DISCUSS,0,,Worker,,1,run_1785020435_9dae48,,1337013985,disabled,,,
Agent_2,4,TALK_INTENT,,,,,,,0.4317970275878906,DAY_DISCUSS,0,,Worker,,1,run_1785020435_9dae48,,1337013985,disabled,,,
Agent_3,2,TALK_INTENT,,,,,,,0.1720457375049591,DAY_DISCUSS,0,,Worker,,1,run_1785020435_9dae48,,1337013985,disabled,,,
Agent_4,1,TALK_INTENT,,,,,,,0.2702183127403259,DAY_DISCUSS,0,,Werewolf,,1,run_1785020435_9dae48,,1337013985,disabled,,,
Agent_5,1,TALK_INTENT,,,,,,,0.35103756189346313,DAY_DISCUSS,0,,Werewolf,,1,run_1785020435_9dae48,,1337013985,disabled,,,
Agent_6,2,TALK_INTENT,,,,,,,0.11660865694284439,DAY_DISCUSS,0,,Worker,,1,run_1785020435_9dae48,,1337013985,disabled,,,
Agent_7,0,TALK_INTENT,,,,,,,0.22779437899589539,DAY_DISCUSS,0,,Worker,,1,run_1785020435_9dae48,,1337013985,disabled,,,
Agent_8,2,TALK_INTENT,,,,,,,0.19525566697120667,DAY_DISCUSS,0,,Worker,,1,run_1785020435_9dae48,,1337013985,disabled,,,
Agent_0,7,VOTE_TARGET,,0.000027,0.002973,judge_disabled,,8,0.39172276854515076,DAY_VOTE,1,,Worker,,1,run_1785020435_9dae48,,1337013985,disabled,Agent_7,0,
Agent_1,7,VOTE_TARGET,,0.003991,0.036186,judge_disabled,,8,0.21732454001903534,DAY_VOTE,1,,Worker,,1,run_1785020435_9dae48,,1337013985,disabled,Agent_7,0,
Agent_2,7,VOTE_TARGET,,0.000027,0.002973,judge_disabled,,8,0.4317970275878906,DAY_VOTE,1,,Worker,,1,run_1785020435_9dae48,,1337013985,disabled,Agent_7,0,
Agent_3,7,VOTE_TARGET,,0.000027,0.002973,judge_disabled,,8,0.1720457375049591,DAY_VOTE,1,,Worker,,1,run_1785020435_9dae48,,1337013985,disabled,Agent_7,0,
Agent_4,0,VOTE_TARGET,,0.000027,0.002968,judge_disabled,,8,0.2702183127403259,DAY_VOTE,1,,Werewolf,,1,run_1785020435_9dae48,,1337013985,disabled,Agent_0,0,
Agent_5,0,VOTE_TARGET,,0.000027,0.002968,judge_disabled,,8,0.35103756189346313,DAY_VOTE,1,,Werewolf,,1,run_1785020435_9dae48,,1337013985,disabled,Agent_0,0,
Agent_6,7,VOTE_TARGET,,0.000027,0.002973,judge_disabled,,8,0.11660865694284439,DAY_VOTE,1,,Worker,,1,run_1785020435_9dae48,,1337013985,disabled,Agent_7,0,
Agent_7,2,VOTE_TARGET,,0.003991,0.036186,judge_disabled,,8,0.22779437899589539,DAY_VOTE,1,,Worker,,1,run_1785020435_9dae48,,1337013985,disabled,Agent_2,0,
Agent_8,7,VOTE_TARGET,,0.000027,0.002973,judge_disabled,,8,0.19525566697120667,DAY_VOTE,1,,Worker,,1,run_1785020435_9dae48,,1337013985,disabled,Agent_7,0,
Agent_4,1,KILL_TARGET,,,,,,6,0.2702183127403259,NIGHT_KILL,2,,Werewolf,,1,run_1785020435_9dae48,,1337013985,disabled,,,
Agent_0,1,TALK_INTENT,,,,,,,0.39172276854515076,DAY_DISCUSS,0,,Worker,,2,run_1785020435_9dae48,,1337013985,disabled,,,
Agent_2,2,TALK_INTENT,,,,,,,0.4317970275878906,DAY_DISCUSS,0,,Worker,,2,run_1785020435_9dae48,,1337013985,disabled,,,
Agent_3,0,TALK_INTENT,,,,,,,0.1720457375049591,DAY_DISCUSS,0,,Worker,,2,run_1785020435_9dae48,,1337013985,disabled,,,
Agent_4,3,TALK_INTENT,,,,,,,0.2702183127403259,DAY_DISCUSS,0,,Werewolf,,2,run_1785020435_9dae48,,1337013985,disabled,,,
Agent_5,2,TALK_INTENT,,,,,,,0.35103756189346313,DAY_DISCUSS,0,,Werewolf,,2,run_1785020435_9dae48,,1337013985,disabled,,,
Agent_6,1,TALK_INTENT,,,,,,,0.11660865694284439,DAY_DISCUSS,0,,Worker,,2,run_1785020435_9dae48,,1337013985,disabled,,,
Agent_8,1,TALK_INTENT,,,,,,,0.19525566697120667,DAY_DISCUSS,0,,Worker,,2,run_1785020435_9dae48,,1337013985,disabled,,,
Agent_0,0,TALK_INTENT,,,,,,,0.39172276854515076,DAY_DISCUSS,0,,Worker,,2,run_1785020435_9dae48,,1337013985,disabled,,,
Agent_2,3,TALK_INTENT,,,,,,,0.4317970275878906,DAY_DISCUSS,0,,Worker,,2,run_1785020435_9dae48,,1337013985,disabled,,,
Agent_3,4,TALK_INTENT,,,,,,,0.1720457375049591,DAY_DISCUSS,0,,Worker,,2,run_1785020435_9dae48,,1337013985,disabled,,,
Agent_4,1,TALK_INTENT,,,,,,,0.2702183127403259,DAY_DISCUSS,0,,Werewolf,,2,run_1785020435_9dae48,,1337013985,disabled,,,
Agent_5,3,TALK_INTENT,,,,,,,0.35103756189346313,DAY_DISCUSS,0,,Werewolf,,2,run_1785020435_9dae48,,1337013985,disabled,,,
Agent_6,2,TALK_INTENT,,,,,,,0.11660865694284439,DAY_DISCUSS,0,,Worker,,2,run_1785020435_9dae48,,1337013985,disabled,,,
Agent_8,1,TALK_INTENT,,,,,,,0.19525566697120667,DAY_DISCUSS,0,,Worker,,2,run_1785020435_9dae48,,1337013985,disabled,,,
Agent_0,2,VOTE_TARGET,,0.004116,0.036786,judge_disabled,,6,0.39172276854515076,DAY_VOTE,1,,Worker,,2,run_1785020435_9dae48,,1337013985,disabled,Agent_2,0,
Agent_2,5,VOTE_TARGET,,0.004116,0.036786,judge_disabled,,6,0.4317970275878906,DAY_VOTE,1,,Worker,,2,run_1785020435_9dae48,,1337013985,disabled,Agent_5,1,
Agent_3,2,VOTE_TARGET,,0.000027,0.002976,judge_disabled,,6,0.1720457375049591,DAY_VOTE,1,,Worker,,2,run_1785020435_9dae48,,1337013985,disabled,Agent_2,0,
Agent_4,0,VOTE_TARGET,,0.000027,0.002972,judge_disabled,,6,0.2702183127403259,DAY_VOTE,1,,Werewolf,,2,run_1785020435_9dae48,,1337013985,disabled,Agent_0,0,
Agent_5,0,VOTE_TARGET,,0.000027,0.002972,judge_disabled,,6,0.35103756189346313,DAY_VOTE,1,,Werewolf,,2,run_1785020435_9dae48,,1337013985,disabled,Agent_0,0,
Agent_6,2,VOTE_TARGET,,0.000027,0.002976,judge_disabled,,6,0.11660865694284439,DAY_VOTE,1,,Worker,,2,run_1785020435_9dae48,,1337013985,disabled,Agent_2,0,
Agent_8,2,VOTE_TARGET,,0.000027,0.002976,judge_disabled,,6,0.19525566697120667,DAY_VOTE,1,,Worker,,2,run_1785020435_9dae48,,1337013985,disabled,Agent_2,0,
Agent_4,0,KILL_TARGET,,,,,,4,0.2702183127403259,NIGHT_KILL,2,,Werewolf,,2,run_1785020435_9dae48,,1337013985,disabled,,,
Agent_3,2,TALK_INTENT,,,,,,,0.1720457375049591,DAY_DISCUSS,0,,Worker,,3,run_1785020435_9dae48,,1337013985,disabled,,,
Agent_4,0,TALK_INTENT,,,,,,,0.2702183127403259,DAY_DISCUSS,0,,Werewolf,,3,run_1785020435_9dae48,,1337013985,disabled,,,
Agent_5,2,TALK_INTENT,,,,,,,0.35103756189346313,DAY_DISCUSS,0,,Werewolf,,3,run_1785020435_9dae48,,1337013985,disabled,,,
Agent_6,1,TALK_INTENT,,,,,,,0.11660865694284439,DAY_DISCUSS,0,,Worker,,3,run_1785020435_9dae48,,1337013985,disabled,,,
Agent_8,1,TALK_INTENT,,,,,,,0.19525566697120667,DAY_DISCUSS,0,,Worker,,3,run_1785020435_9dae48,,1337013985,disabled,,,
Agent_3,2,TALK_INTENT,,,,,,,0.1720457375049591,DAY_DISCUSS,0,,Worker,,3,run_1785020435_9dae48,,1337013985,disabled,,,
Agent_4,3,TALK_INTENT,,,,,,,0.2702183127403259,DAY_DISCUSS,0,,Werewolf,,3,run_1785020435_9dae48,,1337013985,disabled,,,
Agent_5,3,TALK_INTENT,,,,,,,0.35103756189346313,DAY_DISCUSS,0,,Werewolf,,3,run_1785020435_9dae48,,1337013985,disabled,,,
Agent_6,3,TALK_INTENT,,,,,,,0.11660865694284439,DAY_DISCUSS,0,,Worker,,3,run_1785020435_9dae48,,1337013985,disabled,,,
Agent_8,3,TALK_INTENT,,,,,,,0.19525566697120667,DAY_DISCUSS,0,,Worker,,3,run_1785020435_9dae48,,1337013985,disabled,,,
Agent_3,5,VOTE_TARGET,,0.000029,0.003081,judge_disabled,,4,0.1720457375049591,DAY_VOTE,1,,Worker,,3,run_1785020435_9dae48,,1337013985,disabled,Agent_5,1,
Agent_4,6,VOTE_TARGET,,0.000029,0.003065,judge_disabled,,4,0.2702183127403259,DAY_VOTE,1,,Werewolf,,3,run_1785020435_9dae48,,1337013985,disabled,Agent_6,0,
Agent_5,6,VOTE_TARGET,,0.004236,0.037324,judge_disabled,,4,0.35103756189346313,DAY_VOTE,1,,Werewolf,,3,run_1785020435_9dae48,,1337013985,disabled,Agent_6,0,
Agent_6,5,VOTE_TARGET,,0.004234,0.037317,judge_disabled,,4,0.11660865694284439,DAY_VOTE,1,,Worker,,3,run_1785020435_9dae48,,1337013985,disabled,Agent_5,1,
Agent_8,5,VOTE_TARGET,,0.000029,0.003081,judge_disabled,,4,0.19525566697120667,DAY_VOTE,1,,Worker,,3,run_1785020435_9dae48,,1337013985,disabled,Agent_5,1,
Agent_4,6,KILL_TARGET,,,,,,3,0.2702183127403259,NIGHT_KILL,2,,Werewolf,,3,run_1785020435_9dae48,,1337013985,disabled,,,
Agent_3,4,TALK_INTENT,,,,,,,0.1720457375049591,DAY_DISCUSS,0,,Worker,,4,run_1785020435_9dae48,,1337013985,disabled,,,
Agent_4,0,TALK_INTENT,,,,,,,0.2702183127403259,DAY_DISCUSS,0,,Werewolf,,4,run_1785020435_9dae48,,1337013985,disabled,,,
Agent_8,2,TALK_INTENT,,,,,,,0.19525566697120667,DAY_DISCUSS,0,,Worker,,4,run_1785020435_9dae48,,1337013985,disabled,,,
Agent_3,4,TALK_INTENT,,,,,,,0.1720457375049591,DAY_DISCUSS,0,,Worker,,4,run_1785020435_9dae48,,1337013985,disabled,,,
Agent_4,3,TALK_INTENT,,,,,,,0.2702183127403259,DAY_DISCUSS,0,,Werewolf,,4,run_1785020435_9dae48,,1337013985,disabled,,,
Agent_8,2,TALK_INTENT,,,,,,,0.19525566697120667,DAY_DISCUSS,0,,Worker,,4,run_1785020435_9dae48,,1337013985,disabled,,,
Agent_3,4,VOTE_TARGET,,0.000031,0.003145,judge_disabled,,2,0.1720457375049591,DAY_VOTE,1,,Worker,,4,run_1785020435_9dae48,,1337013985,disabled,Agent_4,1,
Agent_4,8,VOTE_TARGET,,0.000031,0.003139,judge_disabled,,2,0.2702183127403259,DAY_VOTE,1,,Werewolf,,4,run_1785020435_9dae48,,1337013985,disabled,Agent_8,0,
Agent_8,3,VOTE_TARGET,,0.004404,0.037954,judge_disabled,,2,0.19525566697120667,DAY_VOTE,1,,Worker,,4,run_1785020435_9dae48,,1337013985,disabled,Agent_3,0,
Agent_4,8,KILL_TARGET,,,,,,2,0.2702183127403259,NIGHT_KILL,2,,Werewolf,,4,run_1785020435_9dae48,,1337013985,disabled,,,
